2025-02-16 15:21:06:475	Fenix:updatePresets	debug	/sdcard/Download/TeleOpV5/PresetPositions.csv (No such file or directory)
2025-02-16 15:21:06:490	Fenix:PresetReading	debug	/sdcard/Download/teleop/PathConfiguration.csv (No such file or directory)
2025-02-16 15:21:06:821	Fenix:drivetrain	debug	0.0,-0.0,-0.0,-0.0,0.0,3.0,7.0,0.0
2025-02-16 15:21:06:850	Fenix:arm	debug	0.0,13.00000238416429,-0.0,3.0,0.03343810606567244,-0.0,3.0
2025-02-16 15:21:06:856	Fenix:endEffector	debug	0.0,0.0,0.0
2025-02-16 15:21:06:859	Fenix:stateModels	debug	START, START, START, START, START, START, START, START, START, START
2025-02-16 15:21:06:861	Fenix:buttonPresses	debug	0.0
2025-02-16 15:21:06:913	Fenix:drivetrain	debug	0.0,-0.0,-0.0,-0.0,3.0,0.0,3.0,3.0
2025-02-16 15:21:06:927	Fenix:arm	debug	0.0,13.00000238416429,-0.0,3.0,0.03343810606567244,-0.0,3.0
2025-02-16 15:21:06:930	Fenix:endEffector	debug	0.0,0.0,0.0
2025-02-16 15:21:06:932	Fenix:stateModels	debug	START, START, START, START, START, START, START, START, START, START
2025-02-16 15:21:06:934	Fenix:buttonPresses	debug	0.0
2025-02-16 15:21:06:984	Fenix:drivetrain	debug	0.0,-0.0,-0.0,-0.0,0.0,3.0,3.0,3.0
2025-02-16 15:21:06:999	Fenix:arm	debug	0.0,13.00000238416429,-0.0,3.0,0.03343810606567244,-0.0,0.0
2025-02-16 15:21:07:002	Fenix:endEffector	debug	0.0,0.0,0.0
2025-02-16 15:21:07:004	Fenix:stateModels	debug	START, START, START, START, START, START, START, START, START, START
2025-02-16 15:21:07:006	Fenix:buttonPresses	debug	0.0
2025-02-16 15:21:07:044	Fenix:drivetrain	debug	0.0,-0.0,-0.0,-0.0,0.0,0.0,3.0,3.0
2025-02-16 15:21:07:057	Fenix:arm	debug	0.0,13.00000238416429,-0.0,0.0,0.03343810606567244,-0.0,3.0
2025-02-16 15:21:07:059	Fenix:endEffector	debug	0.0,0.0,0.0
2025-02-16 15:21:07:061	Fenix:stateModels	debug	START, START, START, START, START, START, START, START, START, START
2025-02-16 15:21:07:063	Fenix:buttonPresses	debug	0.0
2025-02-16 15:21:07:100	Fenix:drivetrain	debug	0.0,-0.0,-0.0,-0.0,0.0,0.0,3.0,3.0
2025-02-16 15:21:07:113	Fenix:arm	debug	0.0,13.00000238416429,-0.0,3.0,0.03343810606567244,-0.0,0.0
2025-02-16 15:21:07:115	Fenix:endEffector	debug	0.0,0.0,0.0
2025-02-16 15:21:07:117	Fenix:stateModels	debug	START, START, START, START, START, START, START, START, START, START
2025-02-16 15:21:07:119	Fenix:buttonPresses	debug	0.0
2025-02-16 15:21:07:156	Fenix:drivetrain	debug	0.0,-0.0,-0.0,-0.0,3.0,0.0,3.0,0.0
2025-02-16 15:21:07:169	Fenix:arm	debug	0.0,13.00000238416429,-0.0,14.0,0.03343810606567244,-0.0,0.0
2025-02-16 15:21:07:171	Fenix:endEffector	debug	0.0,0.0,0.0
2025-02-16 15:21:07:173	Fenix:stateModels	debug	START, START, START, START, START, START, START, START, START, START
2025-02-16 15:21:07:175	Fenix:buttonPresses	debug	0.0
2025-02-16 15:21:07:208	Fenix:drivetrain	debug	0.0,-0.0,-0.0,-0.0,0.0,0.0,7.0,3.0
2025-02-16 15:21:07:220	Fenix:arm	debug	0.0,13.00000238416429,-0.0,3.0,0.03343810606567244,-0.0,0.0
2025-02-16 15:21:07:222	Fenix:endEffector	debug	0.0,0.0,0.0
2025-02-16 15:21:07:224	Fenix:stateModels	debug	START, START, START, START, START, START, START, START, START, START
2025-02-16 15:21:07:226	Fenix:buttonPresses	debug	0.0
2025-02-16 15:21:07:258	Fenix:drivetrain	debug	0.0,-0.0,-0.0,-0.0,3.0,3.0,3.0,3.0
2025-02-16 15:21:07:271	Fenix:arm	debug	0.0,13.00000238416429,-0.0,3.0,0.03343810606567244,-0.0,3.0
2025-02-16 15:21:07:274	Fenix:endEffector	debug	0.0,0.0,0.0
2025-02-16 15:21:07:276	Fenix:stateModels	debug	START, START, START, START, START, START, START, START, START, START
2025-02-16 15:21:07:277	Fenix:buttonPresses	debug	0.0
2025-02-16 15:21:07:325	Fenix:drivetrain	debug	0.0,-0.0,-0.0,-0.0,0.0,3.0,3.0,0.0
2025-02-16 15:21:07:340	Fenix:arm	debug	0.0,13.00000238416429,-0.0,3.0,0.03343810606567244,-0.0,0.0
2025-02-16 15:21:07:344	Fenix:endEffector	debug	0.0,0.0,0.0
2025-02-16 15:21:07:348	Fenix:stateModels	debug	START, START, START, START, START, START, START, START, START, START
2025-02-16 15:21:07:351	Fenix:buttonPresses	debug	0.0
2025-02-16 15:21:07:387	Fenix:drivetrain	debug	0.0,-0.0,-0.0,-0.0,0.0,3.0,3.0,3.0
2025-02-16 15:21:07:408	Fenix:arm	debug	0.0,13.00000238416429,-0.0,3.0,0.03343810606567244,-0.0,3.0
2025-02-16 15:21:07:412	Fenix:endEffector	debug	0.0,0.0,0.0
2025-02-16 15:21:07:414	Fenix:stateModels	debug	START, START, START, START, START, START, START, START, START, START
2025-02-16 15:21:07:416	Fenix:buttonPresses	debug	0.0
2025-02-16 15:21:07:456	Fenix:drivetrain	debug	0.0,-0.0,-0.0,-0.0,0.0,3.0,3.0,3.0
2025-02-16 15:21:07:470	Fenix:arm	debug	0.0,13.00000238416429,-0.0,3.0,0.03343810606567244,-0.0,3.0
2025-02-16 15:21:07:473	Fenix:endEffector	debug	0.0,0.0,0.0
2025-02-16 15:21:07:476	Fenix:stateModels	debug	START, START, START, START, START, START, START, START, START, START
2025-02-16 15:21:07:478	Fenix:buttonPresses	debug	0.0
2025-02-16 15:21:07:525	Fenix:drivetrain	debug	0.0,-0.0,-0.0,-0.0,0.0,3.0,3.0,3.0
2025-02-16 15:21:07:539	Fenix:arm	debug	0.0,13.00000238416429,-0.0,3.0,0.03343810606567244,-0.0,3.0
2025-02-16 15:21:07:542	Fenix:endEffector	debug	0.0,0.0,0.0
2025-02-16 15:21:07:544	Fenix:stateModels	debug	START, START, START, START, START, START, START, START, START, START
2025-02-16 15:21:07:546	Fenix:buttonPresses	debug	0.0
2025-02-16 15:21:07:582	Fenix:drivetrain	debug	0.0,-0.0,-0.0,-0.0,0.0,3.0,3.0,0.0
2025-02-16 15:21:07:596	Fenix:arm	debug	0.0,13.00000238416429,-0.0,3.0,0.03343810606567244,-0.0,0.0
2025-02-16 15:21:07:598	Fenix:endEffector	debug	0.0,0.0,0.0
2025-02-16 15:21:07:601	Fenix:stateModels	debug	START, START, START, START, START, START, START, START, START, START
2025-02-16 15:21:07:604	Fenix:buttonPresses	debug	0.0
2025-02-16 15:21:07:643	Fenix:drivetrain	debug	0.0,-0.0,-0.0,-0.0,3.0,3.0,3.0,3.0
2025-02-16 15:21:07:657	Fenix:arm	debug	0.0,13.00000238416429,-0.0,3.0,0.03343810606567244,-0.0,7.0
2025-02-16 15:21:07:660	Fenix:endEffector	debug	0.0,0.0,0.0
2025-02-16 15:21:07:662	Fenix:stateModels	debug	START, START, START, START, START, START, START, START, START, START
2025-02-16 15:21:07:664	Fenix:buttonPresses	debug	0.0
2025-02-16 15:21:07:701	Fenix:drivetrain	debug	0.0,-0.0,-0.0,-0.0,0.0,3.0,7.0,0.0
2025-02-16 15:21:07:714	Fenix:arm	debug	0.0,13.00000238416429,-0.0,3.0,0.03343810606567244,-0.0,3.0
2025-02-16 15:21:07:717	Fenix:endEffector	debug	0.0,0.0,0.0
2025-02-16 15:21:07:719	Fenix:stateModels	debug	START, START, START, START, START, START, START, START, START, START
2025-02-16 15:21:07:722	Fenix:buttonPresses	debug	0.0
2025-02-16 15:21:07:754	Fenix:drivetrain	debug	0.0,-0.0,-0.0,-0.0,3.0,3.0,7.0,3.0
2025-02-16 15:21:07:767	Fenix:arm	debug	0.0,13.00000238416429,-0.0,3.0,0.03343810606567244,-0.0,0.0
2025-02-16 15:21:07:769	Fenix:endEffector	debug	0.0,0.0,0.0
2025-02-16 15:21:07:770	Fenix:stateModels	debug	START, START, START, START, START, START, START, START, START, START
2025-02-16 15:21:07:772	Fenix:buttonPresses	debug	0.0
2025-02-16 15:21:07:803	Fenix:drivetrain	debug	0.0,-0.0,-0.0,-0.0,3.0,0.0,3.0,3.0
2025-02-16 15:21:07:815	Fenix:arm	debug	0.0,13.00000238416429,-0.0,3.0,0.03343810606567244,-0.0,0.0
2025-02-16 15:21:07:819	Fenix:endEffector	debug	0.0,0.0,0.0
2025-02-16 15:21:07:821	Fenix:stateModels	debug	START, START, START, START, START, START, START, START, START, START
2025-02-16 15:21:07:823	Fenix:buttonPresses	debug	0.0
2025-02-16 15:21:07:875	Fenix:drivetrain	debug	0.0,-0.0,-0.0,-0.0,0.0,0.0,3.0,0.0
2025-02-16 15:21:07:888	Fenix:arm	debug	0.0,13.00000238416429,-0.0,3.0,0.03343810606567244,-0.0,0.0
2025-02-16 15:21:07:893	Fenix:endEffector	debug	0.0,0.0,0.0
2025-02-16 15:21:07:896	Fenix:stateModels	debug	START, START, START, START, START, START, START, START, START, START
2025-02-16 15:21:07:899	Fenix:buttonPresses	debug	0.0
2025-02-16 15:21:07:939	Fenix:drivetrain	debug	0.0,-0.0,-0.0,-0.0,0.0,0.0,7.0,0.0
2025-02-16 15:21:07:959	Fenix:arm	debug	0.0,13.00000238416429,-0.0,3.0,0.03343810606567244,-0.0,0.0
2025-02-16 15:21:07:963	Fenix:endEffector	debug	0.0,0.0,0.0
2025-02-16 15:21:07:965	Fenix:stateModels	debug	START, START, START, START, START, START, START, START, START, START
2025-02-16 15:21:07:967	Fenix:buttonPresses	debug	0.0
2025-02-16 15:21:08:013	Fenix:drivetrain	debug	0.0,-0.0,-0.0,-0.0,0.0,0.0,3.0,0.0
2025-02-16 15:21:08:026	Fenix:arm	debug	0.0,13.00000238416429,-0.0,3.0,0.03343810606567244,-0.0,3.0
2025-02-16 15:21:08:028	Fenix:endEffector	debug	0.0,0.0,0.0
2025-02-16 15:21:08:030	Fenix:stateModels	debug	START, START, START, START, START, START, START, START, START, START
2025-02-16 15:21:08:031	Fenix:buttonPresses	debug	0.0
2025-02-16 15:21:08:071	Fenix:drivetrain	debug	0.0,-0.0,-0.0,-0.0,3.0,3.0,3.0,0.0
2025-02-16 15:21:08:082	Fenix:arm	debug	0.0,13.00000238416429,-0.0,3.0,0.03343810606567244,-0.0,0.0
2025-02-16 15:21:08:083	Fenix:endEffector	debug	0.0,0.0,0.0
2025-02-16 15:21:08:085	Fenix:stateModels	debug	START, START, START, START, START, START, START, START, START, START
2025-02-16 15:21:08:086	Fenix:buttonPresses	debug	0.0
2025-02-16 15:21:08:115	Fenix:drivetrain	debug	0.0,-0.0,-0.0,-0.0,3.0,3.0,3.0,0.0
2025-02-16 15:21:08:128	Fenix:arm	debug	0.0,13.00000238416429,-0.0,3.0,0.03343810606567244,-0.0,3.0
2025-02-16 15:21:08:130	Fenix:endEffector	debug	0.0,0.0,0.0
2025-02-16 15:21:08:131	Fenix:stateModels	debug	START, START, START, START, START, START, START, START, START, START
2025-02-16 15:21:08:133	Fenix:buttonPresses	debug	0.0
2025-02-16 15:21:08:164	Fenix:drivetrain	debug	0.0,-0.0,-0.0,-0.0,3.0,3.0,3.0,3.0
2025-02-16 15:21:08:176	Fenix:arm	debug	0.0,13.00000238416429,-0.0,3.0,0.03343810606567244,-0.0,3.0
2025-02-16 15:21:08:178	Fenix:endEffector	debug	0.0,0.0,0.0
2025-02-16 15:21:08:180	Fenix:stateModels	debug	START, START, START, START, START, START, START, START, START, START
2025-02-16 15:21:08:181	Fenix:buttonPresses	debug	0.0
2025-02-16 15:21:08:212	Fenix:drivetrain	debug	0.0,-0.0,-0.0,-0.0,3.0,3.0,3.0,3.0
2025-02-16 15:21:08:224	Fenix:arm	debug	0.0,13.00000238416429,-0.0,3.0,0.03343810606567244,-0.0,0.0
2025-02-16 15:21:08:226	Fenix:endEffector	debug	0.0,0.0,0.0
2025-02-16 15:21:08:227	Fenix:stateModels	debug	START, START, START, START, START, START, START, START, START, START
2025-02-16 15:21:08:229	Fenix:buttonPresses	debug	0.0
2025-02-16 15:21:08:260	Fenix:drivetrain	debug	0.0,-0.0,-0.0,-0.0,3.0,3.0,3.0,3.0
2025-02-16 15:21:08:272	Fenix:arm	debug	0.0,13.00000238416429,-0.0,3.0,0.03343810606567244,-0.0,3.0
2025-02-16 15:21:08:274	Fenix:endEffector	debug	0.0,0.0,0.0
2025-02-16 15:21:08:277	Fenix:stateModels	debug	START, START, START, START, START, START, START, START, START, START
2025-02-16 15:21:08:278	Fenix:buttonPresses	debug	0.0
2025-02-16 15:21:08:310	Fenix:drivetrain	debug	0.0,-0.0,-0.0,-0.0,0.0,0.0,3.0,0.0
2025-02-16 15:21:08:322	Fenix:arm	debug	0.0,13.00000238416429,-0.0,3.0,0.03343810606567244,-0.0,0.0
2025-02-16 15:21:08:325	Fenix:endEffector	debug	0.0,0.0,0.0
2025-02-16 15:21:08:327	Fenix:stateModels	debug	START, START, START, START, START, START, START, START, START, START
2025-02-16 15:21:08:329	Fenix:buttonPresses	debug	0.0
2025-02-16 15:21:08:374	Fenix:drivetrain	debug	0.0,-0.0,-0.0,-0.0,0.0,0.0,3.0,3.0
2025-02-16 15:21:08:386	Fenix:arm	debug	0.0,13.00000238416429,-0.0,3.0,0.03343810606567244,-0.0,0.0
2025-02-16 15:21:08:388	Fenix:endEffector	debug	0.0,0.0,0.0
2025-02-16 15:21:08:390	Fenix:stateModels	debug	START, START, START, START, START, START, START, START, START, START
2025-02-16 15:21:08:392	Fenix:buttonPresses	debug	0.0
2025-02-16 15:21:08:430	Fenix:drivetrain	debug	0.0,-0.0,-0.0,-0.0,0.0,0.0,3.0,0.0
2025-02-16 15:21:08:444	Fenix:arm	debug	0.0,13.00000238416429,-0.0,3.0,0.03343810606567244,-0.0,3.0
2025-02-16 15:21:08:448	Fenix:endEffector	debug	0.0,0.0,0.0
2025-02-16 15:21:08:449	Fenix:stateModels	debug	START, START, START, START, START, START, START, START, START, START
2025-02-16 15:21:08:451	Fenix:buttonPresses	debug	0.0
2025-02-16 15:21:08:481	Fenix:drivetrain	debug	0.0,-0.0,-0.0,-0.0,0.0,0.0,3.0,0.0
2025-02-16 15:21:08:500	Fenix:arm	debug	0.0,13.00000238416429,-0.0,3.0,0.03343810606567244,-0.0,0.0
2025-02-16 15:21:08:503	Fenix:endEffector	debug	0.0,0.0,0.0
2025-02-16 15:21:08:505	Fenix:stateModels	debug	START, START, START, START, START, START, START, START, START, START
2025-02-16 15:21:08:506	Fenix:buttonPresses	debug	0.0
2025-02-16 15:21:08:540	Fenix:drivetrain	debug	0.0,-0.0,-0.0,-0.0,3.0,3.0,7.0,3.0
2025-02-16 15:21:08:552	Fenix:arm	debug	0.0,13.00000238416429,-0.0,3.0,0.03343810606567244,-0.0,0.0
2025-02-16 15:21:08:554	Fenix:endEffector	debug	0.0,0.0,0.0
2025-02-16 15:21:08:556	Fenix:stateModels	debug	START, START, START, START, START, START, START, START, START, START
2025-02-16 15:21:08:558	Fenix:buttonPresses	debug	0.0
2025-02-16 15:21:08:598	Fenix:drivetrain	debug	0.0,-0.0,-0.0,-0.0,3.0,3.0,3.0,3.0
2025-02-16 15:21:08:611	Fenix:arm	debug	0.0,13.00000238416429,-0.0,3.0,0.03343810606567244,-0.0,3.0
2025-02-16 15:21:08:613	Fenix:endEffector	debug	0.0,0.0,0.0
2025-02-16 15:21:08:615	Fenix:stateModels	debug	START, START, START, START, START, START, START, START, START, START
2025-02-16 15:21:08:616	Fenix:buttonPresses	debug	0.0
2025-02-16 15:21:08:648	Fenix:drivetrain	debug	0.0,-0.0,-0.0,-0.0,0.0,3.0,7.0,3.0
2025-02-16 15:21:08:660	Fenix:arm	debug	0.0,13.00000238416429,-0.0,3.0,0.03343810606567244,-0.0,3.0
2025-02-16 15:21:08:661	Fenix:endEffector	debug	0.0,0.0,0.0
2025-02-16 15:21:08:663	Fenix:stateModels	debug	START, START, START, START, START, START, START, START, START, START
2025-02-16 15:21:08:665	Fenix:buttonPresses	debug	0.0
2025-02-16 15:21:08:696	Fenix:drivetrain	debug	0.0,-0.0,-0.0,-0.0,3.0,0.0,3.0,0.0
2025-02-16 15:21:08:708	Fenix:arm	debug	0.0,13.00000238416429,-0.0,3.0,0.03343810606567244,-0.0,0.0
2025-02-16 15:21:08:710	Fenix:endEffector	debug	0.0,0.0,0.0
2025-02-16 15:21:08:712	Fenix:stateModels	debug	START, START, START, START, START, START, START, START, START, START
2025-02-16 15:21:08:713	Fenix:buttonPresses	debug	0.0
2025-02-16 15:21:08:743	Fenix:drivetrain	debug	0.0,-0.0,-0.0,-0.0,3.0,3.0,3.0,3.0
2025-02-16 15:21:08:757	Fenix:arm	debug	0.0,13.00000238416429,-0.0,3.0,0.03343810606567244,-0.0,0.0
2025-02-16 15:21:08:759	Fenix:endEffector	debug	0.0,0.0,0.0
2025-02-16 15:21:08:760	Fenix:stateModels	debug	START, START, START, START, START, START, START, START, START, START
2025-02-16 15:21:08:762	Fenix:buttonPresses	debug	0.0
2025-02-16 15:21:08:793	Fenix:drivetrain	debug	0.0,-0.0,-0.0,-0.0,0.0,0.0,3.0,3.0
2025-02-16 15:21:08:805	Fenix:arm	debug	0.0,13.00000238416429,-0.0,3.0,0.03343810606567244,-0.0,0.0
2025-02-16 15:21:08:807	Fenix:endEffector	debug	0.0,0.0,0.0
2025-02-16 15:21:08:809	Fenix:stateModels	debug	START, START, START, START, START, START, START, START, START, START
2025-02-16 15:21:08:811	Fenix:buttonPresses	debug	0.0
2025-02-16 15:21:08:871	Fenix:drivetrain	debug	0.0,-0.0,-0.0,-0.0,0.0,3.0,3.0,3.0
2025-02-16 15:21:08:886	Fenix:arm	debug	0.0,13.000402933371642,-0.0,3.0,0.5015715909850866,1.0,1078.0
2025-02-16 15:21:08:890	Fenix:endEffector	debug	0.0,0.0,0.0
2025-02-16 15:21:08:891	Fenix:stateModels	debug	START, START, START, START, START, START, START, START, START, START
2025-02-16 15:21:08:893	Fenix:buttonPresses	debug	0.0
2025-02-16 15:21:08:944	Fenix:drivetrain	debug	0.0,-0.0,-0.0,-0.0,3.0,3.0,3.0,3.0
2025-02-16 15:21:08:959	Fenix:arm	debug	0.0,13.00887616118625,-0.0,3.0,2.1400387882030363,1.0,134.0
2025-02-16 15:21:08:963	Fenix:endEffector	debug	0.0,0.0,0.0
2025-02-16 15:21:08:965	Fenix:stateModels	debug	START, START, START, START, START, START, START, START, START, START
2025-02-16 15:21:08:967	Fenix:buttonPresses	debug	0.0
2025-02-16 15:21:09:009	Fenix:drivetrain	debug	0.0,-0.0,-0.0,-0.0,0.0,3.0,3.0,3.0
2025-02-16 15:21:09:022	Fenix:arm	debug	0.0,13.019766490494506,-0.0,3.0,3.1431819701732095,1.0,605.0
2025-02-16 15:21:09:026	Fenix:endEffector	debug	0.0,0.0,0.0
2025-02-16 15:21:09:027	Fenix:stateModels	debug	START, START, START, START, START, START, START, START, START, START
2025-02-16 15:21:09:029	Fenix:buttonPresses	debug	0.0
2025-02-16 15:21:09:068	Fenix:drivetrain	debug	0.0,-0.0,-0.0,-0.0,3.0,0.0,7.0,0.0
2025-02-16 15:21:09:079	Fenix:arm	debug	0.0,13.036739068225947,-0.0,3.0,4.2132013642747275,1.0,196.0
2025-02-16 15:21:09:081	Fenix:endEffector	debug	0.0,0.0,0.0
2025-02-16 15:21:09:082	Fenix:stateModels	debug	START, START, START, START, START, START, START, START, START, START
2025-02-16 15:21:09:083	Fenix:buttonPresses	debug	0.0
2025-02-16 15:21:09:133	Fenix:drivetrain	debug	0.0,-0.0,-0.0,-0.0,3.0,3.0,7.0,0.0
2025-02-16 15:21:09:146	Fenix:arm	debug	0.0,13.059729859100578,-0.0,3.0,5.3500969705075905,1.0,193.0
2025-02-16 15:21:09:148	Fenix:endEffector	debug	0.0,0.0,0.0
2025-02-16 15:21:09:150	Fenix:stateModels	debug	START, START, START, START, START, START, START, START, START, START
2025-02-16 15:21:09:151	Fenix:buttonPresses	debug	0.0
2025-02-16 15:21:09:191	Fenix:drivetrain	debug	0.0,-0.0,-0.0,-0.0,0.0,7.0,3.0,0.0
2025-02-16 15:21:09:204	Fenix:arm	debug	0.0,13.088351978495673,-0.0,3.0,6.4869925767404535,1.0,320.0
2025-02-16 15:21:09:205	Fenix:endEffector	debug	0.0,0.0,0.0
2025-02-16 15:21:09:207	Fenix:stateModels	debug	START, START, START, START, START, START, START, START, START, START
2025-02-16 15:21:09:208	Fenix:buttonPresses	debug	0.0
2025-02-16 15:21:09:248	Fenix:drivetrain	debug	0.0,-0.0,-0.0,-0.0,0.0,3.0,3.0,3.0
2025-02-16 15:21:09:260	Fenix:arm	debug	0.0,13.128191955397384,-0.0,3.0,7.824516819367352,1.0,280.0
2025-02-16 15:21:09:262	Fenix:endEffector	debug	0.0,0.0,0.0
2025-02-16 15:21:09:264	Fenix:stateModels	debug	START, START, START, START, START, START, START, START, START, START
2025-02-16 15:21:09:265	Fenix:buttonPresses	debug	0.0
2025-02-16 15:21:09:308	Fenix:drivetrain	debug	0.0,-0.0,-0.0,-0.0,3.0,3.0,3.0,3.0
2025-02-16 15:21:09:322	Fenix:arm	debug	0.0,13.1849478789425,-0.0,3.0,9.396107804453957,1.0,317.0
2025-02-16 15:21:09:324	Fenix:endEffector	debug	0.0,0.0,0.0
2025-02-16 15:21:09:326	Fenix:stateModels	debug	START, START, START, START, START, START, START, START, START, START
2025-02-16 15:21:09:328	Fenix:buttonPresses	debug	0.0
2025-02-16 15:21:09:394	Fenix:drivetrain	debug	0.0,-0.0,-0.0,-0.0,3.0,3.0,3.0,3.0
2025-02-16 15:21:09:408	Fenix:arm	debug	0.0,13.285255243812177,-0.0,3.0,11.603022804788337,1.0,116.0
2025-02-16 15:21:09:413	Fenix:endEffector	debug	0.0,0.0,0.0
2025-02-16 15:21:09:416	Fenix:stateModels	debug	START, START, START, START, START, START, START, START, START, START
2025-02-16 15:21:09:419	Fenix:buttonPresses	debug	0.0
2025-02-16 15:21:09:475	Fenix:drivetrain	debug	0.0,-0.0,-0.0,-0.0,0.0,3.0,3.0,3.0
2025-02-16 15:21:09:489	Fenix:arm	debug	0.0,13.378440800546894,-0.0,0.0,13.27492810807196,1.0,72.0
2025-02-16 15:21:09:492	Fenix:endEffector	debug	0.0,0.0,0.0
2025-02-16 15:21:09:494	Fenix:stateModels	debug	START, START, START, START, START, START, START, START, START, START
2025-02-16 15:21:09:496	Fenix:buttonPresses	debug	0.0
2025-02-16 15:21:09:536	Fenix:drivetrain	debug	0.0,-0.0,-0.0,-0.0,0.0,3.0,3.0,3.0
2025-02-16 15:21:09:550	Fenix:arm	debug	0.0,13.450543868783354,-0.0,3.0,14.445261820370495,1.0,422.0
2025-02-16 15:21:09:554	Fenix:endEffector	debug	0.0,0.0,0.0
2025-02-16 15:21:09:555	Fenix:stateModels	debug	START, START, START, START, START, START, START, START, START, START
2025-02-16 15:21:09:557	Fenix:buttonPresses	debug	0.0
2025-02-16 15:21:09:603	Fenix:drivetrain	debug	0.0,-0.0,-0.0,-0.0,3.0,0.0,7.0,0.0
2025-02-16 15:21:09:615	Fenix:arm	debug	0.0,13.550884033270213,-0.0,7.0,15.916538487260082,1.0,761.0
2025-02-16 15:21:09:618	Fenix:endEffector	debug	0.0,0.0,0.0
2025-02-16 15:21:09:620	Fenix:stateModels	debug	START, START, START, START, START, START, START, START, START, START
2025-02-16 15:21:09:621	Fenix:buttonPresses	debug	0.0
2025-02-16 15:21:09:670	Fenix:drivetrain	debug	0.0,-0.0,-0.0,-0.0,3.0,0.0,3.0,3.0
2025-02-16 15:21:09:683	Fenix:arm	debug	0.0,13.681151245445728,-0.0,3.0,17.621881896609377,1.0,885.0
2025-02-16 15:21:09:685	Fenix:endEffector	debug	0.0,0.0,0.0
2025-02-16 15:21:09:686	Fenix:stateModels	debug	START, START, START, START, START, START, START, START, START, START
2025-02-16 15:21:09:688	Fenix:buttonPresses	debug	0.0
2025-02-16 15:21:09:733	Fenix:drivetrain	debug	0.0,-0.0,-0.0,-0.0,3.0,3.0,3.0,3.0
2025-02-16 15:21:09:746	Fenix:arm	debug	0.0,13.8060529387274,-0.0,3.0,19.059720457433293,1.0,236.0
2025-02-16 15:21:09:748	Fenix:endEffector	debug	0.0,0.0,0.0
2025-02-16 15:21:09:750	Fenix:stateModels	debug	START, START, START, START, START, START, START, START, START, START
2025-02-16 15:21:09:752	Fenix:buttonPresses	debug	0.0
2025-02-16 15:21:09:796	Fenix:drivetrain	debug	0.0,-0.0,-0.0,-0.0,3.0,3.0,7.0,3.0
2025-02-16 15:21:09:808	Fenix:arm	debug	0.0,13.939784305106294,-0.0,7.0,20.56443523038855,1.0,623.0
2025-02-16 15:21:09:811	Fenix:endEffector	debug	0.0,0.0,0.0
2025-02-16 15:21:09:813	Fenix:stateModels	debug	START, START, START, START, START, START, START, START, START, START
2025-02-16 15:21:09:814	Fenix:buttonPresses	debug	0.0
2025-02-16 15:21:09:857	Fenix:drivetrain	debug	0.0,-0.0,-0.0,-0.0,3.0,0.0,3.0,0.0
2025-02-16 15:21:09:874	Fenix:arm	debug	0.0,14.10329272647874,-0.0,7.0,22.16946432154083,1.0,918.0
2025-02-16 15:21:09:876	Fenix:endEffector	debug	0.0,0.0,0.0
2025-02-16 15:21:09:877	Fenix:stateModels	debug	START, START, START, START, START, START, START, START, START, START
2025-02-16 15:21:09:879	Fenix:buttonPresses	debug	0.0
2025-02-16 15:21:09:927	Fenix:drivetrain	debug	0.0,-0.0,-0.0,-0.0,3.0,0.0,3.0,0.0
2025-02-16 15:21:09:938	Fenix:arm	debug	0.0,14.282544379380026,-0.0,3.0,23.70761720056176,1.0,528.0
2025-02-16 15:21:09:941	Fenix:endEffector	debug	0.0,0.0,0.0
2025-02-16 15:21:09:943	Fenix:stateModels	debug	START, START, START, START, START, START, START, START, START, START
2025-02-16 15:21:09:945	Fenix:buttonPresses	debug	0.0
2025-02-16 15:21:10:001	Fenix:drivetrain	debug	0.0,-0.0,-0.0,-0.0,3.0,0.0,3.0,3.0
2025-02-16 15:21:10:015	Fenix:arm	debug	0.0,14.495492676351327,-0.0,3.0,25.546713034173745,1.0,1082.0
2025-02-16 15:21:10:019	Fenix:endEffector	debug	0.0,0.0,0.0
2025-02-16 15:21:10:021	Fenix:stateModels	debug	START, START, START, START, START, START, START, START, START, START
2025-02-16 15:21:10:023	Fenix:buttonPresses	debug	0.0
2025-02-16 15:21:10:064	Fenix:drivetrain	debug	0.0,-0.0,-0.0,-0.0,3.0,0.0,3.0,3.0
2025-02-16 15:21:10:078	Fenix:arm	debug	0.0,14.701088703428217,-0.0,3.0,26.98455159499766,1.0,535.0
2025-02-16 15:21:10:081	Fenix:endEffector	debug	0.0,0.0,0.0
2025-02-16 15:21:10:083	Fenix:stateModels	debug	START, START, START, START, START, START, START, START, START, START
2025-02-16 15:21:10:084	Fenix:buttonPresses	debug	0.0
2025-02-16 15:21:10:126	Fenix:drivetrain	debug	0.0,-0.0,-0.0,-0.0,3.0,0.0,3.0,0.0
2025-02-16 15:21:10:139	Fenix:arm	debug	0.0,14.868960104557848,-0.0,3.0,28.188323413361868,1.0,1472.0
2025-02-16 15:21:10:141	Fenix:endEffector	debug	0.0,0.0,0.0
2025-02-16 15:21:10:144	Fenix:stateModels	debug	START, START, START, START, START, START, START, START, START, START
2025-02-16 15:21:10:146	Fenix:buttonPresses	debug	0.0
2025-02-16 15:21:10:193	Fenix:drivetrain	debug	0.0,-0.0,-0.0,-0.0,3.0,3.0,3.0,3.0
2025-02-16 15:21:10:206	Fenix:arm	debug	0.0,15.110830506472702,-0.0,3.0,29.726476292382802,1.0,1301.0
2025-02-16 15:21:10:207	Fenix:endEffector	debug	0.0,0.0,0.0
2025-02-16 15:21:10:209	Fenix:stateModels	debug	START, START, START, START, START, START, START, START, START, START
2025-02-16 15:21:10:210	Fenix:buttonPresses	debug	0.0
2025-02-16 15:21:10:248	Fenix:drivetrain	debug	0.0,-0.0,-0.0,-0.0,3.0,3.0,3.0,3.0
2025-02-16 15:21:10:259	Fenix:arm	debug	0.0,15.338106380138289,-0.0,3.0,31.130876747141045,1.0,1636.0
2025-02-16 15:21:10:261	Fenix:endEffector	debug	0.0,0.0,0.0
2025-02-16 15:21:10:262	Fenix:stateModels	debug	START, START, START, START, START, START, START, START, START, START
2025-02-16 15:21:10:264	Fenix:buttonPresses	debug	0.0
2025-02-16 15:21:10:302	Fenix:drivetrain	debug	0.0,-0.0,-0.0,-0.0,0.0,0.0,3.0,3.0
2025-02-16 15:21:10:316	Fenix:arm	debug	0.0,15.618549098775944,-0.0,3.0,32.702467732227646,1.0,1570.0
2025-02-16 15:21:10:319	Fenix:endEffector	debug	0.0,0.0,0.0
2025-02-16 15:21:10:321	Fenix:stateModels	debug	START, START, START, START, START, START, START, START, START, START
2025-02-16 15:21:10:323	Fenix:buttonPresses	debug	0.0
2025-02-16 15:21:10:366	Fenix:drivetrain	debug	0.0,-0.0,-0.0,-0.0,3.0,3.0,3.0,3.0
2025-02-16 15:21:10:385	Fenix:arm	debug	0.0,15.941905010422087,-0.0,3.0,34.340934929445595,1.0,765.0
2025-02-16 15:21:10:389	Fenix:endEffector	debug	0.0,0.0,0.0
2025-02-16 15:21:10:391	Fenix:stateModels	debug	START, START, START, START, START, START, START, START, START, START
2025-02-16 15:21:10:394	Fenix:buttonPresses	debug	0.0
2025-02-16 15:21:10:448	Fenix:drivetrain	debug	0.0,-0.0,-0.0,-0.0,3.0,3.0,3.0,3.0
2025-02-16 15:21:10:462	Fenix:arm	debug	0.0,16.337236182416955,-0.0,3.0,36.24690697518893,1.0,1727.0
2025-02-16 15:21:10:466	Fenix:endEffector	debug	0.0,0.0,0.0
2025-02-16 15:21:10:468	Fenix:stateModels	debug	START, START, START, START, START, START, START, START, START, START
2025-02-16 15:21:10:471	Fenix:buttonPresses	debug	0.0
2025-02-16 15:21:10:532	Fenix:drivetrain	debug	0.0,-0.0,-0.0,-0.0,0.0,0.0,3.0,3.0
2025-02-16 15:21:10:549	Fenix:arm	debug	0.0,16.73856446795295,-0.0,3.0,37.952250384538225,1.0,1410.0
2025-02-16 15:21:10:557	Fenix:endEffector	debug	0.0,0.0,0.0
2025-02-16 15:21:10:560	Fenix:stateModels	debug	START, START, START, START, START, START, START, START, START, START
2025-02-16 15:21:10:563	Fenix:buttonPresses	debug	0.0
2025-02-16 15:21:10:608	Fenix:drivetrain	debug	0.0,-0.0,-0.0,-0.0,0.0,0.0,3.0,3.0
2025-02-16 15:21:10:622	Fenix:arm	debug	0.0,17.273554563397063,-0.0,3.0,40.12572727880693,1.0,2063.0
2025-02-16 15:21:10:627	Fenix:endEffector	debug	0.0,0.0,0.0
2025-02-16 15:21:10:629	Fenix:stateModels	debug	START, START, START, START, START, START, START, START, START, START
2025-02-16 15:21:10:631	Fenix:buttonPresses	debug	0.0
2025-02-16 15:21:10:682	Fenix:drivetrain	debug	0.0,-0.0,-0.0,-0.0,0.0,0.0,3.0,0.0
2025-02-16 15:21:10:695	Fenix:arm	debug	0.0,17.769463604869603,-0.0,3.0,41.831070688156224,1.0,1286.0
2025-02-16 15:21:10:697	Fenix:endEffector	debug	0.0,0.0,0.0
2025-02-16 15:21:10:699	Fenix:stateModels	debug	START, START, START, START, START, START, START, START, START, START
2025-02-16 15:21:10:701	Fenix:buttonPresses	debug	0.0
2025-02-16 15:21:10:754	Fenix:drivetrain	debug	0.0,-0.0,-0.0,-0.0,3.0,0.0,3.0,0.0
2025-02-16 15:21:10:770	Fenix:arm	debug	0.0,18.387447261911834,-0.0,3.0,43.90423326422792,1.0,1993.0
2025-02-16 15:21:10:774	Fenix:endEffector	debug	0.0,0.0,0.0
2025-02-16 15:21:10:779	Fenix:stateModels	debug	START, START, START, START, START, START, START, START, START, START
2025-02-16 15:21:10:781	Fenix:buttonPresses	debug	0.0
2025-02-16 15:21:10:828	Fenix:drivetrain	debug	0.0,-0.0,-0.0,-0.0,0.0,3.0,3.0,3.0
2025-02-16 15:21:10:843	Fenix:arm	debug	0.0,18.95364711113423,-0.0,3.0,45.54270046144587,1.0,1326.0
2025-02-16 15:21:10:846	Fenix:endEffector	debug	0.0,0.0,0.0
2025-02-16 15:21:10:848	Fenix:stateModels	debug	START, START, START, START, START, START, START, START, START, START
2025-02-16 15:21:10:851	Fenix:buttonPresses	debug	0.0
2025-02-16 15:21:10:898	Fenix:drivetrain	debug	0.0,-0.0,-0.0,-0.0,0.0,3.0,3.0,3.0
2025-02-16 15:21:10:919	Fenix:arm	debug	0.0,19.67611473224928,-0.0,3.0,47.51554871932054,1.0,1906.0
2025-02-16 15:21:10:921	Fenix:endEffector	debug	0.0,0.0,0.0
2025-02-16 15:21:10:924	Fenix:stateModels	debug	START, START, START, START, START, START, START, START, START, START
2025-02-16 15:21:10:926	Fenix:buttonPresses	debug	0.0
2025-02-16 15:21:10:978	Fenix:drivetrain	debug	0.0,-0.0,-0.0,-0.0,0.0,0.0,3.0,3.0
2025-02-16 15:21:10:992	Fenix:arm	debug	0.0,20.4783961550914,-0.0,3.0,49.388082658998194,1.0,1242.0
2025-02-16 15:21:10:996	Fenix:endEffector	debug	0.0,0.0,0.0
2025-02-16 15:21:10:999	Fenix:stateModels	debug	START, START, START, START, START, START, START, START, START, START
2025-02-16 15:21:11:001	Fenix:buttonPresses	debug	0.0
2025-02-16 15:21:11:055	Fenix:drivetrain	debug	0.0,-0.0,-0.0,-0.0,3.0,0.0,3.0,0.0
2025-02-16 15:21:11:070	Fenix:arm	debug	0.0,21.372117073710644,-0.0,3.0,51.427807129004215,1.0,2114.0
2025-02-16 15:21:11:074	Fenix:endEffector	debug	0.0,0.0,0.0
2025-02-16 15:21:11:076	Fenix:stateModels	debug	START, START, START, START, START, START, START, START, START, START
2025-02-16 15:21:11:078	Fenix:buttonPresses	debug	0.0
2025-02-16 15:21:11:158	Fenix:drivetrain	debug	0.0,-0.0,-0.0,-0.0,3.0,3.0,3.0,0.0
2025-02-16 15:21:11:172	Fenix:arm	debug	0.0,23.130888596422572,1.0,3.0,54.70474152344011,1.0,1224.0
2025-02-16 15:21:11:177	Fenix:endEffector	debug	0.0,0.0,0.0
2025-02-16 15:21:11:180	Fenix:stateModels	debug	START, START, START, START, START, START, START, START, START, START
2025-02-16 15:21:11:182	Fenix:buttonPresses	debug	0.0
2025-02-16 15:21:11:229	Fenix:drivetrain	debug	0.0,-0.0,-0.0,-0.0,0.0,3.0,3.0,3.0
2025-02-16 15:21:11:243	Fenix:arm	debug	0.0,23.869872630611393,1.0,3.0,55.774760917541634,1.0,1133.0
2025-02-16 15:21:11:246	Fenix:endEffector	debug	0.0,0.0,0.0
2025-02-16 15:21:11:248	Fenix:stateModels	debug	START, START, START, START, START, START, START, START, START, START
2025-02-16 15:21:11:250	Fenix:buttonPresses	debug	0.0
2025-02-16 15:21:11:307	Fenix:drivetrain	debug	0.0,-0.0,-0.0,-0.0,3.0,0.0,7.0,0.0
2025-02-16 15:21:11:321	Fenix:arm	debug	-0.012288054616384917,25.33191919034745,1.0,153.0,57.98167591787601,1.0,1727.0
2025-02-16 15:21:11:323	Fenix:endEffector	debug	0.0,0.0,0.0
2025-02-16 15:21:11:325	Fenix:stateModels	debug	START, START, START, START, START, START, START, START, START, START
2025-02-16 15:21:11:327	Fenix:buttonPresses	debug	0.0
2025-02-16 15:21:11:371	Fenix:drivetrain	debug	0.0,-0.0,-0.0,-0.0,0.0,0.0,3.0,3.0
2025-02-16 15:21:11:385	Fenix:arm	debug	-0.012288054616384917,26.464295364165707,1.0,193.0,59.519828796896945,1.0,2690.0
2025-02-16 15:21:11:387	Fenix:endEffector	debug	0.0,0.0,0.0
2025-02-16 15:21:11:390	Fenix:stateModels	debug	START, START, START, START, START, START, START, START, START, START
2025-02-16 15:21:11:391	Fenix:buttonPresses	debug	0.0
2025-02-16 15:21:11:456	Fenix:drivetrain	debug	0.0,-0.0,-0.0,-0.0,0.0,0.0,3.0,3.0
2025-02-16 15:21:11:468	Fenix:arm	debug	-0.012288054616384917,28.782457701087104,1.0,204.0,62.06112485788805,1.0,1982.0
2025-02-16 15:21:11:471	Fenix:endEffector	debug	0.0,0.0,0.0
2025-02-16 15:21:11:473	Fenix:stateModels	debug	START, START, START, START, START, START, START, START, START, START
2025-02-16 15:21:11:475	Fenix:buttonPresses	debug	0.0
2025-02-16 15:21:11:517	Fenix:drivetrain	debug	0.0,-0.0,-0.0,-0.0,3.0,3.0,3.0,0.0
2025-02-16 15:21:11:530	Fenix:arm	debug	-0.012288054616384917,29.7,1.0,207.0,64.10084932789407,1.0,1840.0
2025-02-16 15:21:11:534	Fenix:endEffector	debug	0.0,0.0,0.0
2025-02-16 15:21:11:537	Fenix:stateModels	debug	START, START, START, START, START, START, START, START, START, START
2025-02-16 15:21:11:539	Fenix:buttonPresses	debug	0.0
2025-02-16 15:21:11:587	Fenix:drivetrain	debug	0.0,-0.0,-0.0,-0.0,0.0,0.0,3.0,0.0
2025-02-16 15:21:11:601	Fenix:arm	debug	-0.012288054616384917,29.7,1.0,215.0,65.97338326757173,1.0,1027.0
2025-02-16 15:21:11:606	Fenix:endEffector	debug	0.0,0.0,0.0
2025-02-16 15:21:11:608	Fenix:stateModels	debug	START, START, START, START, START, START, START, START, START, START
2025-02-16 15:21:11:610	Fenix:buttonPresses	debug	0.0
2025-02-16 15:21:11:649	Fenix:drivetrain	debug	0.0,-0.0,-0.0,-0.0,3.0,3.0,3.0,3.0
2025-02-16 15:21:11:666	Fenix:arm	debug	-0.012288054616384917,29.7,1.0,211.0,68.18029826790611,0.0,1738.0
2025-02-16 15:21:11:669	Fenix:endEffector	debug	0.0,0.0,0.0
2025-02-16 15:21:11:671	Fenix:stateModels	debug	START, START, START, START, START, START, START, START, START, START
2025-02-16 15:21:11:673	Fenix:buttonPresses	debug	0.0
2025-02-16 15:21:11:704	Fenix:drivetrain	debug	0.0,-0.0,-0.0,-0.0,3.0,0.0,3.0,0.0
2025-02-16 15:21:11:716	Fenix:arm	debug	-0.012288054616384917,29.7,1.0,222.0,68.38092690430014,0.0,87.0
2025-02-16 15:21:11:719	Fenix:endEffector	debug	0.0,0.0,0.0
2025-02-16 15:21:11:721	Fenix:stateModels	debug	START, START, START, START, START, START, START, START, START, START
2025-02-16 15:21:11:723	Fenix:buttonPresses	debug	0.0
2025-02-16 15:21:11:756	Fenix:drivetrain	debug	0.0,-0.0,-0.0,-0.0,0.0,3.0,3.0,0.0
2025-02-16 15:21:11:767	Fenix:arm	debug	-0.012288054616384917,29.7,1.0,204.0,68.34748879823447,0.0,7.0
2025-02-16 15:21:11:769	Fenix:endEffector	debug	0.0,0.0,0.0
2025-02-16 15:21:11:771	Fenix:stateModels	debug	START, START, START, START, START, START, START, START, START, START
2025-02-16 15:21:11:773	Fenix:buttonPresses	debug	0.0
2025-02-16 15:21:11:815	Fenix:drivetrain	debug	0.0,-0.0,-0.0,-0.0,0.0,3.0,3.0,3.0
2025-02-16 15:21:11:828	Fenix:arm	debug	-0.012288054616384917,29.7,1.0,207.0,68.34748879823447,0.0,3.0
2025-02-16 15:21:11:831	Fenix:endEffector	debug	0.0,0.0,0.0
2025-02-16 15:21:11:834	Fenix:stateModels	debug	START, START, START, START, START, START, START, START, START, START
2025-02-16 15:21:11:837	Fenix:buttonPresses	debug	0.0
2025-02-16 15:21:11:869	Fenix:drivetrain	debug	0.0,-0.0,-0.0,-0.0,0.0,0.0,3.0,0.0
2025-02-16 15:21:11:886	Fenix:arm	debug	-0.012288054616384917,29.7,1.0,207.0,68.34748879823447,0.0,3.0
2025-02-16 15:21:11:890	Fenix:endEffector	debug	0.0,0.0,0.0
2025-02-16 15:21:11:893	Fenix:stateModels	debug	START, START, START, START, START, START, START, START, START, START
2025-02-16 15:21:11:895	Fenix:buttonPresses	debug	0.0
2025-02-16 15:21:11:936	Fenix:drivetrain	debug	0.0,-0.0,-0.0,-0.0,3.0,0.0,3.0,0.0
2025-02-16 15:21:11:951	Fenix:arm	debug	-0.012288054616384917,29.7,1.0,207.0,68.34748879823447,0.0,0.0
2025-02-16 15:21:11:953	Fenix:endEffector	debug	0.0,0.0,0.0
2025-02-16 15:21:11:955	Fenix:stateModels	debug	START, START, START, START, START, START, START, START, START, START
2025-02-16 15:21:11:958	Fenix:buttonPresses	debug	0.0
2025-02-16 15:21:12:000	Fenix:drivetrain	debug	0.0,-0.0,-0.0,-0.0,3.0,3.0,3.0,3.0
2025-02-16 15:21:12:013	Fenix:arm	debug	-0.012288054616384917,29.7,1.0,211.0,68.34748879823447,0.0,3.0
2025-02-16 15:21:12:016	Fenix:endEffector	debug	0.0,0.0,0.0
2025-02-16 15:21:12:017	Fenix:stateModels	debug	START, START, START, START, START, START, START, START, START, START
2025-02-16 15:21:12:020	Fenix:buttonPresses	debug	0.0
2025-02-16 15:21:12:055	Fenix:drivetrain	debug	0.0,-0.0,-0.0,-0.0,0.0,3.0,3.0,0.0
2025-02-16 15:21:12:067	Fenix:arm	debug	-0.012288054616384917,29.7,1.0,211.0,68.34748879823447,0.0,3.0
2025-02-16 15:21:12:071	Fenix:endEffector	debug	0.0,0.0,0.0
2025-02-16 15:21:12:074	Fenix:stateModels	debug	START, START, START, START, START, START, START, START, START, START
2025-02-16 15:21:12:076	Fenix:buttonPresses	debug	0.0
2025-02-16 15:21:12:121	Fenix:drivetrain	debug	0.0,-0.0,-0.0,-0.0,0.0,0.0,3.0,3.0
2025-02-16 15:21:12:136	Fenix:arm	debug	-0.012288054616384917,29.7,1.0,211.0,68.34748879823447,0.0,0.0
2025-02-16 15:21:12:142	Fenix:endEffector	debug	0.0,0.0,0.0
2025-02-16 15:21:12:144	Fenix:stateModels	debug	START, START, START, START, START, START, START, START, START, START
2025-02-16 15:21:12:147	Fenix:buttonPresses	debug	0.0
2025-02-16 15:21:12:180	Fenix:drivetrain	debug	0.0,-0.0,-0.0,-0.0,0.0,3.0,3.0,3.0
2025-02-16 15:21:12:197	Fenix:arm	debug	-0.012288054616384917,29.7,1.0,236.0,68.34748879823447,0.0,3.0
2025-02-16 15:21:12:199	Fenix:endEffector	debug	0.0,0.0,0.0
2025-02-16 15:21:12:200	Fenix:stateModels	debug	START, START, START, START, START, START, START, START, START, START
2025-02-16 15:21:12:203	Fenix:buttonPresses	debug	0.0
2025-02-16 15:21:12:232	Fenix:drivetrain	debug	0.0,-0.0,-0.0,-0.0,0.0,3.0,3.0,3.0
2025-02-16 15:21:12:244	Fenix:arm	debug	-0.012288054616384917,29.7,1.0,306.0,68.34748879823447,0.0,3.0
2025-02-16 15:21:12:248	Fenix:endEffector	debug	0.0,0.0,0.0
2025-02-16 15:21:12:250	Fenix:stateModels	debug	START, START, START, START, START, START, START, START, START, START
2025-02-16 15:21:12:252	Fenix:buttonPresses	debug	0.0
2025-02-16 15:21:12:284	Fenix:drivetrain	debug	0.0,-0.0,-0.0,-0.0,0.0,3.0,3.0,0.0
2025-02-16 15:21:12:296	Fenix:arm	debug	-0.012288054616384917,29.7,1.0,346.0,68.34748879823447,0.0,3.0
2025-02-16 15:21:12:298	Fenix:endEffector	debug	0.0,0.0,0.0
2025-02-16 15:21:12:300	Fenix:stateModels	debug	START, START, START, START, START, START, START, START, START, START
2025-02-16 15:21:12:302	Fenix:buttonPresses	debug	0.0
2025-02-16 15:21:12:341	Fenix:drivetrain	debug	0.0,-0.0,-0.0,-0.0,7.0,0.0,3.0,3.0
2025-02-16 15:21:12:355	Fenix:arm	debug	-0.012288054616384917,29.7,1.0,349.0,68.34748879823447,0.0,0.0
2025-02-16 15:21:12:357	Fenix:endEffector	debug	0.0,0.0,0.0
2025-02-16 15:21:12:358	Fenix:stateModels	debug	START, START, START, START, START, START, START, START, START, START
2025-02-16 15:21:12:360	Fenix:buttonPresses	debug	0.0
2025-02-16 15:21:12:389	Fenix:drivetrain	debug	0.0,-0.0,-0.0,-0.0,3.0,3.0,7.0,3.0
2025-02-16 15:21:12:404	Fenix:arm	debug	-0.012288054616384917,29.7,1.0,353.0,68.34748879823447,0.0,3.0
2025-02-16 15:21:12:406	Fenix:endEffector	debug	0.0,0.0,0.0
2025-02-16 15:21:12:408	Fenix:stateModels	debug	START, START, START, START, START, START, START, START, START, START
2025-02-16 15:21:12:410	Fenix:buttonPresses	debug	0.0
2025-02-16 15:21:12:441	Fenix:drivetrain	debug	0.0,-0.0,-0.0,-0.0,0.0,0.0,3.0,3.0
2025-02-16 15:21:12:454	Fenix:arm	debug	-0.012288054616384917,29.7,1.0,357.0,68.34748879823447,0.0,0.0
2025-02-16 15:21:12:457	Fenix:endEffector	debug	0.0,0.0,0.0
2025-02-16 15:21:12:459	Fenix:stateModels	debug	START, START, START, START, START, START, START, START, START, START
2025-02-16 15:21:12:460	Fenix:buttonPresses	debug	0.0
2025-02-16 15:21:12:497	Fenix:drivetrain	debug	0.0,-0.0,-0.0,-0.0,3.0,3.0,3.0,0.0
2025-02-16 15:21:12:510	Fenix:arm	debug	-0.012288054616384917,29.7,1.0,353.0,68.34748879823447,0.0,0.0
2025-02-16 15:21:12:512	Fenix:endEffector	debug	0.0,0.0,0.0
2025-02-16 15:21:12:514	Fenix:stateModels	debug	START, START, START, START, START, START, START, START, START, START
2025-02-16 15:21:12:516	Fenix:buttonPresses	debug	0.0
2025-02-16 15:21:12:547	Fenix:drivetrain	debug	0.0,-0.0,-0.0,-0.0,0.0,0.0,3.0,0.0
2025-02-16 15:21:12:559	Fenix:arm	debug	-0.012288054616384917,29.7,1.0,357.0,68.34748879823447,0.0,3.0
2025-02-16 15:21:12:561	Fenix:endEffector	debug	0.0,0.0,0.0
2025-02-16 15:21:12:563	Fenix:stateModels	debug	START, START, START, START, START, START, START, START, START, START
2025-02-16 15:21:12:564	Fenix:buttonPresses	debug	0.0
2025-02-16 15:21:12:596	Fenix:drivetrain	debug	0.0,-0.0,-0.0,-0.0,0.0,0.0,3.0,3.0
2025-02-16 15:21:12:608	Fenix:arm	debug	-0.012288054616384917,29.7,1.0,360.0,68.34748879823447,0.0,3.0
2025-02-16 15:21:12:611	Fenix:endEffector	debug	0.0,0.0,0.0
2025-02-16 15:21:12:613	Fenix:stateModels	debug	START, START, START, START, START, START, START, START, START, START
2025-02-16 15:21:12:615	Fenix:buttonPresses	debug	0.0
2025-02-16 15:21:12:658	Fenix:drivetrain	debug	0.0,-0.0,-0.0,-0.0,0.0,0.0,3.0,0.0
2025-02-16 15:21:12:674	Fenix:arm	debug	-0.012288054616384917,29.7,1.0,357.0,68.34748879823447,0.0,3.0
2025-02-16 15:21:12:678	Fenix:endEffector	debug	0.0,0.0,0.0
2025-02-16 15:21:12:680	Fenix:stateModels	debug	START, START, START, START, START, START, START, START, START, START
2025-02-16 15:21:12:682	Fenix:buttonPresses	debug	0.0
2025-02-16 15:21:12:714	Fenix:drivetrain	debug	0.0,-0.0,-0.0,-0.0,0.0,3.0,3.0,3.0
2025-02-16 15:21:12:729	Fenix:arm	debug	-0.012288054616384917,29.7,1.0,360.0,68.34748879823447,0.0,0.0
2025-02-16 15:21:12:730	Fenix:endEffector	debug	0.0,0.0,0.0
2025-02-16 15:21:12:732	Fenix:stateModels	debug	START, START, START, START, START, START, START, START, START, START
2025-02-16 15:21:12:734	Fenix:buttonPresses	debug	0.0
2025-02-16 15:21:12:764	Fenix:drivetrain	debug	0.0,-0.0,-0.0,-0.0,0.0,3.0,3.0,3.0
2025-02-16 15:21:12:775	Fenix:arm	debug	-0.012288054616384917,29.7,1.0,360.0,68.34748879823447,0.0,3.0
2025-02-16 15:21:12:778	Fenix:endEffector	debug	0.0,0.0,0.0
2025-02-16 15:21:12:780	Fenix:stateModels	debug	START, START, START, START, START, START, START, START, START, START
2025-02-16 15:21:12:782	Fenix:buttonPresses	debug	0.0
2025-02-16 15:21:12:814	Fenix:drivetrain	debug	0.0,-0.0,-0.0,-0.0,3.0,3.0,3.0,3.0
2025-02-16 15:21:12:826	Fenix:arm	debug	-0.012288054616384917,29.7,1.0,360.0,68.34748879823447,0.0,0.0
2025-02-16 15:21:12:829	Fenix:endEffector	debug	0.0,0.0,0.0
2025-02-16 15:21:12:830	Fenix:stateModels	debug	START, START, START, START, START, START, START, START, START, START
2025-02-16 15:21:12:832	Fenix:buttonPresses	debug	0.0
2025-02-16 15:21:12:875	Fenix:drivetrain	debug	0.0,-0.0,-0.0,-0.0,3.0,3.0,3.0,3.0
2025-02-16 15:21:12:887	Fenix:arm	debug	-0.012288054616384917,29.7,1.0,357.0,68.34748879823447,0.0,0.0
2025-02-16 15:21:12:890	Fenix:endEffector	debug	0.0,0.0,0.0
2025-02-16 15:21:12:891	Fenix:stateModels	debug	START, START, START, START, START, START, START, START, START, START
2025-02-16 15:21:12:893	Fenix:buttonPresses	debug	0.0
2025-02-16 15:21:12:929	Fenix:drivetrain	debug	0.0,-0.0,-0.0,-0.0,3.0,0.0,3.0,3.0
2025-02-16 15:21:12:944	Fenix:arm	debug	-0.012288054616384917,29.7,1.0,368.0,68.34748879823447,0.0,0.0
2025-02-16 15:21:12:947	Fenix:endEffector	debug	0.0,0.0,0.0
2025-02-16 15:21:12:949	Fenix:stateModels	debug	START, START, START, START, START, START, START, START, START, START
2025-02-16 15:21:12:952	Fenix:buttonPresses	debug	0.0
2025-02-16 15:21:12:986	Fenix:drivetrain	debug	0.0,-0.0,-0.0,-0.0,3.0,3.0,3.0,3.0
2025-02-16 15:21:13:003	Fenix:arm	debug	-0.012288054616384917,29.7,1.0,364.0,68.34748879823447,0.0,0.0
2025-02-16 15:21:13:005	Fenix:endEffector	debug	0.0,0.0,0.0
2025-02-16 15:21:13:008	Fenix:stateModels	debug	START, START, START, START, START, START, START, START, START, START
2025-02-16 15:21:13:011	Fenix:buttonPresses	debug	0.0
2025-02-16 15:21:13:052	Fenix:drivetrain	debug	0.0,-0.0,-0.0,-0.0,3.0,0.0,3.0,0.0
2025-02-16 15:21:13:065	Fenix:arm	debug	-0.012288054616384917,29.7,1.0,360.0,68.34748879823447,0.0,0.0
2025-02-16 15:21:13:067	Fenix:endEffector	debug	0.0,0.0,0.0
2025-02-16 15:21:13:069	Fenix:stateModels	debug	START, START, START, START, START, START, START, START, START, START
2025-02-16 15:21:13:071	Fenix:buttonPresses	debug	0.0
2025-02-16 15:21:13:108	Fenix:drivetrain	debug	0.0,-0.0,-0.0,-0.0,3.0,0.0,3.0,0.0
2025-02-16 15:21:13:122	Fenix:arm	debug	-0.012288054616384917,29.7,1.0,364.0,68.34748879823447,0.0,3.0
2025-02-16 15:21:13:125	Fenix:endEffector	debug	0.0,0.0,0.0
2025-02-16 15:21:13:127	Fenix:stateModels	debug	START, START, START, START, START, START, START, START, START, START
2025-02-16 15:21:13:129	Fenix:buttonPresses	debug	0.0
2025-02-16 15:21:31:944	Fenix:updatePresets	debug	/sdcard/Download/TeleOpV5/PresetPositions.csv (No such file or directory)
2025-02-16 15:21:31:964	Fenix:PresetReading	debug	/sdcard/Download/teleop/PathConfiguration.csv (No such file or directory)
2025-02-16 15:21:31:985	Fenix:drivetrain	debug	0.0,0.0,0.0,0.0,0.0,0.0,3.0,3.0
2025-02-16 15:21:31:995	Fenix:arm	debug	0.0,13.000009536661222,-0.0,3.0,0.06687621213134488,-0.0,3.0
2025-02-16 15:21:31:997	Fenix:endEffector	debug	0.0,0.0,0.0
2025-02-16 15:21:31:999	Fenix:stateModels	debug	START, START, START, START, START, START, START, START, START, START
2025-02-16 15:21:32:000	Fenix:buttonPresses	debug	0.0
2025-02-16 15:21:32:028	Fenix:drivetrain	debug	0.0,0.0,0.0,0.0,0.0,3.0,3.0,3.0
2025-02-16 15:21:32:040	Fenix:arm	debug	0.0,13.000009536661222,-0.0,7.0,0.06687621213134488,-0.0,3.0
2025-02-16 15:21:32:041	Fenix:endEffector	debug	0.0,0.0,0.0
2025-02-16 15:21:32:043	Fenix:stateModels	debug	START, START, START, START, START, START, START, START, START, START
2025-02-16 15:21:32:045	Fenix:buttonPresses	debug	0.0
2025-02-16 15:21:32:072	Fenix:drivetrain	debug	0.0,0.0,0.0,0.0,0.0,3.0,3.0,0.0
2025-02-16 15:21:32:083	Fenix:arm	debug	0.0,13.000009536661222,-0.0,3.0,0.06687621213134488,-0.0,0.0
2025-02-16 15:21:32:084	Fenix:endEffector	debug	0.0,0.0,0.0
2025-02-16 15:21:32:086	Fenix:stateModels	debug	START, START, START, START, START, START, START, START, START, START
2025-02-16 15:21:32:088	Fenix:buttonPresses	debug	0.0
2025-02-16 15:21:32:117	Fenix:drivetrain	debug	0.0,0.0,0.0,0.0,3.0,3.0,3.0,3.0
2025-02-16 15:21:32:130	Fenix:arm	debug	0.0,13.000009536661222,-0.0,3.0,0.06687621213134488,-0.0,3.0
2025-02-16 15:21:32:133	Fenix:endEffector	debug	0.0,0.0,0.0
2025-02-16 15:21:32:135	Fenix:stateModels	debug	START, START, START, START, START, START, START, START, START, START
2025-02-16 15:21:32:136	Fenix:buttonPresses	debug	0.0
2025-02-16 15:21:32:168	Fenix:drivetrain	debug	0.0,0.0,0.0,0.0,3.0,0.0,3.0,3.0
2025-02-16 15:21:32:179	Fenix:arm	debug	0.0,13.000009536661222,-0.0,3.0,0.06687621213134488,-0.0,3.0
2025-02-16 15:21:32:181	Fenix:endEffector	debug	0.0,0.0,0.0
2025-02-16 15:21:32:183	Fenix:stateModels	debug	START, START, START, START, START, START, START, START, START, START
2025-02-16 15:21:32:185	Fenix:buttonPresses	debug	0.0
2025-02-16 15:21:32:215	Fenix:drivetrain	debug	0.0,0.0,0.0,0.0,0.0,3.0,3.0,3.0
2025-02-16 15:21:32:226	Fenix:arm	debug	0.0,13.000009536661222,-0.0,3.0,0.06687621213134488,-0.0,3.0
2025-02-16 15:21:32:228	Fenix:endEffector	debug	0.0,0.0,0.0
2025-02-16 15:21:32:230	Fenix:stateModels	debug	START, START, START, START, START, START, START, START, START, START
2025-02-16 15:21:32:231	Fenix:buttonPresses	debug	0.0
2025-02-16 15:21:32:265	Fenix:drivetrain	debug	0.0,0.0,0.0,0.0,0.0,0.0,3.0,3.0
2025-02-16 15:21:32:277	Fenix:arm	debug	0.0,13.000009536661222,-0.0,3.0,0.06687621213134488,-0.0,3.0
2025-02-16 15:21:32:279	Fenix:endEffector	debug	0.0,0.0,0.0
2025-02-16 15:21:32:281	Fenix:stateModels	debug	START, START, START, START, START, START, START, START, START, START
2025-02-16 15:21:32:282	Fenix:buttonPresses	debug	0.0
2025-02-16 15:21:32:324	Fenix:drivetrain	debug	0.0,-0.0,-0.0,-0.0,0.0,0.0,3.0,0.0
2025-02-16 15:21:32:339	Fenix:arm	debug	0.0,13.000009536661222,-0.0,3.0,0.06687621213134488,-0.0,3.0
2025-02-16 15:21:32:341	Fenix:endEffector	debug	0.0,0.0,0.0
2025-02-16 15:21:32:343	Fenix:stateModels	debug	START, START, START, START, START, START, START, START, START, START
2025-02-16 15:21:32:345	Fenix:buttonPresses	debug	0.0
2025-02-16 15:21:32:374	Fenix:drivetrain	debug	0.0,-0.0,-0.0,-0.0,0.0,3.0,3.0,0.0
2025-02-16 15:21:32:390	Fenix:arm	debug	0.0,13.000009536661222,-0.0,3.0,0.06687621213134488,-0.0,0.0
2025-02-16 15:21:32:392	Fenix:endEffector	debug	0.0,0.0,0.0
2025-02-16 15:21:32:393	Fenix:stateModels	debug	START, START, START, START, START, START, START, START, START, START
2025-02-16 15:21:32:395	Fenix:buttonPresses	debug	0.0
2025-02-16 15:21:32:426	Fenix:drivetrain	debug	0.0,-0.0,-0.0,-0.0,0.0,3.0,3.0,3.0
2025-02-16 15:21:32:438	Fenix:arm	debug	0.0,13.000009536661222,-0.0,3.0,0.06687621213134488,-0.0,3.0
2025-02-16 15:21:32:441	Fenix:endEffector	debug	0.0,0.0,0.0
2025-02-16 15:21:32:443	Fenix:stateModels	debug	START, START, START, START, START, START, START, START, START, START
2025-02-16 15:21:32:445	Fenix:buttonPresses	debug	0.0
2025-02-16 15:21:32:482	Fenix:drivetrain	debug	0.0,-0.0,-0.0,-0.0,3.0,3.0,3.0,3.0
2025-02-16 15:21:32:497	Fenix:arm	debug	0.0,13.000009536661222,-0.0,3.0,0.06687621213134488,-0.0,3.0
2025-02-16 15:21:32:506	Fenix:endEffector	debug	0.0,0.0,0.0
2025-02-16 15:21:32:509	Fenix:stateModels	debug	START, START, START, START, START, START, START, START, START, START
2025-02-16 15:21:32:511	Fenix:buttonPresses	debug	0.0
2025-02-16 15:21:32:553	Fenix:drivetrain	debug	0.0,-0.0,-0.0,-0.0,3.0,3.0,3.0,3.0
2025-02-16 15:21:32:568	Fenix:arm	debug	0.0,13.000009536661222,-0.0,3.0,0.06687621213134488,-0.0,0.0
2025-02-16 15:21:32:571	Fenix:endEffector	debug	0.0,0.0,0.0
2025-02-16 15:21:32:574	Fenix:stateModels	debug	START, START, START, START, START, START, START, START, START, START
2025-02-16 15:21:32:577	Fenix:buttonPresses	debug	0.0
2025-02-16 15:21:32:608	Fenix:drivetrain	debug	0.0,-0.0,-0.0,-0.0,3.0,3.0,3.0,3.0
2025-02-16 15:21:32:622	Fenix:arm	debug	0.0,13.000009536661222,-0.0,3.0,0.06687621213134488,-0.0,0.0
2025-02-16 15:21:32:626	Fenix:endEffector	debug	0.0,0.0,0.0
2025-02-16 15:21:32:629	Fenix:stateModels	debug	START, START, START, START, START, START, START, START, START, START
2025-02-16 15:21:32:632	Fenix:buttonPresses	debug	0.0
2025-02-16 15:21:32:666	Fenix:drivetrain	debug	0.0,-0.0,-0.0,-0.0,3.0,0.0,3.0,3.0
2025-02-16 15:21:32:678	Fenix:arm	debug	0.0,13.000009536661222,-0.0,3.0,0.06687621213134488,-0.0,3.0
2025-02-16 15:21:32:680	Fenix:endEffector	debug	0.0,0.0,0.0
2025-02-16 15:21:32:682	Fenix:stateModels	debug	START, START, START, START, START, START, START, START, START, START
2025-02-16 15:21:32:684	Fenix:buttonPresses	debug	0.0
2025-02-16 15:21:32:714	Fenix:drivetrain	debug	0.0,-0.0,-0.0,-0.0,3.0,3.0,7.0,3.0
2025-02-16 15:21:32:727	Fenix:arm	debug	0.0,13.000009536661222,-0.0,3.0,0.06687621213134488,-0.0,3.0
2025-02-16 15:21:32:729	Fenix:endEffector	debug	0.0,0.0,0.0
2025-02-16 15:21:32:731	Fenix:stateModels	debug	START, START, START, START, START, START, START, START, START, START
2025-02-16 15:21:32:733	Fenix:buttonPresses	debug	0.0
2025-02-16 15:21:32:764	Fenix:drivetrain	debug	0.0,-0.0,-0.0,-0.0,0.0,3.0,3.0,3.0
2025-02-16 15:21:32:777	Fenix:arm	debug	0.0,13.000009536661222,-0.0,3.0,0.06687621213134488,-0.0,0.0
2025-02-16 15:21:32:779	Fenix:endEffector	debug	0.0,0.0,0.0
2025-02-16 15:21:32:781	Fenix:stateModels	debug	START, START, START, START, START, START, START, START, START, START
2025-02-16 15:21:32:783	Fenix:buttonPresses	debug	0.0
2025-02-16 15:21:32:829	Fenix:drivetrain	debug	0.0,-0.0,-0.0,-0.0,0.0,3.0,3.0,3.0
2025-02-16 15:21:32:848	Fenix:arm	debug	0.0,13.000009536661222,-0.0,7.0,0.06687621213134488,-0.0,3.0
2025-02-16 15:21:32:852	Fenix:endEffector	debug	0.0,0.0,0.0
2025-02-16 15:21:32:856	Fenix:stateModels	debug	START, START, START, START, START, START, START, START, START, START
2025-02-16 15:21:32:858	Fenix:buttonPresses	debug	0.0
2025-02-16 15:21:32:895	Fenix:drivetrain	debug	0.0,-0.0,-0.0,-0.0,3.0,0.0,3.0,3.0
2025-02-16 15:21:32:911	Fenix:arm	debug	0.0,13.000009536661222,-0.0,3.0,0.06687621213134488,-0.0,3.0
2025-02-16 15:21:32:913	Fenix:endEffector	debug	0.0,0.0,0.0
2025-02-16 15:21:32:915	Fenix:stateModels	debug	START, START, START, START, START, START, START, START, START, START
2025-02-16 15:21:32:917	Fenix:buttonPresses	debug	0.0
2025-02-16 15:21:32:954	Fenix:drivetrain	debug	0.0,-0.0,-0.0,-0.0,3.0,0.0,3.0,3.0
2025-02-16 15:21:32:966	Fenix:arm	debug	0.0,13.000009536661222,-0.0,3.0,0.06687621213134488,-0.0,3.0
2025-02-16 15:21:32:969	Fenix:endEffector	debug	0.0,0.0,0.0
2025-02-16 15:21:32:972	Fenix:stateModels	debug	START, START, START, START, START, START, START, START, START, START
2025-02-16 15:21:32:974	Fenix:buttonPresses	debug	0.0
2025-02-16 15:21:33:014	Fenix:drivetrain	debug	0.0,-0.0,-0.0,-0.0,0.0,3.0,3.0,3.0
2025-02-16 15:21:33:028	Fenix:arm	debug	0.0,13.000009536661222,-0.0,7.0,0.06687621213134488,-0.0,3.0
2025-02-16 15:21:33:036	Fenix:endEffector	debug	0.0,0.0,0.0
2025-02-16 15:21:33:037	Fenix:stateModels	debug	START, START, START, START, START, START, START, START, START, START
2025-02-16 15:21:33:039	Fenix:buttonPresses	debug	0.0
2025-02-16 15:21:33:073	Fenix:drivetrain	debug	0.0,-0.0,-0.0,-0.0,0.0,3.0,3.0,0.0
2025-02-16 15:21:33:084	Fenix:arm	debug	0.0,13.000009536661222,-0.0,3.0,0.06687621213134488,-0.0,0.0
2025-02-16 15:21:33:086	Fenix:endEffector	debug	0.0,0.0,0.0
2025-02-16 15:21:33:088	Fenix:stateModels	debug	START, START, START, START, START, START, START, START, START, START
2025-02-16 15:21:33:090	Fenix:buttonPresses	debug	0.0
2025-02-16 15:21:33:119	Fenix:drivetrain	debug	0.0,-0.0,-0.0,-0.0,3.0,3.0,3.0,0.0
2025-02-16 15:21:33:132	Fenix:arm	debug	0.0,13.000009536661222,-0.0,7.0,0.06687621213134488,-0.0,3.0
2025-02-16 15:21:33:134	Fenix:endEffector	debug	0.0,0.0,0.0
2025-02-16 15:21:33:136	Fenix:stateModels	debug	START, START, START, START, START, START, START, START, START, START
2025-02-16 15:21:33:138	Fenix:buttonPresses	debug	0.0
2025-02-16 15:21:33:168	Fenix:drivetrain	debug	0.0,-0.0,-0.0,-0.0,3.0,3.0,3.0,3.0
2025-02-16 15:21:33:179	Fenix:arm	debug	0.0,13.000009536661222,-0.0,3.0,0.06687621213134488,-0.0,3.0
2025-02-16 15:21:33:181	Fenix:endEffector	debug	0.0,0.0,0.0
2025-02-16 15:21:33:183	Fenix:stateModels	debug	START, START, START, START, START, START, START, START, START, START
2025-02-16 15:21:33:185	Fenix:buttonPresses	debug	0.0
2025-02-16 15:21:33:213	Fenix:drivetrain	debug	0.0,-0.0,-0.0,-0.0,3.0,3.0,7.0,3.0
2025-02-16 15:21:33:223	Fenix:arm	debug	0.0,13.000009536661222,-0.0,7.0,0.06687621213134488,-0.0,3.0
2025-02-16 15:21:33:225	Fenix:endEffector	debug	0.0,0.0,0.0
2025-02-16 15:21:33:227	Fenix:stateModels	debug	START, START, START, START, START, START, START, START, START, START
2025-02-16 15:21:33:229	Fenix:buttonPresses	debug	0.0
2025-02-16 15:21:33:256	Fenix:drivetrain	debug	0.0,-0.0,-0.0,-0.0,3.0,0.0,7.0,3.0
2025-02-16 15:21:33:267	Fenix:arm	debug	0.0,13.000009536661222,-0.0,3.0,0.06687621213134488,-0.0,3.0
2025-02-16 15:21:33:269	Fenix:endEffector	debug	0.0,0.0,0.0
2025-02-16 15:21:33:270	Fenix:stateModels	debug	START, START, START, START, START, START, START, START, START, START
2025-02-16 15:21:33:272	Fenix:buttonPresses	debug	0.0
2025-02-16 15:21:33:299	Fenix:drivetrain	debug	0.0,-0.0,-0.0,-0.0,0.0,0.0,3.0,3.0
2025-02-16 15:21:33:309	Fenix:arm	debug	0.0,13.000009536661222,-0.0,3.0,0.06687621213134488,-0.0,0.0
2025-02-16 15:21:33:311	Fenix:endEffector	debug	0.0,0.0,0.0
2025-02-16 15:21:33:313	Fenix:stateModels	debug	START, START, START, START, START, START, START, START, START, START
2025-02-16 15:21:33:314	Fenix:buttonPresses	debug	0.0
2025-02-16 15:21:33:356	Fenix:drivetrain	debug	0.0,-0.0,-0.0,-0.0,0.0,0.0,7.0,0.0
2025-02-16 15:21:33:371	Fenix:arm	debug	0.0,13.000009536661222,-0.0,3.0,0.06687621213134488,-0.0,0.0
2025-02-16 15:21:33:373	Fenix:endEffector	debug	0.0,0.0,0.0
2025-02-16 15:21:33:375	Fenix:stateModels	debug	START, START, START, START, START, START, START, START, START, START
2025-02-16 15:21:33:377	Fenix:buttonPresses	debug	0.0
2025-02-16 15:21:33:408	Fenix:drivetrain	debug	0.0,-0.0,-0.0,-0.0,0.0,3.0,3.0,3.0
2025-02-16 15:21:33:423	Fenix:arm	debug	0.0,13.000009536661222,-0.0,3.0,0.06687621213134488,-0.0,3.0
2025-02-16 15:21:33:424	Fenix:endEffector	debug	0.0,0.0,0.0
2025-02-16 15:21:33:426	Fenix:stateModels	debug	START, START, START, START, START, START, START, START, START, START
2025-02-16 15:21:33:428	Fenix:buttonPresses	debug	0.0
2025-02-16 15:21:33:462	Fenix:drivetrain	debug	0.0,-0.0,-0.0,-0.0,0.0,0.0,3.0,3.0
2025-02-16 15:21:33:475	Fenix:arm	debug	0.0,13.000009536661222,-0.0,3.0,0.06687621213134488,-0.0,0.0
2025-02-16 15:21:33:477	Fenix:endEffector	debug	0.0,0.0,0.0
2025-02-16 15:21:33:478	Fenix:stateModels	debug	START, START, START, START, START, START, START, START, START, START
2025-02-16 15:21:33:480	Fenix:buttonPresses	debug	0.0
2025-02-16 15:21:33:516	Fenix:drivetrain	debug	0.0,-0.0,-0.0,-0.0,3.0,0.0,7.0,0.0
2025-02-16 15:21:33:529	Fenix:arm	debug	0.0,13.000009536661222,-0.0,3.0,0.06687621213134488,-0.0,3.0
2025-02-16 15:21:33:531	Fenix:endEffector	debug	0.0,0.0,0.0
2025-02-16 15:21:33:532	Fenix:stateModels	debug	START, START, START, START, START, START, START, START, START, START
2025-02-16 15:21:33:534	Fenix:buttonPresses	debug	0.0
2025-02-16 15:21:33:561	Fenix:drivetrain	debug	0.0,-0.0,-0.0,-0.0,0.0,0.0,7.0,3.0
2025-02-16 15:21:33:572	Fenix:arm	debug	0.0,13.000009536661222,-0.0,3.0,0.06687621213134488,-0.0,0.0
2025-02-16 15:21:33:577	Fenix:endEffector	debug	0.0,0.0,0.0
2025-02-16 15:21:33:578	Fenix:stateModels	debug	START, START, START, START, START, START, START, START, START, START
2025-02-16 15:21:33:580	Fenix:buttonPresses	debug	0.0
2025-02-16 15:21:33:609	Fenix:drivetrain	debug	0.0,-0.0,-0.0,-0.0,3.0,3.0,3.0,3.0
2025-02-16 15:21:33:619	Fenix:arm	debug	0.0,13.000009536661222,-0.0,3.0,0.06687621213134488,-0.0,3.0
2025-02-16 15:21:33:621	Fenix:endEffector	debug	0.0,0.0,0.0
2025-02-16 15:21:33:622	Fenix:stateModels	debug	START, START, START, START, START, START, START, START, START, START
2025-02-16 15:21:33:624	Fenix:buttonPresses	debug	0.0
2025-02-16 15:21:33:650	Fenix:drivetrain	debug	0.0,-0.0,-0.0,-0.0,3.0,3.0,3.0,0.0
2025-02-16 15:21:33:661	Fenix:arm	debug	0.0,13.000009536661222,-0.0,7.0,0.06687621213134488,-0.0,3.0
2025-02-16 15:21:33:663	Fenix:endEffector	debug	0.0,0.0,0.0
2025-02-16 15:21:33:664	Fenix:stateModels	debug	START, START, START, START, START, START, START, START, START, START
2025-02-16 15:21:33:666	Fenix:buttonPresses	debug	0.0
2025-02-16 15:21:33:693	Fenix:drivetrain	debug	0.0,-0.0,-0.0,-0.0,0.0,3.0,3.0,3.0
2025-02-16 15:21:33:704	Fenix:arm	debug	0.0,13.000009536661222,-0.0,3.0,0.06687621213134488,-0.0,3.0
2025-02-16 15:21:33:706	Fenix:endEffector	debug	0.0,0.0,0.0
2025-02-16 15:21:33:707	Fenix:stateModels	debug	START, START, START, START, START, START, START, START, START, START
2025-02-16 15:21:33:709	Fenix:buttonPresses	debug	0.0
2025-02-16 15:21:33:738	Fenix:drivetrain	debug	0.0,-0.0,-0.0,-0.0,3.0,0.0,3.0,0.0
2025-02-16 15:21:33:751	Fenix:arm	debug	0.0,13.000009536661222,-0.0,3.0,0.06687621213134488,-0.0,3.0
2025-02-16 15:21:33:753	Fenix:endEffector	debug	0.0,0.0,0.0
2025-02-16 15:21:33:755	Fenix:stateModels	debug	START, START, START, START, START, START, START, START, START, START
2025-02-16 15:21:33:758	Fenix:buttonPresses	debug	0.0
2025-02-16 15:21:33:786	Fenix:drivetrain	debug	0.0,-0.0,-0.0,-0.0,0.0,0.0,3.0,0.0
2025-02-16 15:21:33:798	Fenix:arm	debug	0.0,13.000009536661222,-0.0,7.0,0.06687621213134488,-0.0,3.0
2025-02-16 15:21:33:799	Fenix:endEffector	debug	0.0,0.0,0.0
2025-02-16 15:21:33:801	Fenix:stateModels	debug	START, START, START, START, START, START, START, START, START, START
2025-02-16 15:21:33:803	Fenix:buttonPresses	debug	0.0
2025-02-16 15:21:33:871	Fenix:drivetrain	debug	0.0,-0.0,-0.0,-0.0,0.0,3.0,3.0,3.0
2025-02-16 15:21:33:887	Fenix:arm	debug	0.0,13.000009536661222,1.0,7.0,0.06687621213134488,-0.0,3.0
2025-02-16 15:21:33:889	Fenix:endEffector	debug	0.0,0.0,0.0
2025-02-16 15:21:33:891	Fenix:stateModels	debug	START, START, START, START, START, START, START, START, START, START
2025-02-16 15:21:33:893	Fenix:buttonPresses	debug	0.0
2025-02-16 15:21:33:925	Fenix:drivetrain	debug	0.0,-0.0,-0.0,-0.0,3.0,3.0,3.0,3.0
2025-02-16 15:21:33:940	Fenix:arm	debug	0.0,13.000009536661222,1.0,3.0,0.06687621213134488,-0.0,0.0
2025-02-16 15:21:33:942	Fenix:endEffector	debug	0.0,0.0,0.0
2025-02-16 15:21:33:944	Fenix:stateModels	debug	START, START, START, START, START, START, START, START, START, START
2025-02-16 15:21:33:946	Fenix:buttonPresses	debug	0.0
2025-02-16 15:21:33:981	Fenix:drivetrain	debug	0.0,-0.0,-0.0,-0.0,3.0,0.0,3.0,3.0
2025-02-16 15:21:33:993	Fenix:arm	debug	0.0,13.000009536661222,1.0,3.0,0.06687621213134488,-0.0,3.0
2025-02-16 15:21:33:995	Fenix:endEffector	debug	0.0,0.0,0.0
2025-02-16 15:21:33:997	Fenix:stateModels	debug	START, START, START, START, START, START, START, START, START, START
2025-02-16 15:21:34:000	Fenix:buttonPresses	debug	0.0
2025-02-16 15:21:34:033	Fenix:drivetrain	debug	0.0,-0.0,-0.0,-0.0,3.0,0.0,3.0,3.0
2025-02-16 15:21:34:044	Fenix:arm	debug	0.0,13.000009536661222,1.0,7.0,0.06687621213134488,-0.0,3.0
2025-02-16 15:21:34:046	Fenix:endEffector	debug	0.0,0.0,0.0
2025-02-16 15:21:34:047	Fenix:stateModels	debug	START, START, START, START, START, START, START, START, START, START
2025-02-16 15:21:34:049	Fenix:buttonPresses	debug	0.0
2025-02-16 15:21:34:077	Fenix:drivetrain	debug	0.0,-0.0,-0.0,-0.0,3.0,3.0,3.0,0.0
2025-02-16 15:21:34:088	Fenix:arm	debug	0.0,13.000009536661222,1.0,3.0,0.06687621213134488,-0.0,3.0
2025-02-16 15:21:34:094	Fenix:endEffector	debug	0.0,0.0,0.0
2025-02-16 15:21:34:096	Fenix:stateModels	debug	START, START, START, START, START, START, START, START, START, START
2025-02-16 15:21:34:097	Fenix:buttonPresses	debug	0.0
2025-02-16 15:21:34:129	Fenix:drivetrain	debug	0.0,-0.0,-0.0,-0.0,0.0,0.0,3.0,0.0
2025-02-16 15:21:34:140	Fenix:arm	debug	0.0,13.000009536661222,1.0,3.0,0.06687621213134488,-0.0,0.0
2025-02-16 15:21:34:142	Fenix:endEffector	debug	0.0,0.0,0.0
2025-02-16 15:21:34:147	Fenix:stateModels	debug	START, START, START, START, START, START, START, START, START, START
2025-02-16 15:21:34:148	Fenix:buttonPresses	debug	0.0
2025-02-16 15:21:34:177	Fenix:drivetrain	debug	0.0,-0.0,-0.0,-0.0,3.0,3.0,3.0,0.0
2025-02-16 15:21:34:188	Fenix:arm	debug	0.0,13.000009536661222,1.0,3.0,0.06687621213134488,-0.0,0.0
2025-02-16 15:21:34:189	Fenix:endEffector	debug	0.0,0.0,0.0
2025-02-16 15:21:34:191	Fenix:stateModels	debug	START, START, START, START, START, START, START, START, START, START
2025-02-16 15:21:34:193	Fenix:buttonPresses	debug	0.0
2025-02-16 15:21:34:222	Fenix:drivetrain	debug	0.0,-0.0,-0.0,-0.0,3.0,0.0,3.0,3.0
2025-02-16 15:21:34:233	Fenix:arm	debug	0.0,13.000009536661222,1.0,3.0,0.06687621213134488,-0.0,0.0
2025-02-16 15:21:34:235	Fenix:endEffector	debug	0.0,0.0,0.0
2025-02-16 15:21:34:236	Fenix:stateModels	debug	START, START, START, START, START, START, START, START, START, START
2025-02-16 15:21:34:239	Fenix:buttonPresses	debug	0.0
2025-02-16 15:21:34:267	Fenix:drivetrain	debug	0.0,-0.0,-0.0,-0.0,3.0,0.0,3.0,0.0
2025-02-16 15:21:34:278	Fenix:arm	debug	0.0,13.000009536661222,1.0,3.0,0.06687621213134488,-0.0,0.0
2025-02-16 15:21:34:280	Fenix:endEffector	debug	0.0,0.0,0.0
2025-02-16 15:21:34:282	Fenix:stateModels	debug	START, START, START, START, START, START, START, START, START, START
2025-02-16 15:21:34:284	Fenix:buttonPresses	debug	0.0
2025-02-16 15:21:34:312	Fenix:drivetrain	debug	0.0,-0.0,-0.0,-0.0,3.0,3.0,3.0,3.0
2025-02-16 15:21:34:323	Fenix:arm	debug	0.0,13.000009536661222,1.0,3.0,0.06687621213134488,-0.0,0.0
2025-02-16 15:21:34:326	Fenix:endEffector	debug	0.0,0.0,0.0
2025-02-16 15:21:34:327	Fenix:stateModels	debug	START, START, START, START, START, START, START, START, START, START
2025-02-16 15:21:34:329	Fenix:buttonPresses	debug	0.0
2025-02-16 15:21:34:361	Fenix:drivetrain	debug	0.0,-0.0,-0.0,-0.0,3.0,0.0,3.0,3.0
2025-02-16 15:21:34:375	Fenix:arm	debug	0.0,13.000009536661222,1.0,3.0,0.06687621213134488,-0.0,0.0
2025-02-16 15:21:34:377	Fenix:endEffector	debug	0.0,0.0,0.0
2025-02-16 15:21:34:378	Fenix:stateModels	debug	START, START, START, START, START, START, START, START, START, START
2025-02-16 15:21:34:380	Fenix:buttonPresses	debug	0.0
2025-02-16 15:21:34:424	Fenix:drivetrain	debug	0.0,-0.0,-0.0,-0.0,0.0,0.0,3.0,3.0
2025-02-16 15:21:34:440	Fenix:arm	debug	0.0,13.000009536661222,1.0,3.0,0.06687621213134488,-0.0,0.0
2025-02-16 15:21:34:442	Fenix:endEffector	debug	0.0,0.0,0.0
2025-02-16 15:21:34:444	Fenix:stateModels	debug	START, START, START, START, START, START, START, START, START, START
2025-02-16 15:21:34:445	Fenix:buttonPresses	debug	0.0
2025-02-16 15:21:34:475	Fenix:drivetrain	debug	0.0,-0.0,-0.0,-0.0,0.0,0.0,3.0,3.0
2025-02-16 15:21:34:486	Fenix:arm	debug	0.0,13.000009536661222,1.0,3.0,0.06687621213134488,-0.0,3.0
2025-02-16 15:21:34:488	Fenix:endEffector	debug	0.0,0.0,0.0
2025-02-16 15:21:34:489	Fenix:stateModels	debug	START, START, START, START, START, START, START, START, START, START
2025-02-16 15:21:34:491	Fenix:buttonPresses	debug	0.0
2025-02-16 15:21:34:526	Fenix:drivetrain	debug	0.0,-0.0,-0.0,-0.0,0.0,3.0,3.0,3.0
2025-02-16 15:21:34:538	Fenix:arm	debug	0.0,13.000009536661222,1.0,3.0,0.06687621213134488,-0.0,0.0
2025-02-16 15:21:34:540	Fenix:endEffector	debug	0.0,0.0,0.0
2025-02-16 15:21:34:542	Fenix:stateModels	debug	START, START, START, START, START, START, START, START, START, START
2025-02-16 15:21:34:544	Fenix:buttonPresses	debug	0.0
2025-02-16 15:21:34:581	Fenix:drivetrain	debug	0.0,-0.0,-0.0,-0.0,0.0,0.0,7.0,3.0
2025-02-16 15:21:34:593	Fenix:arm	debug	0.0,13.000009536661222,1.0,3.0,0.06687621213134488,-0.0,3.0
2025-02-16 15:21:34:600	Fenix:endEffector	debug	0.0,0.0,0.0
2025-02-16 15:21:34:602	Fenix:stateModels	debug	START, START, START, START, START, START, START, START, START, START
2025-02-16 15:21:34:604	Fenix:buttonPresses	debug	0.0
2025-02-16 15:21:34:639	Fenix:drivetrain	debug	0.0,-0.0,-0.0,-0.0,0.0,0.0,3.0,3.0
2025-02-16 15:21:34:654	Fenix:arm	debug	0.0,13.000009536661222,1.0,3.0,0.06687621213134488,-0.0,0.0
2025-02-16 15:21:34:657	Fenix:endEffector	debug	0.0,0.0,0.0
2025-02-16 15:21:34:659	Fenix:stateModels	debug	START, START, START, START, START, START, START, START, START, START
2025-02-16 15:21:34:661	Fenix:buttonPresses	debug	0.0
2025-02-16 15:21:34:703	Fenix:drivetrain	debug	0.0,-0.0,-0.0,-0.0,0.0,3.0,3.0,3.0
2025-02-16 15:21:34:716	Fenix:arm	debug	0.0,13.000009536661222,1.0,3.0,0.06687621213134488,-0.0,3.0
2025-02-16 15:21:34:718	Fenix:endEffector	debug	-90.0,-3.0,0.3789
2025-02-16 15:21:34:720	Fenix:stateModels	debug	START, MOVING_WRIST, START, START, START, START, START, START, START, START
2025-02-16 15:21:34:723	Fenix:buttonPresses	debug	0.0
2025-02-16 15:21:34:752	Fenix:drivetrain	debug	0.0,-0.0,-0.0,-0.0,0.0,0.0,3.0,3.0
2025-02-16 15:21:34:764	Fenix:arm	debug	0.0,13.000009536661222,1.0,3.0,0.06687621213134488,-0.0,0.0
2025-02-16 15:21:34:766	Fenix:endEffector	debug	-90.0,-3.0,0.3789
2025-02-16 15:21:34:768	Fenix:stateModels	debug	START, MOVING_WRIST, START, START, START, START, START, START, START, START
2025-02-16 15:21:34:770	Fenix:buttonPresses	debug	0.0
2025-02-16 15:21:34:799	Fenix:drivetrain	debug	0.0,-0.0,-0.0,-0.0,0.0,0.0,3.0,3.0
2025-02-16 15:21:34:809	Fenix:arm	debug	0.0,13.000009536661222,1.0,3.0,0.06687621213134488,-0.0,3.0
2025-02-16 15:21:34:811	Fenix:endEffector	debug	-90.0,-3.0,0.3789
2025-02-16 15:21:34:813	Fenix:stateModels	debug	START, MOVING_WRIST, START, START, START, START, START, START, START, START
2025-02-16 15:21:34:814	Fenix:buttonPresses	debug	0.0
2025-02-16 15:21:34:840	Fenix:drivetrain	debug	0.0,-0.0,-0.0,-0.0,3.0,0.0,3.0,3.0
2025-02-16 15:21:34:851	Fenix:arm	debug	0.0,13.000009536661222,1.0,7.0,0.06687621213134488,-0.0,3.0
2025-02-16 15:21:34:853	Fenix:endEffector	debug	-90.0,-3.0,0.3789
2025-02-16 15:21:34:854	Fenix:stateModels	debug	START, MOVING_WRIST, START, START, START, START, START, START, START, START
2025-02-16 15:21:34:856	Fenix:buttonPresses	debug	0.0
2025-02-16 15:21:34:884	Fenix:drivetrain	debug	0.0,-0.0,-0.0,-0.0,3.0,0.0,3.0,0.0
2025-02-16 15:21:34:899	Fenix:arm	debug	0.0,13.000009536661222,1.0,3.0,0.06687621213134488,-0.0,3.0
2025-02-16 15:21:34:900	Fenix:endEffector	debug	-90.0,-3.0,0.3789
2025-02-16 15:21:34:902	Fenix:stateModels	debug	START, MOVING_WRIST, START, START, START, START, START, START, START, START
2025-02-16 15:21:34:904	Fenix:buttonPresses	debug	0.0
2025-02-16 15:21:34:952	Fenix:drivetrain	debug	0.0,-0.0,-0.0,-0.0,3.0,3.0,3.0,0.0
2025-02-16 15:21:34:967	Fenix:arm	debug	0.0,13.000009536661222,1.0,3.0,0.06687621213134488,-0.0,0.0
2025-02-16 15:21:34:969	Fenix:endEffector	debug	-90.0,-3.0,0.3789
2025-02-16 15:21:34:970	Fenix:stateModels	debug	START, RETRACTING_SLIDE, START, START, START, START, START, START, START, START
2025-02-16 15:21:34:972	Fenix:buttonPresses	debug	0.0
2025-02-16 15:21:35:018	Fenix:drivetrain	debug	0.0,-0.0,-0.0,-0.0,3.0,3.0,3.0,3.0
2025-02-16 15:21:35:030	Fenix:arm	debug	0.0,13.000009536661222,1.0,3.0,0.06687621213134488,1.0,3.0
2025-02-16 15:21:35:032	Fenix:endEffector	debug	-90.0,-3.0,0.3789
2025-02-16 15:21:35:035	Fenix:stateModels	debug	START, MOVING_ELBOW, START, START, START, START, START, START, START, START
2025-02-16 15:21:35:037	Fenix:buttonPresses	debug	0.0
2025-02-16 15:21:35:090	Fenix:drivetrain	debug	0.0,-0.0,-0.0,-0.0,0.0,0.0,3.0,3.0
2025-02-16 15:21:35:103	Fenix:arm	debug	0.0,13.000009536661222,1.0,0.0,0.06687621213134488,1.0,375.0
2025-02-16 15:21:35:105	Fenix:endEffector	debug	-90.0,-3.0,0.3789
2025-02-16 15:21:35:108	Fenix:stateModels	debug	START, MOVING_SLIDE, START, START, START, START, START, START, START, START
2025-02-16 15:21:35:110	Fenix:buttonPresses	debug	0.0
2025-02-16 15:21:35:153	Fenix:drivetrain	debug	0.0,-0.0,-0.0,-0.0,3.0,3.0,3.0,3.0
2025-02-16 15:21:35:169	Fenix:arm	debug	0.40550580234070227,13.000009536661222,1.0,2613.0,0.06687621213134488,1.0,349.0
2025-02-16 15:21:35:172	Fenix:endEffector	debug	-90.0,-3.0,0.3789
2025-02-16 15:21:35:174	Fenix:stateModels	debug	START, MOVING_SLIDE, START, START, START, START, START, START, START, START
2025-02-16 15:21:35:176	Fenix:buttonPresses	debug	0.0
2025-02-16 15:21:35:212	Fenix:drivetrain	debug	0.0,-0.0,-0.0,-0.0,3.0,0.0,3.0,0.0
2025-02-16 15:21:35:225	Fenix:arm	debug	1.3639740624187258,13.000009536661222,1.0,1082.0,0.06687621213134488,1.0,393.0
2025-02-16 15:21:35:232	Fenix:endEffector	debug	-90.0,-3.0,0.3788888888888889
2025-02-16 15:21:35:234	Fenix:stateModels	debug	START, MOVING_SLIDE, START, START, START, START, START, START, START, START
2025-02-16 15:21:35:236	Fenix:buttonPresses	debug	0.0
2025-02-16 15:21:35:270	Fenix:drivetrain	debug	0.0,-0.0,-0.0,-0.0,0.0,3.0,3.0,3.0
2025-02-16 15:21:35:283	Fenix:arm	debug	2.2978662132639793,13.000009536661222,1.0,863.0,0.06687621213134488,1.0,400.0
2025-02-16 15:21:35:285	Fenix:endEffector	debug	-90.0,-3.0,0.3788888888888889
2025-02-16 15:21:35:288	Fenix:stateModels	debug	START, MOVING_SLIDE, START, START, START, START, START, START, START, START
2025-02-16 15:21:35:290	Fenix:buttonPresses	debug	0.0
2025-02-16 15:21:35:325	Fenix:drivetrain	debug	0.0,-0.0,-0.0,-0.0,0.0,0.0,3.0,3.0
2025-02-16 15:21:35:338	Fenix:arm	debug	3.3054866918075425,13.000009536661222,1.0,1115.0,0.06687621213134488,1.0,397.0
2025-02-16 15:21:35:340	Fenix:endEffector	debug	-90.0,-3.0,0.3788888888888889
2025-02-16 15:21:35:342	Fenix:stateModels	debug	START, MOVING_SLIDE, START, START, START, START, START, START, START, START
2025-02-16 15:21:35:345	Fenix:buttonPresses	debug	0.0
2025-02-16 15:21:35:383	Fenix:drivetrain	debug	0.0,-0.0,-0.0,-0.0,3.0,0.0,3.0,0.0
2025-02-16 15:21:35:396	Fenix:arm	debug	4.47285188036411,13.000009536661222,1.0,1078.0,0.06687621213134488,1.0,397.0
2025-02-16 15:21:35:398	Fenix:endEffector	debug	-90.0,-3.0,0.3788888888888889
2025-02-16 15:21:35:400	Fenix:stateModels	debug	START, MOVING_SLIDE, START, START, START, START, START, START, START, START
2025-02-16 15:21:35:402	Fenix:buttonPresses	debug	0.0
2025-02-16 15:21:35:452	Fenix:drivetrain	debug	0.0,-0.0,-0.0,-0.0,0.0,0.0,3.0,0.0
2025-02-16 15:21:35:467	Fenix:arm	debug	5.9474184343303,13.000009536661222,1.0,1122.0,0.06687621213134488,1.0,397.0
2025-02-16 15:21:35:469	Fenix:endEffector	debug	-90.0,-3.0,0.3788888888888889
2025-02-16 15:21:35:471	Fenix:stateModels	debug	START, MOVING_SLIDE, START, START, START, START, START, START, START, START
2025-02-16 15:21:35:474	Fenix:buttonPresses	debug	0.0
2025-02-16 15:21:35:508	Fenix:drivetrain	debug	0.0,-0.0,-0.0,-0.0,0.0,0.0,3.0,0.0
2025-02-16 15:21:35:526	Fenix:arm	debug	7.213088059817946,13.000009536661222,1.0,1097.0,0.06687621213134488,1.0,543.0
2025-02-16 15:21:35:528	Fenix:endEffector	debug	-90.0,-3.0,0.3788888888888889
2025-02-16 15:21:35:530	Fenix:stateModels	debug	START, MOVING_SLIDE, START, START, START, START, START, START, START, START
2025-02-16 15:21:35:532	Fenix:buttonPresses	debug	0.0
2025-02-16 15:21:35:562	Fenix:drivetrain	debug	0.0,-0.0,-0.0,-0.0,0.0,3.0,3.0,0.0
2025-02-16 15:21:35:573	Fenix:arm	debug	8.466469630689208,13.000009536661222,1.0,1082.0,0.06687621213134488,1.0,550.0
2025-02-16 15:21:35:575	Fenix:endEffector	debug	-90.0,-3.0,0.3788888888888889
2025-02-16 15:21:35:577	Fenix:stateModels	debug	START, MOVING_SLIDE, START, START, START, START, START, START, START, START
2025-02-16 15:21:35:579	Fenix:buttonPresses	debug	0.0
2025-02-16 15:21:35:619	Fenix:drivetrain	debug	0.0,-0.0,-0.0,-0.0,3.0,3.0,3.0,3.0
2025-02-16 15:21:35:632	Fenix:arm	debug	9.818155638491548,13.000009536661222,1.0,1348.0,0.06687621213134488,1.0,557.0
2025-02-16 15:21:35:634	Fenix:endEffector	debug	-90.0,-3.0,0.3788888888888889
2025-02-16 15:21:35:637	Fenix:stateModels	debug	START, MOVING_SLIDE, START, START, START, START, START, START, START, START
2025-02-16 15:21:35:639	Fenix:buttonPresses	debug	0.0
2025-02-16 15:21:35:687	Fenix:drivetrain	debug	0.0,-0.0,-0.0,-0.0,3.0,0.0,3.0,0.0
2025-02-16 15:21:35:701	Fenix:arm	debug	10.960944717815346,13.000009536661222,1.0,586.0,0.06687621213134488,1.0,572.0
2025-02-16 15:21:35:703	Fenix:endEffector	debug	-90.0,-3.0,0.3788888888888889
2025-02-16 15:21:35:705	Fenix:stateModels	debug	START, MOVING_SLIDE, START, START, START, START, START, START, START, START
2025-02-16 15:21:35:707	Fenix:buttonPresses	debug	0.0
2025-02-16 15:21:35:737	Fenix:drivetrain	debug	0.0,-0.0,-0.0,-0.0,3.0,0.0,3.0,7.0
2025-02-16 15:21:35:749	Fenix:arm	debug	11.415602738621587,13.00000238416429,1.0,1133.0,0.03343810606567244,1.0,561.0
2025-02-16 15:21:35:756	Fenix:endEffector	debug	-90.0,-3.0,0.3788888888888889
2025-02-16 15:21:35:757	Fenix:stateModels	debug	START, START, START, START, START, START, START, START, START, START
2025-02-16 15:21:35:759	Fenix:buttonPresses	debug	0.0
2025-02-16 15:21:35:787	Fenix:drivetrain	debug	0.0,-0.0,-0.0,-0.0,0.0,0.0,3.0,0.0
2025-02-16 15:21:35:799	Fenix:arm	debug	11.759668267880365,13.00000238416429,1.0,1202.0,0.03343810606567244,1.0,550.0
2025-02-16 15:21:35:801	Fenix:endEffector	debug	-90.0,-3.0,0.3788888888888889
2025-02-16 15:21:35:804	Fenix:stateModels	debug	START, START, START, START, START, START, START, START, START, START
2025-02-16 15:21:35:806	Fenix:buttonPresses	debug	0.0
2025-02-16 15:21:35:836	Fenix:drivetrain	debug	0.0,-0.0,-0.0,-0.0,3.0,3.0,3.0,3.0
2025-02-16 15:21:35:848	Fenix:arm	debug	11.99314130559168,13.00000238416429,1.0,1046.0,0.03343810606567244,1.0,561.0
2025-02-16 15:21:35:852	Fenix:endEffector	debug	-90.0,-3.0,0.3788888888888889
2025-02-16 15:21:35:854	Fenix:stateModels	debug	START, START, START, START, START, START, START, START, START, START
2025-02-16 15:21:35:856	Fenix:buttonPresses	debug	0.0
2025-02-16 15:21:35:885	Fenix:drivetrain	debug	0.0,-0.0,-0.0,-0.0,0.0,0.0,3.0,0.0
2025-02-16 15:21:35:896	Fenix:arm	debug	12.116021851755528,13.00000238416429,1.0,1246.0,0.03343810606567244,1.0,568.0
2025-02-16 15:21:35:898	Fenix:endEffector	debug	-90.0,-3.0,0.3788888888888889
2025-02-16 15:21:35:900	Fenix:stateModels	debug	START, START, START, START, START, START, START, START, START, START
2025-02-16 15:21:35:902	Fenix:buttonPresses	debug	0.0
2025-02-16 15:21:35:933	Fenix:drivetrain	debug	0.0,-0.0,-0.0,-0.0,3.0,3.0,3.0,0.0
2025-02-16 15:21:35:947	Fenix:arm	debug	12.202038234070223,13.00000238416429,1.0,1224.0,0.03343810606567244,1.0,564.0
2025-02-16 15:21:35:950	Fenix:endEffector	debug	-90.0,-3.0,0.3788888888888889
2025-02-16 15:21:35:952	Fenix:stateModels	debug	START, START, START, START, START, START, START, START, START, START
2025-02-16 15:21:35:954	Fenix:buttonPresses	debug	0.0
2025-02-16 15:21:36:000	Fenix:drivetrain	debug	0.0,-0.0,-0.0,-0.0,3.0,0.0,7.0,0.0
2025-02-16 15:21:36:016	Fenix:arm	debug	12.251190452535761,13.00000238416429,1.0,1326.0,0.03343810606567244,1.0,572.0
2025-02-16 15:21:36:019	Fenix:endEffector	debug	-90.0,-3.0,0.3788888888888889
2025-02-16 15:21:36:021	Fenix:stateModels	debug	START, START, START, START, START, START, START, START, START, START
2025-02-16 15:21:36:023	Fenix:buttonPresses	debug	0.0
2025-02-16 15:21:36:056	Fenix:drivetrain	debug	0.0,-0.0,-0.0,-0.0,0.0,3.0,3.0,3.0
2025-02-16 15:21:36:072	Fenix:arm	debug	12.263478507152147,13.00000238416429,1.0,1122.0,0.03343810606567244,1.0,575.0
2025-02-16 15:21:36:074	Fenix:endEffector	debug	-90.0,-3.0,0.3788888888888889
2025-02-16 15:21:36:075	Fenix:stateModels	debug	START, START, START, START, START, START, START, START, START, START
2025-02-16 15:21:36:077	Fenix:buttonPresses	debug	0.0
2025-02-16 15:21:36:104	Fenix:drivetrain	debug	0.0,-0.0,-0.0,-0.0,0.0,0.0,7.0,0.0
2025-02-16 15:21:36:115	Fenix:arm	debug	12.263478507152147,13.00000238416429,1.0,1089.0,0.03343810606567244,1.0,575.0
2025-02-16 15:21:36:117	Fenix:endEffector	debug	-90.0,-3.0,0.3788888888888889
2025-02-16 15:21:36:119	Fenix:stateModels	debug	START, START, START, START, START, START, START, START, START, START
2025-02-16 15:21:36:120	Fenix:buttonPresses	debug	0.0
2025-02-16 15:21:36:155	Fenix:drivetrain	debug	0.0,-0.0,-0.0,-0.0,0.0,3.0,3.0,7.0
2025-02-16 15:21:36:169	Fenix:arm	debug	12.263478507152147,13.00000238416429,1.0,951.0,0.03343810606567244,1.0,579.0
2025-02-16 15:21:36:172	Fenix:endEffector	debug	-90.0,-3.0,0.3788888888888889
2025-02-16 15:21:36:174	Fenix:stateModels	debug	START, START, START, START, START, START, START, START, START, START
2025-02-16 15:21:36:176	Fenix:buttonPresses	debug	0.0
2025-02-16 15:21:36:209	Fenix:drivetrain	debug	0.0,-0.0,-0.0,-0.0,3.0,0.0,10.0,3.0
2025-02-16 15:21:36:220	Fenix:arm	debug	12.263478507152147,13.00000238416429,1.0,820.0,0.03343810606567244,1.0,586.0
2025-02-16 15:21:36:222	Fenix:endEffector	debug	-90.0,-3.0,0.3788888888888889
2025-02-16 15:21:36:224	Fenix:stateModels	debug	START, START, START, START, START, START, START, START, START, START
2025-02-16 15:21:36:226	Fenix:buttonPresses	debug	0.0
2025-02-16 15:21:36:254	Fenix:drivetrain	debug	0.0,-0.0,-0.0,-0.0,0.0,0.0,3.0,3.0
2025-02-16 15:21:36:265	Fenix:arm	debug	12.263478507152147,13.00000238416429,1.0,597.0,0.03343810606567244,1.0,583.0
2025-02-16 15:21:36:270	Fenix:endEffector	debug	-90.0,-3.0,0.3788888888888889
2025-02-16 15:21:36:272	Fenix:stateModels	debug	START, START, START, START, START, START, START, START, START, START
2025-02-16 15:21:36:274	Fenix:buttonPresses	debug	0.0
2025-02-16 15:21:36:302	Fenix:drivetrain	debug	0.0,-0.0,-0.0,-0.0,0.0,0.0,3.0,3.0
2025-02-16 15:21:36:313	Fenix:arm	debug	12.263478507152147,13.00000238416429,1.0,441.0,0.03343810606567244,1.0,586.0
2025-02-16 15:21:36:315	Fenix:endEffector	debug	-90.0,-3.0,0.3788888888888889
2025-02-16 15:21:36:317	Fenix:stateModels	debug	START, START, START, START, START, START, START, START, START, START
2025-02-16 15:21:36:318	Fenix:buttonPresses	debug	0.0
2025-02-16 15:21:36:346	Fenix:drivetrain	debug	0.0,-0.0,-0.0,-0.0,3.0,0.0,3.0,0.0
2025-02-16 15:21:36:358	Fenix:arm	debug	12.263478507152147,13.00000238416429,1.0,404.0,0.03343810606567244,1.0,586.0
2025-02-16 15:21:36:360	Fenix:endEffector	debug	-90.0,-3.0,0.3788888888888889
2025-02-16 15:21:36:362	Fenix:stateModels	debug	START, START, START, START, START, START, START, START, START, START
2025-02-16 15:21:36:364	Fenix:buttonPresses	debug	0.0
2025-02-16 15:21:36:397	Fenix:drivetrain	debug	0.0,-0.0,-0.0,-0.0,3.0,3.0,3.0,0.0
2025-02-16 15:21:36:410	Fenix:arm	debug	12.251190452535761,13.00000238416429,1.0,196.0,0.03343810606567244,1.0,590.0
2025-02-16 15:21:36:413	Fenix:endEffector	debug	-90.0,-3.0,0.3788888888888889
2025-02-16 15:21:36:414	Fenix:stateModels	debug	START, START, START, START, START, START, START, START, START, START
2025-02-16 15:21:36:417	Fenix:buttonPresses	debug	0.0
2025-02-16 15:21:36:450	Fenix:drivetrain	debug	0.0,-0.0,-0.0,-0.0,3.0,0.0,3.0,3.0
2025-02-16 15:21:36:464	Fenix:arm	debug	12.251190452535761,13.00000238416429,1.0,105.0,0.03343810606567244,1.0,590.0
2025-02-16 15:21:36:466	Fenix:endEffector	debug	-90.0,-3.0,0.3788888888888889
2025-02-16 15:21:36:469	Fenix:stateModels	debug	START, START, START, START, START, START, START, START, START, START
2025-02-16 15:21:36:471	Fenix:buttonPresses	debug	0.0
2025-02-16 15:21:36:515	Fenix:drivetrain	debug	0.0,-0.0,-0.0,-0.0,3.0,0.0,7.0,0.0
2025-02-16 15:21:36:531	Fenix:arm	debug	12.238902397919377,13.00000238416429,1.0,29.0,0.03343810606567244,1.0,667.0
2025-02-16 15:21:36:533	Fenix:endEffector	debug	-90.0,-3.0,0.3788888888888889
2025-02-16 15:21:36:535	Fenix:stateModels	debug	START, START, START, START, START, START, START, START, START, START
2025-02-16 15:21:36:536	Fenix:buttonPresses	debug	0.0
2025-02-16 15:21:36:568	Fenix:drivetrain	debug	0.0,-0.0,-0.0,-0.0,0.0,0.0,3.0,3.0
2025-02-16 15:21:36:586	Fenix:arm	debug	12.214326288686607,13.00000238416429,1.0,47.0,0.03343810606567244,1.0,699.0
2025-02-16 15:21:36:589	Fenix:endEffector	debug	-90.0,-3.0,0.3788888888888889
2025-02-16 15:21:36:591	Fenix:stateModels	debug	START, START, START, START, START, START, START, START, START, START
2025-02-16 15:21:36:593	Fenix:buttonPresses	debug	0.0
2025-02-16 15:21:36:624	Fenix:drivetrain	debug	0.0,-0.0,-0.0,-0.0,0.0,0.0,3.0,3.0
2025-02-16 15:21:36:637	Fenix:arm	debug	12.214326288686607,13.00000238416429,1.0,116.0,0.03343810606567244,1.0,707.0
2025-02-16 15:21:36:639	Fenix:endEffector	debug	-90.0,-3.0,0.3788888888888889
2025-02-16 15:21:36:641	Fenix:stateModels	debug	START, START, START, START, START, START, START, START, START, START
2025-02-16 15:21:36:643	Fenix:buttonPresses	debug	0.0
2025-02-16 15:21:36:687	Fenix:drivetrain	debug	0.0,-0.0,-0.0,-0.0,3.0,0.0,7.0,0.0
2025-02-16 15:21:36:702	Fenix:arm	debug	12.189750179453837,13.00000238416429,1.0,284.0,0.03343810606567244,1.0,714.0
2025-02-16 15:21:36:705	Fenix:endEffector	debug	-90.0,-3.0,0.3788888888888889
2025-02-16 15:21:36:707	Fenix:stateModels	debug	START, START, START, START, START, START, START, START, START, START
2025-02-16 15:21:36:710	Fenix:buttonPresses	debug	0.0
2025-02-16 15:21:36:752	Fenix:drivetrain	debug	0.0,-0.0,-0.0,-0.0,0.0,0.0,3.0,0.0
2025-02-16 15:21:36:768	Fenix:arm	debug	12.177462124837453,13.00000238416429,1.0,182.0,0.03343810606567244,1.0,703.0
2025-02-16 15:21:36:776	Fenix:endEffector	debug	-90.0,-3.0,0.3788888888888889
2025-02-16 15:21:36:780	Fenix:stateModels	debug	START, START, START, START, START, START, START, START, START, START
2025-02-16 15:21:36:782	Fenix:buttonPresses	debug	0.0
2025-02-16 15:21:36:813	Fenix:drivetrain	debug	0.0,-0.0,-0.0,-0.0,3.0,0.0,3.0,0.0
2025-02-16 15:21:36:826	Fenix:arm	debug	12.128309906371912,13.00000238416429,1.0,189.0,0.03343810606567244,1.0,714.0
2025-02-16 15:21:36:828	Fenix:endEffector	debug	-90.0,-3.0,0.3788888888888889
2025-02-16 15:21:36:830	Fenix:stateModels	debug	START, START, START, START, START, START, START, START, START, START
2025-02-16 15:21:36:832	Fenix:buttonPresses	debug	0.0
2025-02-16 15:21:36:864	Fenix:drivetrain	debug	0.0,-0.0,-0.0,-0.0,0.0,0.0,3.0,3.0
2025-02-16 15:21:36:877	Fenix:arm	debug	12.116021851755528,13.00000238416429,1.0,229.0,0.03343810606567244,1.0,718.0
2025-02-16 15:21:36:880	Fenix:endEffector	debug	-90.0,-3.0,0.3788888888888889
2025-02-16 15:21:36:883	Fenix:stateModels	debug	START, START, START, START, START, START, START, START, START, START
2025-02-16 15:21:36:884	Fenix:buttonPresses	debug	0.0
2025-02-16 15:21:36:912	Fenix:drivetrain	debug	0.0,-0.0,-0.0,-0.0,0.0,0.0,7.0,3.0
2025-02-16 15:21:36:927	Fenix:arm	debug	12.066869633289988,13.00000238416429,1.0,123.0,0.03343810606567244,1.0,718.0
2025-02-16 15:21:36:929	Fenix:endEffector	debug	-90.0,-3.0,0.3788888888888889
2025-02-16 15:21:36:931	Fenix:stateModels	debug	START, START, START, START, START, START, START, START, START, START
2025-02-16 15:21:36:933	Fenix:buttonPresses	debug	0.0
2025-02-16 15:21:36:963	Fenix:drivetrain	debug	0.0,-0.0,-0.0,-0.0,3.0,0.0,3.0,3.0
2025-02-16 15:21:36:976	Fenix:arm	debug	12.054581578673604,13.00000238416429,1.0,215.0,0.03343810606567244,1.0,721.0
2025-02-16 15:21:36:978	Fenix:endEffector	debug	-90.0,-3.0,0.3788888888888889
2025-02-16 15:21:36:979	Fenix:stateModels	debug	START, START, START, START, START, START, START, START, START, START
2025-02-16 15:21:36:981	Fenix:buttonPresses	debug	0.0
2025-02-16 15:21:37:021	Fenix:drivetrain	debug	0.0,-0.0,-0.0,-0.0,3.0,0.0,3.0,3.0
2025-02-16 15:21:37:036	Fenix:arm	debug	12.054581578673604,13.00000238416429,1.0,236.0,0.03343810606567244,1.0,805.0
2025-02-16 15:21:37:038	Fenix:endEffector	debug	-90.0,-3.0,0.3788888888888889
2025-02-16 15:21:37:039	Fenix:stateModels	debug	START, START, START, START, START, START, START, START, START, START
2025-02-16 15:21:37:041	Fenix:buttonPresses	debug	0.0
2025-02-16 15:21:37:071	Fenix:drivetrain	debug	0.0,-0.0,-0.0,-0.0,3.0,0.0,3.0,3.0
2025-02-16 15:21:37:086	Fenix:arm	debug	12.042293524057218,13.00000238416429,1.0,313.0,0.03343810606567244,1.0,867.0
2025-02-16 15:21:37:088	Fenix:endEffector	debug	-90.0,-3.0,0.3788888888888889
2025-02-16 15:21:37:090	Fenix:stateModels	debug	START, START, START, START, START, START, START, START, START, START
2025-02-16 15:21:37:092	Fenix:buttonPresses	debug	0.0
2025-02-16 15:21:37:120	Fenix:drivetrain	debug	0.0,-0.0,-0.0,-0.0,0.0,0.0,3.0,3.0
2025-02-16 15:21:37:134	Fenix:arm	debug	12.042293524057218,13.00000238416429,1.0,328.0,0.03343810606567244,1.0,882.0
2025-02-16 15:21:37:136	Fenix:endEffector	debug	-90.0,-3.0,0.3788888888888889
2025-02-16 15:21:37:137	Fenix:stateModels	debug	START, START, START, START, START, START, START, START, START, START
2025-02-16 15:21:37:139	Fenix:buttonPresses	debug	0.0
2025-02-16 15:21:37:167	Fenix:drivetrain	debug	0.0,-0.0,-0.0,-0.0,3.0,0.0,3.0,0.0
2025-02-16 15:21:37:179	Fenix:arm	debug	12.042293524057218,13.00000238416429,1.0,419.0,0.03343810606567244,1.0,885.0
2025-02-16 15:21:37:181	Fenix:endEffector	debug	-90.0,-3.0,0.3788888888888889
2025-02-16 15:21:37:183	Fenix:stateModels	debug	START, START, START, START, START, START, START, START, START, START
2025-02-16 15:21:37:184	Fenix:buttonPresses	debug	0.0
2025-02-16 15:21:37:223	Fenix:drivetrain	debug	0.0,-0.0,-0.0,-0.0,0.0,3.0,7.0,3.0
2025-02-16 15:21:37:234	Fenix:arm	debug	12.005429360208064,13.00000238416429,1.0,273.0,0.03343810606567244,1.0,900.0
2025-02-16 15:21:37:236	Fenix:endEffector	debug	-90.0,-3.0,0.3788888888888889
2025-02-16 15:21:37:238	Fenix:stateModels	debug	START, START, START, START, START, START, START, START, START, START
2025-02-16 15:21:37:239	Fenix:buttonPresses	debug	0.0
2025-02-16 15:21:37:272	Fenix:drivetrain	debug	0.0,-0.0,-0.0,-0.0,3.0,0.0,7.0,3.0
2025-02-16 15:21:37:284	Fenix:arm	debug	12.005429360208064,13.00000238416429,1.0,225.0,0.03343810606567244,1.0,889.0
2025-02-16 15:21:37:289	Fenix:endEffector	debug	-90.0,-3.0,0.3788888888888889
2025-02-16 15:21:37:291	Fenix:stateModels	debug	START, START, START, START, START, START, START, START, START, START
2025-02-16 15:21:37:293	Fenix:buttonPresses	debug	0.0
2025-02-16 15:21:37:320	Fenix:drivetrain	debug	0.0,-0.0,-0.0,-0.0,0.0,0.0,3.0,3.0
2025-02-16 15:21:37:331	Fenix:arm	debug	11.99314130559168,13.00000238416429,1.0,298.0,0.03343810606567244,1.0,896.0
2025-02-16 15:21:37:333	Fenix:endEffector	debug	-90.0,-3.0,0.3788888888888889
2025-02-16 15:21:37:335	Fenix:stateModels	debug	START, START, START, START, START, START, START, START, START, START
2025-02-16 15:21:37:337	Fenix:buttonPresses	debug	0.0
2025-02-16 15:21:37:367	Fenix:drivetrain	debug	0.0,-0.0,-0.0,-0.0,3.0,3.0,3.0,3.0
2025-02-16 15:21:37:379	Fenix:arm	debug	11.980853250975294,13.00000238416429,1.0,328.0,0.03343810606567244,1.0,903.0
2025-02-16 15:21:37:382	Fenix:endEffector	debug	-90.0,-3.0,0.3788888888888889
2025-02-16 15:21:37:383	Fenix:stateModels	debug	START, START, START, START, START, START, START, START, START, START
2025-02-16 15:21:37:386	Fenix:buttonPresses	debug	0.0
2025-02-16 15:21:37:414	Fenix:drivetrain	debug	0.0,-0.0,-0.0,-0.0,0.0,0.0,3.0,0.0
2025-02-16 15:21:37:426	Fenix:arm	debug	11.980853250975294,13.00000238416429,1.0,317.0,0.03343810606567244,1.0,903.0
2025-02-16 15:21:37:429	Fenix:endEffector	debug	-90.0,-3.0,0.3788888888888889
2025-02-16 15:21:37:431	Fenix:stateModels	debug	START, START, START, START, START, START, START, START, START, START
2025-02-16 15:21:37:433	Fenix:buttonPresses	debug	0.0
2025-02-16 15:21:37:463	Fenix:drivetrain	debug	0.0,-0.0,-0.0,-0.0,3.0,0.0,7.0,0.0
2025-02-16 15:21:37:475	Fenix:arm	debug	11.980853250975294,13.00000238416429,1.0,313.0,0.03343810606567244,1.0,900.0
2025-02-16 15:21:37:478	Fenix:endEffector	debug	-90.0,-3.0,0.3788888888888889
2025-02-16 15:21:37:480	Fenix:stateModels	debug	START, START, START, START, START, START, START, START, START, START
2025-02-16 15:21:37:482	Fenix:buttonPresses	debug	0.0
2025-02-16 15:21:37:522	Fenix:drivetrain	debug	0.0,-0.0,-0.0,-0.0,3.0,3.0,3.0,0.0
2025-02-16 15:21:37:533	Fenix:arm	debug	11.980853250975294,13.00000238416429,1.0,324.0,0.03343810606567244,1.0,911.0
2025-02-16 15:21:37:536	Fenix:endEffector	debug	-90.0,-3.0,0.3788888888888889
2025-02-16 15:21:37:537	Fenix:stateModels	debug	START, START, START, START, START, START, START, START, START, START
2025-02-16 15:21:37:539	Fenix:buttonPresses	debug	0.0
2025-02-16 15:21:37:569	Fenix:drivetrain	debug	0.0,-0.0,-0.0,-0.0,3.0,0.0,7.0,0.0
2025-02-16 15:21:37:583	Fenix:arm	debug	11.980853250975294,13.00000238416429,1.0,317.0,0.03343810606567244,1.0,907.0
2025-02-16 15:21:37:585	Fenix:endEffector	debug	-90.0,-3.0,0.3788888888888889
2025-02-16 15:21:37:587	Fenix:stateModels	debug	START, START, START, START, START, START, START, START, START, START
2025-02-16 15:21:37:589	Fenix:buttonPresses	debug	0.0
2025-02-16 15:21:37:623	Fenix:drivetrain	debug	0.0,-0.0,-0.0,-0.0,3.0,0.0,7.0,0.0
2025-02-16 15:21:37:639	Fenix:arm	debug	11.980853250975294,13.00000238416429,1.0,338.0,0.03343810606567244,1.0,911.0
2025-02-16 15:21:37:641	Fenix:endEffector	debug	-75.0,-3.0,0.3788888888888889
2025-02-16 15:21:37:643	Fenix:stateModels	debug	START, START, START, START, START, START, START, START, START, START
2025-02-16 15:21:37:644	Fenix:buttonPresses	debug	0.0
2025-02-16 15:21:37:676	Fenix:drivetrain	debug	0.0,-0.0,-0.0,-0.0,0.0,3.0,3.0,0.0
2025-02-16 15:21:37:688	Fenix:arm	debug	11.980853250975294,13.00000238416429,1.0,258.0,0.03343810606567244,1.0,907.0
2025-02-16 15:21:37:691	Fenix:endEffector	debug	-75.0,-3.0,0.3788888888888889
2025-02-16 15:21:37:694	Fenix:stateModels	debug	START, START, START, START, START, START, START, START, START, START
2025-02-16 15:21:37:696	Fenix:buttonPresses	debug	0.0
2025-02-16 15:21:37:734	Fenix:drivetrain	debug	0.0,-0.0,-0.0,-0.0,3.0,3.0,7.0,3.0
2025-02-16 15:21:37:745	Fenix:arm	debug	11.980853250975294,13.00000238416429,1.0,262.0,0.03343810606567244,1.0,911.0
2025-02-16 15:21:37:747	Fenix:endEffector	debug	-75.0,-3.0,0.3788888888888889
2025-02-16 15:21:37:749	Fenix:stateModels	debug	START, START, START, START, START, START, START, START, START, START
2025-02-16 15:21:37:750	Fenix:buttonPresses	debug	0.0
2025-02-16 15:21:37:783	Fenix:drivetrain	debug	0.0,-0.0,-0.0,-0.0,0.0,3.0,3.0,3.0
2025-02-16 15:21:37:795	Fenix:arm	debug	11.980853250975294,13.00000238416429,1.0,240.0,0.03343810606567244,1.0,911.0
2025-02-16 15:21:37:800	Fenix:endEffector	debug	-75.0,-3.0,0.3788888888888889
2025-02-16 15:21:37:801	Fenix:stateModels	debug	START, START, START, START, START, START, START, START, START, START
2025-02-16 15:21:37:803	Fenix:buttonPresses	debug	0.0
2025-02-16 15:21:37:828	Fenix:drivetrain	debug	0.0,-0.0,-0.0,-0.0,3.0,0.0,3.0,0.0
2025-02-16 15:21:37:840	Fenix:arm	debug	11.980853250975294,13.00000238416429,1.0,225.0,0.03343810606567244,1.0,907.0
2025-02-16 15:21:37:842	Fenix:endEffector	debug	-75.0,-3.0,0.3788888888888889
2025-02-16 15:21:37:843	Fenix:stateModels	debug	START, START, START, START, START, START, START, START, START, START
2025-02-16 15:21:37:845	Fenix:buttonPresses	debug	0.0
2025-02-16 15:21:37:872	Fenix:drivetrain	debug	0.0,-0.0,-0.0,-0.0,0.0,0.0,3.0,3.0
2025-02-16 15:21:37:885	Fenix:arm	debug	11.980853250975294,13.00000238416429,1.0,236.0,0.03343810606567244,1.0,911.0
2025-02-16 15:21:37:886	Fenix:endEffector	debug	-75.0,-3.0,0.3788888888888889
2025-02-16 15:21:37:888	Fenix:stateModels	debug	START, START, START, START, START, START, START, START, START, START
2025-02-16 15:21:37:890	Fenix:buttonPresses	debug	0.0
2025-02-16 15:21:37:917	Fenix:drivetrain	debug	0.0,-0.0,-0.0,-0.0,3.0,0.0,3.0,0.0
2025-02-16 15:21:37:929	Fenix:arm	debug	11.980853250975294,13.00000238416429,1.0,229.0,0.03343810606567244,1.0,911.0
2025-02-16 15:21:37:932	Fenix:endEffector	debug	-75.0,-3.0,0.3788888888888889
2025-02-16 15:21:37:934	Fenix:stateModels	debug	START, START, START, START, START, START, START, START, START, START
2025-02-16 15:21:37:935	Fenix:buttonPresses	debug	0.0
2025-02-16 15:21:37:966	Fenix:drivetrain	debug	0.0,-0.0,-0.0,-0.0,3.0,0.0,3.0,0.0
2025-02-16 15:21:37:978	Fenix:arm	debug	11.980853250975294,13.00000238416429,1.0,222.0,0.03343810606567244,1.0,984.0
2025-02-16 15:21:37:979	Fenix:endEffector	debug	-75.0,-3.0,0.3788888888888889
2025-02-16 15:21:37:982	Fenix:stateModels	debug	START, START, START, START, START, START, START, START, START, START
2025-02-16 15:21:37:983	Fenix:buttonPresses	debug	0.0
2025-02-16 15:21:38:013	Fenix:drivetrain	debug	0.0,-0.0,-0.0,-0.0,3.0,0.0,3.0,0.0
2025-02-16 15:21:38:025	Fenix:arm	debug	11.980853250975294,13.00000238416429,1.0,244.0,0.03343810606567244,1.0,1031.0
2025-02-16 15:21:38:027	Fenix:endEffector	debug	-75.0,-3.0,0.3788888888888889
2025-02-16 15:21:38:029	Fenix:stateModels	debug	START, START, START, START, START, START, START, START, START, START
2025-02-16 15:21:38:030	Fenix:buttonPresses	debug	0.0
2025-02-16 15:21:38:070	Fenix:drivetrain	debug	0.0,-0.0,-0.0,-0.0,3.0,0.0,3.0,3.0
2025-02-16 15:21:38:081	Fenix:arm	debug	11.980853250975294,13.00000238416429,1.0,218.0,0.03343810606567244,1.0,1064.0
2025-02-16 15:21:38:083	Fenix:endEffector	debug	-75.0,-3.0,0.3788888888888889
2025-02-16 15:21:38:085	Fenix:stateModels	debug	START, START, START, START, START, START, START, START, START, START
2025-02-16 15:21:38:087	Fenix:buttonPresses	debug	0.0
2025-02-16 15:21:38:115	Fenix:drivetrain	debug	0.0,-0.0,-0.0,-0.0,3.0,3.0,3.0,3.0
2025-02-16 15:21:38:130	Fenix:arm	debug	11.980853250975294,13.00000238416429,1.0,109.0,0.03343810606567244,1.0,1071.0
2025-02-16 15:21:38:133	Fenix:endEffector	debug	-75.0,-3.0,0.3788888888888889
2025-02-16 15:21:38:135	Fenix:stateModels	debug	START, START, START, START, START, START, START, START, START, START
2025-02-16 15:21:38:137	Fenix:buttonPresses	debug	0.0
2025-02-16 15:21:38:165	Fenix:drivetrain	debug	0.0,-0.0,-0.0,-0.0,3.0,0.0,7.0,3.0
2025-02-16 15:21:38:180	Fenix:arm	debug	11.980853250975294,13.00000238416429,1.0,91.0,0.03343810606567244,1.0,1075.0
2025-02-16 15:21:38:181	Fenix:endEffector	debug	-75.0,-3.0,0.3788888888888889
2025-02-16 15:21:38:183	Fenix:stateModels	debug	START, START, START, START, START, START, START, START, START, START
2025-02-16 15:21:38:185	Fenix:buttonPresses	debug	0.0
2025-02-16 15:21:38:212	Fenix:drivetrain	debug	0.0,-0.0,-0.0,-0.0,0.0,0.0,3.0,0.0
2025-02-16 15:21:38:223	Fenix:arm	debug	11.980853250975294,13.00000238416429,1.0,105.0,0.03343810606567244,1.0,1078.0
2025-02-16 15:21:38:225	Fenix:endEffector	debug	-75.0,-3.0,0.3788888888888889
2025-02-16 15:21:38:226	Fenix:stateModels	debug	START, START, START, START, START, START, START, START, START, START
2025-02-16 15:21:38:228	Fenix:buttonPresses	debug	0.0
2025-02-16 15:21:38:262	Fenix:drivetrain	debug	0.0,-0.0,-0.0,-0.0,0.0,0.0,3.0,3.0
2025-02-16 15:21:38:273	Fenix:arm	debug	11.980853250975294,13.00000238416429,1.0,102.0,0.03343810606567244,1.0,1082.0
2025-02-16 15:21:38:275	Fenix:endEffector	debug	-75.0,-3.0,0.3788888888888889
2025-02-16 15:21:38:277	Fenix:stateModels	debug	START, START, START, START, START, START, START, START, START, START
2025-02-16 15:21:38:278	Fenix:buttonPresses	debug	0.0
2025-02-16 15:21:38:309	Fenix:drivetrain	debug	0.0,-0.0,-0.0,-0.0,0.0,0.0,3.0,3.0
2025-02-16 15:21:38:320	Fenix:arm	debug	11.980853250975294,13.00000238416429,1.0,94.0,0.03343810606567244,1.0,1086.0
2025-02-16 15:21:38:325	Fenix:endEffector	debug	-75.0,-3.0,0.3788888888888889
2025-02-16 15:21:38:327	Fenix:stateModels	debug	START, START, START, START, START, START, START, START, START, START
2025-02-16 15:21:38:329	Fenix:buttonPresses	debug	0.0
2025-02-16 15:21:38:358	Fenix:drivetrain	debug	0.0,-0.0,-0.0,-0.0,0.0,0.0,3.0,3.0
2025-02-16 15:21:38:369	Fenix:arm	debug	11.980853250975294,13.00000238416429,1.0,116.0,0.03343810606567244,1.0,1086.0
2025-02-16 15:21:38:371	Fenix:endEffector	debug	-75.0,-3.0,0.3788888888888889
2025-02-16 15:21:38:373	Fenix:stateModels	debug	START, START, START, START, START, START, START, START, START, START
2025-02-16 15:21:38:375	Fenix:buttonPresses	debug	0.0
2025-02-16 15:21:38:405	Fenix:drivetrain	debug	0.0,-0.0,-0.0,-0.0,3.0,0.0,7.0,0.0
2025-02-16 15:21:38:417	Fenix:arm	debug	11.980853250975294,13.00000238416429,1.0,112.0,0.03343810606567244,1.0,1097.0
2025-02-16 15:21:38:419	Fenix:endEffector	debug	-75.0,-3.0,0.3788888888888889
2025-02-16 15:21:38:420	Fenix:stateModels	debug	START, START, START, START, START, START, START, START, START, START
2025-02-16 15:21:38:422	Fenix:buttonPresses	debug	0.0
2025-02-16 15:21:38:451	Fenix:drivetrain	debug	0.0,-0.0,-0.0,-0.0,3.0,0.0,3.0,3.0
2025-02-16 15:21:38:464	Fenix:arm	debug	11.980853250975294,13.00000238416429,1.0,120.0,0.03343810606567244,1.0,1199.0
2025-02-16 15:21:38:465	Fenix:endEffector	debug	-75.0,-3.0,0.3788888888888889
2025-02-16 15:21:38:467	Fenix:stateModels	debug	START, START, START, START, START, START, START, START, START, START
2025-02-16 15:21:38:468	Fenix:buttonPresses	debug	0.0
2025-02-16 15:21:38:501	Fenix:drivetrain	debug	0.0,-0.0,-0.0,-0.0,0.0,3.0,3.0,3.0
2025-02-16 15:21:38:512	Fenix:arm	debug	11.980853250975294,13.00000238416429,1.0,109.0,0.03343810606567244,1.0,1217.0
2025-02-16 15:21:38:514	Fenix:endEffector	debug	-60.0,-3.0,0.3788888888888889
2025-02-16 15:21:38:516	Fenix:stateModels	debug	START, START, START, START, START, START, START, START, START, START
2025-02-16 15:21:38:518	Fenix:buttonPresses	debug	0.0
2025-02-16 15:21:38:564	Fenix:drivetrain	debug	0.0,-0.0,-0.0,-0.0,3.0,0.0,3.0,3.0
2025-02-16 15:21:38:576	Fenix:arm	debug	11.980853250975294,13.00000238416429,1.0,109.0,0.03343810606567244,1.0,1224.0
2025-02-16 15:21:38:577	Fenix:endEffector	debug	-60.0,-3.0,0.3788888888888889
2025-02-16 15:21:38:579	Fenix:stateModels	debug	START, START, START, START, START, START, START, START, START, START
2025-02-16 15:21:38:581	Fenix:buttonPresses	debug	0.0
2025-02-16 15:21:38:608	Fenix:drivetrain	debug	0.0,-0.0,-0.0,-0.0,3.0,0.0,3.0,0.0
2025-02-16 15:21:38:620	Fenix:arm	debug	11.980853250975294,13.00000238416429,1.0,32.0,0.03343810606567244,1.0,1232.0
2025-02-16 15:21:38:622	Fenix:endEffector	debug	-60.0,-3.0,0.3788888888888889
2025-02-16 15:21:38:623	Fenix:stateModels	debug	START, START, START, START, START, START, START, START, START, START
2025-02-16 15:21:38:625	Fenix:buttonPresses	debug	0.0
2025-02-16 15:21:38:654	Fenix:drivetrain	debug	0.0,-0.0,-0.0,-0.0,3.0,3.0,7.0,0.0
2025-02-16 15:21:38:667	Fenix:arm	debug	11.980853250975294,13.00000238416429,1.0,14.0,0.03343810606567244,1.0,1239.0
2025-02-16 15:21:38:669	Fenix:endEffector	debug	-60.0,-3.0,0.3788888888888889
2025-02-16 15:21:38:670	Fenix:stateModels	debug	START, START, START, START, START, START, START, START, START, START
2025-02-16 15:21:38:672	Fenix:buttonPresses	debug	0.0
2025-02-16 15:21:38:702	Fenix:drivetrain	debug	0.0,-0.0,-0.0,-0.0,3.0,0.0,3.0,3.0
2025-02-16 15:21:38:719	Fenix:arm	debug	11.980853250975294,13.00000238416429,1.0,25.0,0.03343810606567244,1.0,1242.0
2025-02-16 15:21:38:722	Fenix:endEffector	debug	-60.0,-3.0,0.3788888888888889
2025-02-16 15:21:38:724	Fenix:stateModels	debug	START, START, START, START, START, START, START, START, START, START
2025-02-16 15:21:38:726	Fenix:buttonPresses	debug	0.0
2025-02-16 15:21:38:754	Fenix:drivetrain	debug	0.0,-0.0,-0.0,-0.0,3.0,3.0,3.0,3.0
2025-02-16 15:21:38:766	Fenix:arm	debug	11.980853250975294,13.00000238416429,1.0,18.0,0.03343810606567244,1.0,1246.0
2025-02-16 15:21:38:768	Fenix:endEffector	debug	-60.0,-3.0,0.3788888888888889
2025-02-16 15:21:38:770	Fenix:stateModels	debug	START, START, START, START, START, START, START, START, START, START
2025-02-16 15:21:38:772	Fenix:buttonPresses	debug	0.0
2025-02-16 15:21:38:808	Fenix:drivetrain	debug	0.0,-0.0,-0.0,-0.0,3.0,0.0,3.0,3.0
2025-02-16 15:21:38:820	Fenix:arm	debug	11.980853250975294,13.00000238416429,1.0,36.0,0.03343810606567244,1.0,1250.0
2025-02-16 15:21:38:822	Fenix:endEffector	debug	-60.0,-3.0,0.3788888888888889
2025-02-16 15:21:38:823	Fenix:stateModels	debug	START, START, START, START, START, START, START, START, START, START
2025-02-16 15:21:38:825	Fenix:buttonPresses	debug	0.0
2025-02-16 15:21:38:859	Fenix:drivetrain	debug	0.0,-0.0,-0.0,-0.0,0.0,0.0,3.0,3.0
2025-02-16 15:21:38:872	Fenix:arm	debug	11.980853250975294,13.00000238416429,1.0,40.0,0.03343810606567244,1.0,1250.0
2025-02-16 15:21:38:878	Fenix:endEffector	debug	-45.0,-3.0,0.3788888888888889
2025-02-16 15:21:38:881	Fenix:stateModels	debug	START, START, START, START, START, START, START, START, START, START
2025-02-16 15:21:38:883	Fenix:buttonPresses	debug	0.0
2025-02-16 15:21:38:912	Fenix:drivetrain	debug	0.0,-0.0,-0.0,-0.0,0.0,0.0,3.0,0.0
2025-02-16 15:21:38:926	Fenix:arm	debug	11.980853250975294,13.00000238416429,1.0,32.0,0.03343810606567244,1.0,1250.0
2025-02-16 15:21:38:929	Fenix:endEffector	debug	-45.0,-3.0,0.3788888888888889
2025-02-16 15:21:38:931	Fenix:stateModels	debug	START, START, START, START, START, START, START, START, START, START
2025-02-16 15:21:38:934	Fenix:buttonPresses	debug	0.0
2025-02-16 15:21:38:969	Fenix:drivetrain	debug	0.0,-0.0,-0.0,-0.0,3.0,0.0,3.0,0.0
2025-02-16 15:21:38:982	Fenix:arm	debug	11.980853250975294,13.00000238416429,1.0,40.0,0.03343810606567244,1.0,1250.0
2025-02-16 15:21:38:985	Fenix:endEffector	debug	-45.0,-3.0,0.3788888888888889
2025-02-16 15:21:38:987	Fenix:stateModels	debug	START, START, START, START, START, START, START, START, START, START
2025-02-16 15:21:38:989	Fenix:buttonPresses	debug	0.0
2025-02-16 15:21:39:020	Fenix:drivetrain	debug	0.0,-0.0,-0.0,-0.0,0.0,3.0,3.0,0.0
2025-02-16 15:21:39:032	Fenix:arm	debug	11.980853250975294,13.00000238416429,1.0,54.0,0.03343810606567244,1.0,1253.0
2025-02-16 15:21:39:034	Fenix:endEffector	debug	-45.0,-3.0,0.3788888888888889
2025-02-16 15:21:39:037	Fenix:stateModels	debug	START, START, START, START, START, START, START, START, START, START
2025-02-16 15:21:39:038	Fenix:buttonPresses	debug	0.0
2025-02-16 15:21:39:081	Fenix:drivetrain	debug	0.0,-0.0,-0.0,-0.0,0.0,0.0,3.0,3.0
2025-02-16 15:21:39:092	Fenix:arm	debug	11.980853250975294,13.00000238416429,1.0,54.0,0.03343810606567244,1.0,1253.0
2025-02-16 15:21:39:094	Fenix:endEffector	debug	-45.0,-3.0,0.3788888888888889
2025-02-16 15:21:39:096	Fenix:stateModels	debug	START, START, START, START, START, START, START, START, START, START
2025-02-16 15:21:39:098	Fenix:buttonPresses	debug	0.0
2025-02-16 15:21:39:126	Fenix:drivetrain	debug	0.0,-0.0,-0.0,-0.0,0.0,0.0,3.0,0.0
2025-02-16 15:21:39:137	Fenix:arm	debug	11.980853250975294,13.00000238416429,1.0,80.0,0.03343810606567244,1.0,1257.0
2025-02-16 15:21:39:139	Fenix:endEffector	debug	-45.0,-3.0,0.3788888888888889
2025-02-16 15:21:39:142	Fenix:stateModels	debug	START, START, START, START, START, START, START, START, START, START
2025-02-16 15:21:39:144	Fenix:buttonPresses	debug	0.0
2025-02-16 15:21:39:176	Fenix:drivetrain	debug	0.0,-0.0,-0.0,-0.0,3.0,0.0,3.0,3.0
2025-02-16 15:21:39:190	Fenix:arm	debug	11.980853250975294,13.00000238416429,1.0,105.0,0.03343810606567244,1.0,1257.0
2025-02-16 15:21:39:192	Fenix:endEffector	debug	-30.0,-3.0,0.3788888888888889
2025-02-16 15:21:39:194	Fenix:stateModels	debug	START, START, START, START, START, START, START, START, START, START
2025-02-16 15:21:39:196	Fenix:buttonPresses	debug	0.0
2025-02-16 15:21:39:229	Fenix:drivetrain	debug	0.0,-0.0,-0.0,-0.0,0.0,3.0,3.0,0.0
2025-02-16 15:21:39:246	Fenix:arm	debug	11.980853250975294,13.00000238416429,1.0,120.0,0.03343810606567244,1.0,1257.0
2025-02-16 15:21:39:248	Fenix:endEffector	debug	-30.0,-3.0,0.3788888888888889
2025-02-16 15:21:39:250	Fenix:stateModels	debug	START, START, START, START, START, START, START, START, START, START
2025-02-16 15:21:39:252	Fenix:buttonPresses	debug	0.0
2025-02-16 15:21:39:280	Fenix:drivetrain	debug	0.0,-0.0,-0.0,-0.0,0.0,0.0,3.0,3.0
2025-02-16 15:21:39:291	Fenix:arm	debug	11.980853250975294,13.00000238416429,1.0,98.0,0.03343810606567244,1.0,1352.0
2025-02-16 15:21:39:293	Fenix:endEffector	debug	-30.0,-3.0,0.3788888888888889
2025-02-16 15:21:39:295	Fenix:stateModels	debug	START, START, START, START, START, START, START, START, START, START
2025-02-16 15:21:39:297	Fenix:buttonPresses	debug	0.0
2025-02-16 15:21:39:336	Fenix:drivetrain	debug	0.0,-0.0,-0.0,-0.0,3.0,0.0,3.0,0.0
2025-02-16 15:21:39:347	Fenix:arm	debug	11.980853250975294,13.00000238416429,1.0,109.0,0.03343810606567244,1.0,1377.0
2025-02-16 15:21:39:349	Fenix:endEffector	debug	-30.0,-3.0,0.3788888888888889
2025-02-16 15:21:39:351	Fenix:stateModels	debug	START, START, START, START, START, START, START, START, START, START
2025-02-16 15:21:39:353	Fenix:buttonPresses	debug	0.0
2025-02-16 15:21:39:383	Fenix:drivetrain	debug	0.0,-0.0,-0.0,-0.0,3.0,3.0,3.0,0.0
2025-02-16 15:21:39:394	Fenix:arm	debug	11.980853250975294,13.00000238416429,1.0,120.0,0.03343810606567244,1.0,1388.0
2025-02-16 15:21:39:399	Fenix:endEffector	debug	-30.0,-3.0,0.3788888888888889
2025-02-16 15:21:39:400	Fenix:stateModels	debug	START, START, START, START, START, START, START, START, START, START
2025-02-16 15:21:39:403	Fenix:buttonPresses	debug	0.0
2025-02-16 15:21:39:430	Fenix:drivetrain	debug	0.0,-0.0,-0.0,-0.0,0.0,3.0,3.0,0.0
2025-02-16 15:21:39:442	Fenix:arm	debug	11.980853250975294,13.00000238416429,1.0,123.0,0.03343810606567244,1.0,1417.0
2025-02-16 15:21:39:444	Fenix:endEffector	debug	-15.0,-3.0,0.3788888888888889
2025-02-16 15:21:39:445	Fenix:stateModels	debug	START, START, START, START, START, START, START, START, START, START
2025-02-16 15:21:39:447	Fenix:buttonPresses	debug	0.0
2025-02-16 15:21:39:477	Fenix:drivetrain	debug	0.0,-0.0,-0.0,-0.0,3.0,3.0,3.0,3.0
2025-02-16 15:21:39:489	Fenix:arm	debug	11.980853250975294,13.00000238416429,1.0,112.0,0.03343810606567244,1.0,1421.0
2025-02-16 15:21:39:490	Fenix:endEffector	debug	-15.0,-3.0,0.3788888888888889
2025-02-16 15:21:39:492	Fenix:stateModels	debug	START, START, START, START, START, START, START, START, START, START
2025-02-16 15:21:39:493	Fenix:buttonPresses	debug	0.0
2025-02-16 15:21:39:519	Fenix:drivetrain	debug	0.0,-0.0,-0.0,-0.0,3.0,0.0,3.0,0.0
2025-02-16 15:21:39:530	Fenix:arm	debug	11.980853250975294,13.00000238416429,1.0,98.0,0.03343810606567244,1.0,1417.0
2025-02-16 15:21:39:532	Fenix:endEffector	debug	-15.0,-3.0,0.3788888888888889
2025-02-16 15:21:39:533	Fenix:stateModels	debug	START, START, START, START, START, START, START, START, START, START
2025-02-16 15:21:39:535	Fenix:buttonPresses	debug	0.0
2025-02-16 15:21:39:573	Fenix:drivetrain	debug	0.0,-0.0,-0.0,-0.0,0.0,3.0,3.0,0.0
2025-02-16 15:21:39:584	Fenix:arm	debug	11.980853250975294,13.00000238416429,1.0,123.0,0.03343810606567244,1.0,1425.0
2025-02-16 15:21:39:586	Fenix:endEffector	debug	-15.0,-3.0,0.3788888888888889
2025-02-16 15:21:39:588	Fenix:stateModels	debug	START, START, START, START, START, START, START, START, START, START
2025-02-16 15:21:39:589	Fenix:buttonPresses	debug	0.0
2025-02-16 15:21:39:619	Fenix:drivetrain	debug	0.0,-0.0,-0.0,-0.0,0.0,3.0,3.0,0.0
2025-02-16 15:21:39:631	Fenix:arm	debug	11.980853250975294,13.00000238416429,1.0,207.0,0.03343810606567244,1.0,1421.0
2025-02-16 15:21:39:633	Fenix:endEffector	debug	-15.0,-3.0,0.3788888888888889
2025-02-16 15:21:39:636	Fenix:stateModels	debug	START, START, START, START, START, START, START, START, START, START
2025-02-16 15:21:39:637	Fenix:buttonPresses	debug	0.0
2025-02-16 15:21:39:665	Fenix:drivetrain	debug	0.0,-0.0,-0.0,-0.0,3.0,3.0,3.0,3.0
2025-02-16 15:21:39:677	Fenix:arm	debug	11.980853250975294,13.00000238416429,1.0,225.0,0.03343810606567244,1.0,1421.0
2025-02-16 15:21:39:679	Fenix:endEffector	debug	-15.0,-3.0,0.3788888888888889
2025-02-16 15:21:39:682	Fenix:stateModels	debug	START, START, START, START, START, START, START, START, START, START
2025-02-16 15:21:39:684	Fenix:buttonPresses	debug	0.0
2025-02-16 15:21:39:718	Fenix:drivetrain	debug	0.0,-0.0,-0.0,-0.0,3.0,3.0,3.0,3.0
2025-02-16 15:21:39:738	Fenix:arm	debug	11.980853250975294,13.00000238416429,1.0,233.0,0.03343810606567244,1.0,1436.0
2025-02-16 15:21:39:741	Fenix:endEffector	debug	-15.0,-3.0,0.3788888888888889
2025-02-16 15:21:39:743	Fenix:stateModels	debug	START, START, START, START, START, START, START, START, START, START
2025-02-16 15:21:39:745	Fenix:buttonPresses	debug	0.0
2025-02-16 15:21:39:782	Fenix:drivetrain	debug	0.0,-0.0,-0.0,-0.0,3.0,3.0,3.0,0.0
2025-02-16 15:21:39:798	Fenix:arm	debug	11.980853250975294,13.00000238416429,1.0,251.0,0.03343810606567244,1.0,1439.0
2025-02-16 15:21:39:800	Fenix:endEffector	debug	-1.4210854715202004E-14,-3.0,0.3788888888888889
2025-02-16 15:21:39:802	Fenix:stateModels	debug	START, START, START, START, START, START, START, START, START, START
2025-02-16 15:21:39:804	Fenix:buttonPresses	debug	0.0
2025-02-16 15:21:39:843	Fenix:drivetrain	debug	0.0,-0.0,-0.0,-0.0,3.0,0.0,7.0,0.0
2025-02-16 15:21:39:853	Fenix:arm	debug	11.980853250975294,13.00000238416429,1.0,273.0,0.03343810606567244,1.0,1436.0
2025-02-16 15:21:39:855	Fenix:endEffector	debug	-1.4210854715202004E-14,-3.0,0.3788888888888889
2025-02-16 15:21:39:857	Fenix:stateModels	debug	START, START, START, START, START, START, START, START, START, START
2025-02-16 15:21:39:858	Fenix:buttonPresses	debug	0.0
2025-02-16 15:21:39:889	Fenix:drivetrain	debug	0.0,-0.0,-0.0,-0.0,0.0,0.0,3.0,0.0
2025-02-16 15:21:39:901	Fenix:arm	debug	11.980853250975294,13.00000238416429,1.0,328.0,0.03343810606567244,1.0,1436.0
2025-02-16 15:21:39:906	Fenix:endEffector	debug	-1.4210854715202004E-14,-3.0,0.3788888888888889
2025-02-16 15:21:39:908	Fenix:stateModels	debug	START, START, START, START, START, START, START, START, START, START
2025-02-16 15:21:39:910	Fenix:buttonPresses	debug	0.0
2025-02-16 15:21:39:941	Fenix:drivetrain	debug	0.0,-0.0,-0.0,-0.0,3.0,0.0,3.0,0.0
2025-02-16 15:21:39:956	Fenix:arm	debug	11.980853250975294,13.00000238416429,1.0,331.0,0.03343810606567244,1.0,1432.0
2025-02-16 15:21:39:959	Fenix:endEffector	debug	-1.4210854715202004E-14,-3.0,0.3788888888888889
2025-02-16 15:21:39:962	Fenix:stateModels	debug	START, START, START, START, START, START, START, START, START, START
2025-02-16 15:21:39:965	Fenix:buttonPresses	debug	0.0
2025-02-16 15:21:39:996	Fenix:drivetrain	debug	0.0,-0.0,-0.0,-0.0,3.0,0.0,3.0,0.0
2025-02-16 15:21:40:007	Fenix:arm	debug	11.980853250975294,13.00000238416429,1.0,346.0,0.03343810606567244,1.0,1432.0
2025-02-16 15:21:40:009	Fenix:endEffector	debug	-1.4210854715202004E-14,-3.0,0.3788888888888889
2025-02-16 15:21:40:011	Fenix:stateModels	debug	START, START, START, START, START, START, START, START, START, START
2025-02-16 15:21:40:013	Fenix:buttonPresses	debug	0.0
2025-02-16 15:21:40:039	Fenix:drivetrain	debug	0.0,-0.0,-0.0,-0.0,3.0,0.0,3.0,3.0
2025-02-16 15:21:40:050	Fenix:arm	debug	11.980853250975294,13.00000238416429,1.0,338.0,0.03343810606567244,1.0,1549.0
2025-02-16 15:21:40:052	Fenix:endEffector	debug	-1.4210854715202004E-14,-3.0,0.3788888888888889
2025-02-16 15:21:40:054	Fenix:stateModels	debug	START, START, START, START, START, START, START, START, START, START
2025-02-16 15:21:40:055	Fenix:buttonPresses	debug	0.0
2025-02-16 15:21:40:095	Fenix:drivetrain	debug	0.0,-0.0,-0.0,-0.0,3.0,0.0,3.0,0.0
2025-02-16 15:21:40:107	Fenix:arm	debug	11.980853250975294,13.00000238416429,1.0,346.0,0.03343810606567244,1.0,1560.0
2025-02-16 15:21:40:109	Fenix:endEffector	debug	-1.4210854715202004E-14,-3.0,0.3788888888888889
2025-02-16 15:21:40:111	Fenix:stateModels	debug	START, START, START, START, START, START, START, START, START, START
2025-02-16 15:21:40:113	Fenix:buttonPresses	debug	0.0
2025-02-16 15:21:40:144	Fenix:drivetrain	debug	0.0,-0.0,-0.0,-0.0,0.0,0.0,3.0,0.0
2025-02-16 15:21:40:156	Fenix:arm	debug	11.980853250975294,13.00000238416429,1.0,335.0,0.03343810606567244,1.0,1570.0
2025-02-16 15:21:40:159	Fenix:endEffector	debug	-1.4210854715202004E-14,-3.0,0.3788888888888889
2025-02-16 15:21:40:161	Fenix:stateModels	debug	START, START, START, START, START, START, START, START, START, START
2025-02-16 15:21:40:163	Fenix:buttonPresses	debug	0.0
2025-02-16 15:21:40:193	Fenix:drivetrain	debug	0.0,-0.0,-0.0,-0.0,0.0,0.0,3.0,0.0
2025-02-16 15:21:40:207	Fenix:arm	debug	11.980853250975294,13.00000238416429,1.0,338.0,0.03343810606567244,1.0,1589.0
2025-02-16 15:21:40:210	Fenix:endEffector	debug	-1.4210854715202004E-14,-3.0,0.3788888888888889
2025-02-16 15:21:40:213	Fenix:stateModels	debug	START, START, START, START, START, START, START, START, START, START
2025-02-16 15:21:40:215	Fenix:buttonPresses	debug	0.0
2025-02-16 15:21:40:249	Fenix:drivetrain	debug	0.0,-0.0,-0.0,-0.0,0.0,3.0,3.0,3.0
2025-02-16 15:21:40:269	Fenix:arm	debug	11.980853250975294,13.00000238416429,1.0,335.0,0.03343810606567244,1.0,1596.0
2025-02-16 15:21:40:274	Fenix:endEffector	debug	0.0,-3.0,0.3788888888888889
2025-02-16 15:21:40:276	Fenix:stateModels	debug	START, START, START, START, START, START, START, START, START, START
2025-02-16 15:21:40:279	Fenix:buttonPresses	debug	0.0
2025-02-16 15:21:40:313	Fenix:drivetrain	debug	0.0,-0.0,-0.0,-0.0,3.0,0.0,3.0,3.0
2025-02-16 15:21:40:329	Fenix:arm	debug	11.980853250975294,13.00000238416429,1.0,419.0,0.03343810606567244,1.0,1611.0
2025-02-16 15:21:40:332	Fenix:endEffector	debug	0.0,-3.0,0.3788888888888889
2025-02-16 15:21:40:334	Fenix:stateModels	debug	START, START, START, START, START, START, START, START, START, START
2025-02-16 15:21:40:336	Fenix:buttonPresses	debug	0.0
2025-02-16 15:21:40:373	Fenix:drivetrain	debug	0.0,-0.0,-0.0,-0.0,7.0,3.0,3.0,3.0
2025-02-16 15:21:40:383	Fenix:arm	debug	11.980853250975294,13.00000238416429,1.0,342.0,0.03343810606567244,1.0,1625.0
2025-02-16 15:21:40:385	Fenix:endEffector	debug	0.0,-3.0,0.3788888888888889
2025-02-16 15:21:40:386	Fenix:stateModels	debug	START, START, START, START, START, START, START, START, START, START
2025-02-16 15:21:40:388	Fenix:buttonPresses	debug	0.0
2025-02-16 15:21:40:421	Fenix:drivetrain	debug	0.0,-0.0,-0.0,-0.0,0.0,3.0,3.0,3.0
2025-02-16 15:21:40:431	Fenix:arm	debug	11.980853250975294,13.00000238416429,1.0,346.0,0.03343810606567244,1.0,1702.0
2025-02-16 15:21:40:437	Fenix:endEffector	debug	0.0,-3.0,0.3788888888888889
2025-02-16 15:21:40:438	Fenix:stateModels	debug	START, START, START, START, START, START, START, START, START, START
2025-02-16 15:21:40:439	Fenix:buttonPresses	debug	0.0
2025-02-16 15:21:40:465	Fenix:drivetrain	debug	0.0,-0.0,-0.0,-0.0,0.0,0.0,3.0,3.0
2025-02-16 15:21:40:476	Fenix:arm	debug	11.980853250975294,13.00000238416429,1.0,360.0,0.03343810606567244,1.0,1738.0
2025-02-16 15:21:40:477	Fenix:endEffector	debug	0.0,-3.0,0.3788888888888889
2025-02-16 15:21:40:479	Fenix:stateModels	debug	START, START, START, START, START, START, START, START, START, START
2025-02-16 15:21:40:480	Fenix:buttonPresses	debug	0.0
2025-02-16 15:21:40:511	Fenix:drivetrain	debug	0.0,-0.0,-0.0,-0.0,3.0,0.0,7.0,0.0
2025-02-16 15:21:40:523	Fenix:arm	debug	11.980853250975294,13.00000238416429,1.0,430.0,0.03343810606567244,1.0,1778.0
2025-02-16 15:21:40:525	Fenix:endEffector	debug	0.0,-3.0,0.3788888888888889
2025-02-16 15:21:40:527	Fenix:stateModels	debug	START, START, START, START, START, START, START, START, START, START
2025-02-16 15:21:40:528	Fenix:buttonPresses	debug	0.0
2025-02-16 15:21:40:557	Fenix:drivetrain	debug	0.0,-0.0,-0.0,-0.0,3.0,0.0,3.0,0.0
2025-02-16 15:21:40:568	Fenix:arm	debug	11.980853250975294,13.00000238416429,1.0,448.0,0.03343810606567244,1.0,1822.0
2025-02-16 15:21:40:570	Fenix:endEffector	debug	0.0,-3.0,0.3788888888888889
2025-02-16 15:21:40:572	Fenix:stateModels	debug	START, START, START, START, START, START, START, START, START, START
2025-02-16 15:21:40:573	Fenix:buttonPresses	debug	0.0
2025-02-16 15:21:40:611	Fenix:drivetrain	debug	0.0,-0.0,-0.0,-0.0,3.0,0.0,7.0,0.0
2025-02-16 15:21:40:622	Fenix:arm	debug	11.980853250975294,13.00000238416429,1.0,477.0,0.03343810606567244,1.0,1884.0
2025-02-16 15:21:40:625	Fenix:endEffector	debug	0.0,-3.0,0.3788888888888889
2025-02-16 15:21:40:626	Fenix:stateModels	debug	START, START, START, START, START, START, START, START, START, START
2025-02-16 15:21:40:629	Fenix:buttonPresses	debug	0.0
2025-02-16 15:21:40:659	Fenix:drivetrain	debug	0.0,-0.0,-0.0,-0.0,0.0,0.0,3.0,0.0
2025-02-16 15:21:40:671	Fenix:arm	debug	11.980853250975294,13.00000238416429,1.0,470.0,0.03343810606567244,1.0,1862.0
2025-02-16 15:21:40:673	Fenix:endEffector	debug	0.0,-3.0,0.3788888888888889
2025-02-16 15:21:40:676	Fenix:stateModels	debug	START, START, START, START, START, START, START, START, START, START
2025-02-16 15:21:40:678	Fenix:buttonPresses	debug	0.0
2025-02-16 15:21:40:706	Fenix:drivetrain	debug	0.0,-0.0,-0.0,-0.0,3.0,3.0,7.0,3.0
2025-02-16 15:21:40:717	Fenix:arm	debug	11.980853250975294,13.00000238416429,1.0,488.0,0.03343810606567244,1.0,1844.0
2025-02-16 15:21:40:719	Fenix:endEffector	debug	0.0,-3.0,0.3788888888888889
2025-02-16 15:21:40:721	Fenix:stateModels	debug	START, START, START, START, START, START, START, START, START, START
2025-02-16 15:21:40:724	Fenix:buttonPresses	debug	0.0
2025-02-16 15:21:40:754	Fenix:drivetrain	debug	0.0,-0.0,-0.0,-0.0,3.0,3.0,3.0,3.0
2025-02-16 15:21:40:766	Fenix:arm	debug	11.980853250975294,13.00000238416429,1.0,470.0,0.03343810606567244,1.0,1848.0
2025-02-16 15:21:40:768	Fenix:endEffector	debug	0.0,-3.0,0.3788888888888889
2025-02-16 15:21:40:769	Fenix:stateModels	debug	START, START, START, START, START, START, START, START, START, START
2025-02-16 15:21:40:771	Fenix:buttonPresses	debug	0.0
2025-02-16 15:21:40:802	Fenix:drivetrain	debug	0.0,-0.0,-0.0,-0.0,3.0,3.0,3.0,0.0
2025-02-16 15:21:40:817	Fenix:arm	debug	11.980853250975294,13.00000238416429,1.0,477.0,0.03343810606567244,1.0,1888.0
2025-02-16 15:21:40:821	Fenix:endEffector	debug	0.0,-3.0,0.3788888888888889
2025-02-16 15:21:40:823	Fenix:stateModels	debug	START, START, START, START, START, START, START, START, START, START
2025-02-16 15:21:40:824	Fenix:buttonPresses	debug	0.0
2025-02-16 15:21:40:880	Fenix:drivetrain	debug	0.0,-0.0,-0.0,-0.0,0.0,3.0,3.0,10.0
2025-02-16 15:21:40:897	Fenix:arm	debug	11.907124923276985,13.00000238416429,1.0,2642.0,0.03343810606567244,1.0,1654.0
2025-02-16 15:21:40:900	Fenix:endEffector	debug	0.0,-3.0,0.3788888888888889
2025-02-16 15:21:40:902	Fenix:stateModels	debug	START, START, START, START, START, START, START, START, START, START
2025-02-16 15:21:40:904	Fenix:buttonPresses	debug	-0.7517973184585571
2025-02-16 15:21:40:950	Fenix:drivetrain	debug	0.0,-0.0,-0.0,-0.0,3.0,3.0,3.0,3.0
2025-02-16 15:21:40:962	Fenix:arm	debug	10.481710587776334,13.00000238416429,1.0,896.0,0.03343810606567244,1.0,1786.0
2025-02-16 15:21:40:968	Fenix:endEffector	debug	0.0,-3.0,0.3788888888888889
2025-02-16 15:21:40:970	Fenix:stateModels	debug	START, START, START, START, START, START, START, START, START, START
2025-02-16 15:21:40:972	Fenix:buttonPresses	debug	-0.8801780343055725
2025-02-16 15:21:41:015	Fenix:drivetrain	debug	0.0,-0.0,-0.0,-0.0,0.0,0.0,3.0,0.0
2025-02-16 15:21:41:027	Fenix:arm	debug	9.154600689206763,13.00000238416429,1.0,324.0,0.03343810606567244,1.0,1796.0
2025-02-16 15:21:41:030	Fenix:endEffector	debug	0.0,-3.0,0.3788888888888889
2025-02-16 15:21:41:032	Fenix:stateModels	debug	START, START, START, START, START, START, START, START, START, START
2025-02-16 15:21:41:035	Fenix:buttonPresses	debug	-0.8972954154014587
2025-02-16 15:21:41:076	Fenix:drivetrain	debug	0.0,-0.0,-0.0,-0.0,3.0,0.0,3.0,3.0
2025-02-16 15:21:41:090	Fenix:arm	debug	7.888931063719117,13.00000238416429,1.0,885.0,0.03343810606567244,1.0,1789.0
2025-02-16 15:21:41:092	Fenix:endEffector	debug	0.0,-3.0,0.3788888888888889
2025-02-16 15:21:41:094	Fenix:stateModels	debug	START, START, START, START, START, START, START, START, START, START
2025-02-16 15:21:41:096	Fenix:buttonPresses	debug	-0.8887367248535156
2025-02-16 15:21:41:150	Fenix:drivetrain	debug	0.0,-0.0,-0.0,-0.0,3.0,0.0,3.0,3.0
2025-02-16 15:21:41:163	Fenix:arm	debug	6.168603417425228,13.00000238416429,1.0,462.0,0.03343810606567244,1.0,1800.0
2025-02-16 15:21:41:165	Fenix:endEffector	debug	0.0,-3.0,0.3788888888888889
2025-02-16 15:21:41:167	Fenix:stateModels	debug	START, START, START, START, START, START, START, START, START, START
2025-02-16 15:21:41:169	Fenix:buttonPresses	debug	-0.8887367248535156
2025-02-16 15:21:41:211	Fenix:drivetrain	debug	0.0,-0.0,-0.0,-0.0,0.0,3.0,3.0,3.0
2025-02-16 15:21:41:227	Fenix:arm	debug	4.706324918075423,13.00000238416429,1.0,637.0,0.03343810606567244,1.0,1942.0
2025-02-16 15:21:41:230	Fenix:endEffector	debug	0.0,-3.0,0.3788888888888889
2025-02-16 15:21:41:234	Fenix:stateModels	debug	START, START, START, START, START, START, START, START, START, START
2025-02-16 15:21:41:236	Fenix:buttonPresses	debug	-0.8887367248535156
2025-02-16 15:21:41:277	Fenix:drivetrain	debug	0.0,-0.0,-0.0,-0.0,0.0,0.0,3.0,0.0
2025-02-16 15:21:41:289	Fenix:arm	debug	3.108877817945384,13.00000238416429,1.0,845.0,0.03343810606567244,1.0,1913.0
2025-02-16 15:21:41:291	Fenix:endEffector	debug	0.0,-3.0,0.3788888888888889
2025-02-16 15:21:41:292	Fenix:stateModels	debug	START, START, START, START, START, START, START, START, START, START
2025-02-16 15:21:41:294	Fenix:buttonPresses	debug	-0.8801780343055725
2025-02-16 15:21:41:340	Fenix:drivetrain	debug	0.0,-0.0,-0.0,-0.0,3.0,3.0,3.0,7.0
2025-02-16 15:21:41:354	Fenix:arm	debug	1.5237187724317296,13.0,1.0,816.0,0.0,1.0,1629.0
2025-02-16 15:21:41:359	Fenix:endEffector	debug	0.0,-3.0,0.3788888888888889
2025-02-16 15:21:41:361	Fenix:stateModels	debug	START, START, START, START, START, START, START, START, START, START
2025-02-16 15:21:41:363	Fenix:buttonPresses	debug	-0.8630605936050415
2025-02-16 15:21:41:416	Fenix:drivetrain	debug	0.0,-0.0,-0.0,-0.0,0.0,3.0,3.0,3.0
2025-02-16 15:21:41:431	Fenix:arm	debug	-0.294913310793238,13.0,1.0,2741.0,0.0,1.0,1509.0
2025-02-16 15:21:41:433	Fenix:endEffector	debug	0.0,-3.0,0.3788888888888889
2025-02-16 15:21:41:435	Fenix:stateModels	debug	START, START, START, START, START, START, START, START, START, START
2025-02-16 15:21:41:437	Fenix:buttonPresses	debug	0.0
2025-02-16 15:21:41:470	Fenix:drivetrain	debug	0.0,-0.0,-0.0,-0.0,0.0,3.0,3.0,7.0
2025-02-16 15:21:41:485	Fenix:arm	debug	0.25804914694408326,13.0,1.0,1509.0,0.0,1.0,1844.0
2025-02-16 15:21:41:493	Fenix:endEffector	debug	0.0,-3.0,0.3788888888888889
2025-02-16 15:21:41:495	Fenix:stateModels	debug	START, START, START, START, START, START, START, START, START, START
2025-02-16 15:21:41:497	Fenix:buttonPresses	debug	0.0
2025-02-16 15:21:41:531	Fenix:drivetrain	debug	0.0,-0.0,-0.0,-0.0,0.0,0.0,3.0,3.0
2025-02-16 15:21:41:544	Fenix:arm	debug	-0.15974471001300392,13.00000238416429,1.0,1804.0,-0.03343810606567244,1.0,1778.0
2025-02-16 15:21:41:546	Fenix:endEffector	debug	0.0,-3.0,0.3788888888888889
2025-02-16 15:21:41:548	Fenix:stateModels	debug	START, START, START, START, START, START, START, START, START, START
2025-02-16 15:21:41:550	Fenix:buttonPresses	debug	0.0
2025-02-16 15:21:41:603	Fenix:drivetrain	debug	0.0,-0.0,-0.0,-0.0,0.0,3.0,7.0,0.0
2025-02-16 15:21:41:615	Fenix:arm	debug	0.147456655396619,13.000009536661222,1.0,40.0,-0.06687621213134488,1.0,1775.0
2025-02-16 15:21:41:617	Fenix:endEffector	debug	0.0,-3.0,0.3788888888888889
2025-02-16 15:21:41:619	Fenix:stateModels	debug	START, START, START, START, START, START, START, START, START, START
2025-02-16 15:21:41:621	Fenix:buttonPresses	debug	0.0
2025-02-16 15:21:41:669	Fenix:drivetrain	debug	0.0,-0.0,-0.0,-0.0,0.0,3.0,3.0,3.0
2025-02-16 15:21:41:683	Fenix:arm	debug	0.09830443693107933,13.000009536661222,1.0,287.0,-0.06687621213134488,1.0,1840.0
2025-02-16 15:21:41:685	Fenix:endEffector	debug	0.0,-3.0,0.3788888888888889
2025-02-16 15:21:41:687	Fenix:stateModels	debug	START, START, START, START, START, START, START, START, START, START
2025-02-16 15:21:41:689	Fenix:buttonPresses	debug	0.0
2025-02-16 15:21:41:720	Fenix:drivetrain	debug	0.0,-0.0,-0.0,-0.0,0.0,0.0,3.0,0.0
2025-02-16 15:21:41:732	Fenix:arm	debug	0.11059249154746426,13.000009536661222,1.0,18.0,-0.06687621213134488,1.0,1855.0
2025-02-16 15:21:41:734	Fenix:endEffector	debug	0.0,-3.0,0.3788888888888889
2025-02-16 15:21:41:737	Fenix:stateModels	debug	START, START, START, START, START, START, START, START, START, START
2025-02-16 15:21:41:739	Fenix:buttonPresses	debug	0.0
2025-02-16 15:21:41:771	Fenix:drivetrain	debug	0.0,-0.0,-0.0,-0.0,3.0,0.0,3.0,3.0
2025-02-16 15:21:41:782	Fenix:arm	debug	0.11059249154746426,13.000009536661222,1.0,3.0,-0.06687621213134488,1.0,1851.0
2025-02-16 15:21:41:783	Fenix:endEffector	debug	0.0,-3.0,0.3788888888888889
2025-02-16 15:21:41:785	Fenix:stateModels	debug	START, START, START, START, START, START, START, START, START, START
2025-02-16 15:21:41:786	Fenix:buttonPresses	debug	0.0
2025-02-16 15:21:41:813	Fenix:drivetrain	debug	0.0,-0.0,-0.0,-0.0,0.0,0.0,3.0,0.0
2025-02-16 15:21:41:825	Fenix:arm	debug	0.11059249154746426,13.000009536661222,1.0,10.0,-0.06687621213134488,1.0,1775.0
2025-02-16 15:21:41:826	Fenix:endEffector	debug	0.0,-3.0,0.3788888888888889
2025-02-16 15:21:41:828	Fenix:stateModels	debug	START, START, START, START, START, START, START, START, START, START
2025-02-16 15:21:41:830	Fenix:buttonPresses	debug	0.0
2025-02-16 15:21:41:858	Fenix:drivetrain	debug	0.0,-0.0,-0.0,-0.0,0.0,0.0,3.0,0.0
2025-02-16 15:21:41:869	Fenix:arm	debug	0.11059249154746426,13.000009536661222,1.0,0.0,-0.06687621213134488,1.0,1691.0
2025-02-16 15:21:41:873	Fenix:endEffector	debug	0.0,-3.0,0.3788888888888889
2025-02-16 15:21:41:875	Fenix:stateModels	debug	START, START, START, START, START, START, START, START, START, START
2025-02-16 15:21:41:877	Fenix:buttonPresses	debug	0.0
2025-02-16 15:21:41:907	Fenix:drivetrain	debug	0.0,-0.0,-0.0,-0.0,0.0,3.0,3.0,7.0
2025-02-16 15:21:41:918	Fenix:arm	debug	0.11059249154746426,13.000009536661222,1.0,3.0,-0.06687621213134488,1.0,1691.0
2025-02-16 15:21:41:920	Fenix:endEffector	debug	0.0,-3.0,0.3788888888888889
2025-02-16 15:21:41:922	Fenix:stateModels	debug	START, START, START, START, START, START, START, START, START, START
2025-02-16 15:21:41:923	Fenix:buttonPresses	debug	0.0
2025-02-16 15:21:41:959	Fenix:drivetrain	debug	0.0,-0.0,-0.0,-0.0,0.0,0.0,3.0,0.0
2025-02-16 15:21:41:975	Fenix:arm	debug	0.11059249154746426,13.000009536661222,1.0,3.0,-0.06687621213134488,1.0,1691.0
2025-02-16 15:21:41:977	Fenix:endEffector	debug	0.0,-3.0,0.3788888888888889
2025-02-16 15:21:41:979	Fenix:stateModels	debug	START, START, START, START, START, START, START, START, START, START
2025-02-16 15:21:41:981	Fenix:buttonPresses	debug	0.0
2025-02-16 15:21:42:018	Fenix:drivetrain	debug	0.0,-0.0,-0.0,-0.0,3.0,0.0,3.0,3.0
2025-02-16 15:21:42:030	Fenix:arm	debug	0.11059249154746426,13.000009536661222,1.0,0.0,-0.06687621213134488,1.0,1694.0
2025-02-16 15:21:42:035	Fenix:endEffector	debug	0.0,-3.0,0.3788888888888889
2025-02-16 15:21:42:038	Fenix:stateModels	debug	START, START, START, START, START, START, START, START, START, START
2025-02-16 15:21:42:040	Fenix:buttonPresses	debug	0.0
2025-02-16 15:21:42:070	Fenix:drivetrain	debug	0.0,-0.0,-0.0,-0.0,3.0,0.0,3.0,0.0
2025-02-16 15:21:42:082	Fenix:arm	debug	0.09830443693107933,13.000009536661222,1.0,10.0,-0.06687621213134488,1.0,1549.0
2025-02-16 15:21:42:085	Fenix:endEffector	debug	0.0,-3.0,0.3788888888888889
2025-02-16 15:21:42:087	Fenix:stateModels	debug	START, START, START, START, START, START, START, START, START, START
2025-02-16 15:21:42:089	Fenix:buttonPresses	debug	0.0
2025-02-16 15:21:42:122	Fenix:drivetrain	debug	0.0,-0.0,-0.0,-0.0,3.0,0.0,3.0,3.0
2025-02-16 15:21:42:140	Fenix:arm	debug	0.09830443693107933,13.000009536661222,1.0,0.0,-0.06687621213134488,1.0,1494.0
2025-02-16 15:21:42:143	Fenix:endEffector	debug	0.0,-3.0,0.3788888888888889
2025-02-16 15:21:42:145	Fenix:stateModels	debug	START, START, START, START, START, START, START, START, START, START
2025-02-16 15:21:42:147	Fenix:buttonPresses	debug	0.0
2025-02-16 15:21:42:190	Fenix:drivetrain	debug	0.0,-0.0,-0.0,-0.0,3.0,0.0,3.0,0.0
2025-02-16 15:21:42:201	Fenix:arm	debug	0.09830443693107933,13.000009536661222,1.0,0.0,-0.06687621213134488,1.0,1490.0
2025-02-16 15:21:42:203	Fenix:endEffector	debug	0.0,-3.0,0.3788888888888889
2025-02-16 15:21:42:204	Fenix:stateModels	debug	START, START, START, START, START, START, START, START, START, START
2025-02-16 15:21:42:206	Fenix:buttonPresses	debug	0.0
2025-02-16 15:21:42:234	Fenix:drivetrain	debug	0.0,-0.0,-0.0,-0.0,0.0,3.0,3.0,0.0
2025-02-16 15:21:42:247	Fenix:arm	debug	0.09830443693107933,13.000009536661222,1.0,3.0,-0.06687621213134488,1.0,1490.0
2025-02-16 15:21:42:249	Fenix:endEffector	debug	0.0,-3.0,0.3788888888888889
2025-02-16 15:21:42:251	Fenix:stateModels	debug	START, START, START, START, START, START, START, START, START, START
2025-02-16 15:21:42:253	Fenix:buttonPresses	debug	0.0
2025-02-16 15:21:42:282	Fenix:drivetrain	debug	0.0,-0.0,-0.0,-0.0,3.0,3.0,3.0,0.0
2025-02-16 15:21:42:294	Fenix:arm	debug	0.09830443693107933,13.000009536661222,1.0,0.0,-0.06687621213134488,1.0,1487.0
2025-02-16 15:21:42:296	Fenix:endEffector	debug	0.0,-3.0,0.3788888888888889
2025-02-16 15:21:42:298	Fenix:stateModels	debug	START, START, START, START, START, START, START, START, START, START
2025-02-16 15:21:42:300	Fenix:buttonPresses	debug	0.0
2025-02-16 15:21:42:329	Fenix:drivetrain	debug	0.0,-0.0,-0.0,-0.0,3.0,0.0,3.0,0.0
2025-02-16 15:21:42:340	Fenix:arm	debug	0.09830443693107933,13.000009536661222,1.0,10.0,-0.06687621213134488,1.0,1487.0
2025-02-16 15:21:42:342	Fenix:endEffector	debug	0.0,-3.0,0.3788888888888889
2025-02-16 15:21:42:344	Fenix:stateModels	debug	START, START, START, START, START, START, START, START, START, START
2025-02-16 15:21:42:345	Fenix:buttonPresses	debug	0.0
2025-02-16 15:21:42:377	Fenix:drivetrain	debug	0.0,-0.0,-0.0,-0.0,0.0,3.0,3.0,3.0
2025-02-16 15:21:42:388	Fenix:arm	debug	0.09830443693107933,13.000009536661222,1.0,3.0,-0.06687621213134488,1.0,1490.0
2025-02-16 15:21:42:392	Fenix:endEffector	debug	0.0,-48.000000000000014,0.3788888888888889
2025-02-16 15:21:42:395	Fenix:stateModels	debug	START, START, START, START, START, START, START, START, START, START
2025-02-16 15:21:42:396	Fenix:buttonPresses	debug	0.0
2025-02-16 15:21:42:429	Fenix:drivetrain	debug	0.0,-0.0,-0.0,-0.0,0.0,0.0,3.0,3.0
2025-02-16 15:21:42:441	Fenix:arm	debug	0.09830443693107933,13.000009536661222,1.0,14.0,-0.06687621213134488,1.0,1472.0
2025-02-16 15:21:42:442	Fenix:endEffector	debug	0.0,-48.000000000000014,0.3788888888888889
2025-02-16 15:21:42:444	Fenix:stateModels	debug	START, START, START, START, START, START, START, START, START, START
2025-02-16 15:21:42:446	Fenix:buttonPresses	debug	0.0
2025-02-16 15:21:42:486	Fenix:drivetrain	debug	0.0,-0.0,-0.0,-0.0,3.0,3.0,3.0,0.0
2025-02-16 15:21:42:504	Fenix:arm	debug	0.08601638231469441,13.000009536661222,1.0,10.0,-0.06687621213134488,1.0,1479.0
2025-02-16 15:21:42:506	Fenix:endEffector	debug	0.0,-48.000000000000014,0.3788888888888889
2025-02-16 15:21:42:508	Fenix:stateModels	debug	START, START, START, START, START, START, START, START, START, START
2025-02-16 15:21:42:510	Fenix:buttonPresses	debug	0.0
2025-02-16 15:21:42:545	Fenix:drivetrain	debug	0.0,-0.0,-0.0,-0.0,0.0,3.0,3.0,3.0
2025-02-16 15:21:42:557	Fenix:arm	debug	0.08601638231469441,13.000009536661222,1.0,3.0,-0.06687621213134488,1.0,1479.0
2025-02-16 15:21:42:561	Fenix:endEffector	debug	0.0,-48.000000000000014,0.3788888888888889
2025-02-16 15:21:42:563	Fenix:stateModels	debug	START, START, START, START, START, START, START, START, START, START
2025-02-16 15:21:42:565	Fenix:buttonPresses	debug	0.0
2025-02-16 15:21:42:598	Fenix:drivetrain	debug	0.0,-0.0,-0.0,-0.0,3.0,0.0,3.0,3.0
2025-02-16 15:21:42:609	Fenix:arm	debug	0.0737283276983095,13.000009536661222,1.0,3.0,-0.06687621213134488,1.0,1476.0
2025-02-16 15:21:42:611	Fenix:endEffector	debug	0.0,-48.000000000000014,0.3788888888888889
2025-02-16 15:21:42:613	Fenix:stateModels	debug	START, START, START, START, START, START, START, START, START, START
2025-02-16 15:21:42:614	Fenix:buttonPresses	debug	0.0
2025-02-16 15:21:42:641	Fenix:drivetrain	debug	0.0,-0.0,-0.0,-0.0,0.0,0.0,3.0,0.0
2025-02-16 15:21:42:656	Fenix:arm	debug	0.06144027308192458,13.000009536661222,1.0,10.0,-0.06687621213134488,1.0,1293.0
2025-02-16 15:21:42:658	Fenix:endEffector	debug	0.0,-48.000000000000014,0.3788888888888889
2025-02-16 15:21:42:660	Fenix:stateModels	debug	START, START, START, START, START, START, START, START, START, START
2025-02-16 15:21:42:662	Fenix:buttonPresses	debug	0.0
2025-02-16 15:21:42:708	Fenix:drivetrain	debug	0.0,-0.0,-0.0,-0.0,0.0,3.0,3.0,3.0
2025-02-16 15:21:42:722	Fenix:arm	debug	0.06144027308192458,13.000009536661222,1.0,0.0,-0.06687621213134488,1.0,1279.0
2025-02-16 15:21:42:725	Fenix:endEffector	debug	0.0,-93.00000000000001,0.3788888888888889
2025-02-16 15:21:42:727	Fenix:stateModels	debug	START, START, START, START, START, START, START, START, START, START
2025-02-16 15:21:42:729	Fenix:buttonPresses	debug	0.0
2025-02-16 15:21:42:761	Fenix:drivetrain	debug	0.0,-0.0,-0.0,-0.0,0.0,0.0,7.0,0.0
2025-02-16 15:21:42:775	Fenix:arm	debug	0.06144027308192458,13.000009536661222,1.0,3.0,-0.06687621213134488,1.0,1264.0
2025-02-16 15:21:42:777	Fenix:endEffector	debug	0.0,-93.00000000000001,0.3788888888888889
2025-02-16 15:21:42:780	Fenix:stateModels	debug	START, START, START, START, START, START, START, START, START, START
2025-02-16 15:21:42:782	Fenix:buttonPresses	debug	0.0
2025-02-16 15:21:42:814	Fenix:drivetrain	debug	0.0,-0.0,-0.0,-0.0,0.0,0.0,3.0,3.0
2025-02-16 15:21:42:826	Fenix:arm	debug	0.06144027308192458,13.000009536661222,1.0,3.0,-0.06687621213134488,1.0,1275.0
2025-02-16 15:21:42:828	Fenix:endEffector	debug	0.0,-93.00000000000001,0.3788888888888889
2025-02-16 15:21:42:830	Fenix:stateModels	debug	START, START, START, START, START, START, START, START, START, START
2025-02-16 15:21:42:832	Fenix:buttonPresses	debug	0.0
2025-02-16 15:21:42:864	Fenix:drivetrain	debug	0.0,-0.0,-0.0,-0.0,3.0,0.0,7.0,3.0
2025-02-16 15:21:42:876	Fenix:arm	debug	0.06144027308192458,13.000009536661222,1.0,0.0,-0.06687621213134488,1.0,1283.0
2025-02-16 15:21:42:879	Fenix:endEffector	debug	0.0,-93.00000000000001,0.3788888888888889
2025-02-16 15:21:42:882	Fenix:stateModels	debug	START, START, START, START, START, START, START, START, START, START
2025-02-16 15:21:42:884	Fenix:buttonPresses	debug	0.0
2025-02-16 15:21:42:916	Fenix:drivetrain	debug	0.0,-0.0,-0.0,-0.0,3.0,3.0,7.0,7.0
2025-02-16 15:21:42:929	Fenix:arm	debug	0.06144027308192458,13.000009536661222,1.0,10.0,-0.06687621213134488,1.0,1275.0
2025-02-16 15:21:42:933	Fenix:endEffector	debug	0.0,-93.00000000000001,0.3788888888888889
2025-02-16 15:21:42:936	Fenix:stateModels	debug	START, START, START, START, START, START, START, START, START, START
2025-02-16 15:21:42:939	Fenix:buttonPresses	debug	0.0
2025-02-16 15:21:42:988	Fenix:drivetrain	debug	0.0,-0.0,-0.0,-0.0,3.0,3.0,3.0,3.0
2025-02-16 15:21:43:003	Fenix:arm	debug	0.06144027308192458,13.000009536661222,1.0,10.0,-0.06687621213134488,1.0,1275.0
2025-02-16 15:21:43:007	Fenix:endEffector	debug	0.0,-93.00000000000001,0.3788888888888889
2025-02-16 15:21:43:009	Fenix:stateModels	debug	START, START, START, START, START, START, START, START, START, START
2025-02-16 15:21:43:012	Fenix:buttonPresses	debug	0.0
2025-02-16 15:21:43:048	Fenix:drivetrain	debug	0.0,-0.0,-0.0,-0.0,3.0,3.0,3.0,3.0
2025-02-16 15:21:43:063	Fenix:arm	debug	0.06144027308192458,13.000009536661222,1.0,10.0,-0.06687621213134488,1.0,1275.0
2025-02-16 15:21:43:067	Fenix:endEffector	debug	0.0,-93.00000000000001,0.3788888888888889
2025-02-16 15:21:43:070	Fenix:stateModels	debug	START, START, START, START, START, START, START, START, START, START
2025-02-16 15:21:43:073	Fenix:buttonPresses	debug	0.0
2025-02-16 15:21:43:104	Fenix:drivetrain	debug	0.0,-0.0,-0.0,-0.0,3.0,3.0,3.0,3.0
2025-02-16 15:21:43:116	Fenix:arm	debug	0.06144027308192458,13.000009536661222,1.0,3.0,-0.06687621213134488,1.0,1272.0
2025-02-16 15:21:43:118	Fenix:endEffector	debug	0.0,-93.00000000000001,0.3788888888888889
2025-02-16 15:21:43:120	Fenix:stateModels	debug	START, START, START, START, START, START, START, START, START, START
2025-02-16 15:21:43:122	Fenix:buttonPresses	debug	0.0
2025-02-16 15:21:43:151	Fenix:drivetrain	debug	0.0,-0.0,-0.0,-0.0,3.0,3.0,3.0,14.0
2025-02-16 15:21:43:165	Fenix:arm	debug	0.06144027308192458,13.000009536661222,1.0,7.0,-0.06687621213134488,1.0,1086.0
2025-02-16 15:21:43:167	Fenix:endEffector	debug	0.0,-93.00000000000001,0.3788888888888889
2025-02-16 15:21:43:169	Fenix:stateModels	debug	START, START, START, START, START, START, START, START, START, START
2025-02-16 15:21:43:171	Fenix:buttonPresses	debug	0.0
2025-02-16 15:21:43:213	Fenix:drivetrain	debug	0.0,-0.0,-0.0,-0.0,3.0,3.0,3.0,0.0
2025-02-16 15:21:43:225	Fenix:arm	debug	0.03686416384915475,13.000009536661222,1.0,0.0,-0.06687621213134488,1.0,1067.0
2025-02-16 15:21:43:230	Fenix:endEffector	debug	0.0,-93.00000000000001,0.3788888888888889
2025-02-16 15:21:43:232	Fenix:stateModels	debug	START, START, START, START, START, START, START, START, START, START
2025-02-16 15:21:43:235	Fenix:buttonPresses	debug	0.0
2025-02-16 15:21:43:268	Fenix:drivetrain	debug	0.0,-0.0,-0.0,-0.0,0.0,0.0,3.0,0.0
2025-02-16 15:21:43:281	Fenix:arm	debug	0.03686416384915475,13.000009536661222,1.0,10.0,-0.06687621213134488,1.0,1064.0
2025-02-16 15:21:43:283	Fenix:endEffector	debug	0.0,-93.00000000000001,0.3788888888888889
2025-02-16 15:21:43:285	Fenix:stateModels	debug	START, START, START, START, START, START, START, START, START, START
2025-02-16 15:21:43:287	Fenix:buttonPresses	debug	0.0
2025-02-16 15:21:43:317	Fenix:drivetrain	debug	0.0,-0.0,-0.0,-0.0,0.0,0.0,3.0,3.0
2025-02-16 15:21:43:328	Fenix:arm	debug	0.03686416384915475,13.000009536661222,1.0,0.0,-0.06687621213134488,1.0,1049.0
2025-02-16 15:21:43:330	Fenix:endEffector	debug	0.0,-93.00000000000001,0.3788888888888889
2025-02-16 15:21:43:331	Fenix:stateModels	debug	START, START, START, START, START, START, START, START, START, START
2025-02-16 15:21:43:333	Fenix:buttonPresses	debug	0.0
2025-02-16 15:21:43:359	Fenix:drivetrain	debug	0.0,-0.0,-0.0,-0.0,0.0,0.0,3.0,3.0
2025-02-16 15:21:43:370	Fenix:arm	debug	0.03686416384915475,13.000009536661222,1.0,0.0,-0.06687621213134488,1.0,933.0
2025-02-16 15:21:43:372	Fenix:endEffector	debug	0.0,-93.00000000000001,0.3788888888888889
2025-02-16 15:21:43:374	Fenix:stateModels	debug	START, START, START, START, START, START, START, START, START, START
2025-02-16 15:21:43:375	Fenix:buttonPresses	debug	0.0
2025-02-16 15:21:43:401	Fenix:drivetrain	debug	0.0,-0.0,-0.0,-0.0,0.0,0.0,3.0,3.0
2025-02-16 15:21:43:412	Fenix:arm	debug	0.03686416384915475,13.000009536661222,1.0,0.0,-0.06687621213134488,1.0,841.0
2025-02-16 15:21:43:413	Fenix:endEffector	debug	0.0,-93.00000000000001,0.3788888888888889
2025-02-16 15:21:43:415	Fenix:stateModels	debug	START, START, START, START, START, START, START, START, START, START
2025-02-16 15:21:43:416	Fenix:buttonPresses	debug	0.0
2025-02-16 15:21:43:445	Fenix:drivetrain	debug	0.0,-0.0,-0.0,-0.0,3.0,3.0,3.0,7.0
2025-02-16 15:21:43:456	Fenix:arm	debug	0.03686416384915475,13.000009536661222,1.0,0.0,-0.06687621213134488,1.0,838.0
2025-02-16 15:21:43:459	Fenix:endEffector	debug	0.0,-93.00000000000001,0.3788888888888889
2025-02-16 15:21:43:461	Fenix:stateModels	debug	START, START, START, START, START, START, START, START, START, START
2025-02-16 15:21:43:463	Fenix:buttonPresses	debug	0.0
2025-02-16 15:21:43:505	Fenix:drivetrain	debug	0.0,-0.0,-0.0,-0.0,0.0,0.0,3.0,3.0
2025-02-16 15:21:43:519	Fenix:arm	debug	0.03686416384915475,13.000009536661222,1.0,14.0,-0.06687621213134488,1.0,838.0
2025-02-16 15:21:43:521	Fenix:endEffector	debug	0.0,-93.00000000000001,0.3788888888888889
2025-02-16 15:21:43:524	Fenix:stateModels	debug	START, START, START, START, START, START, START, START, START, START
2025-02-16 15:21:43:526	Fenix:buttonPresses	debug	0.0
2025-02-16 15:21:43:557	Fenix:drivetrain	debug	0.0,-0.0,-0.0,-0.0,0.0,0.0,3.0,0.0
2025-02-16 15:21:43:570	Fenix:arm	debug	0.03686416384915475,13.000009536661222,1.0,0.0,-0.06687621213134488,1.0,838.0
2025-02-16 15:21:43:573	Fenix:endEffector	debug	0.0,-93.00000000000001,0.3788888888888889
2025-02-16 15:21:43:574	Fenix:stateModels	debug	START, START, START, START, START, START, START, START, START, START
2025-02-16 15:21:43:576	Fenix:buttonPresses	debug	0.0
2025-02-16 15:21:43:629	Fenix:drivetrain	debug	0.0,-0.0,-0.0,-0.0,3.0,0.0,3.0,3.0
2025-02-16 15:21:43:640	Fenix:arm	debug	0.0,13.000009536661222,1.0,3.0,-0.06687621213134488,1.0,852.0
2025-02-16 15:21:43:642	Fenix:endEffector	debug	0.0,-93.00000000000001,0.3788888888888889
2025-02-16 15:21:43:644	Fenix:stateModels	debug	START, START, START, START, START, START, START, START, START, START
2025-02-16 15:21:43:645	Fenix:buttonPresses	debug	0.0
2025-02-16 15:21:43:672	Fenix:drivetrain	debug	0.0,-0.0,-0.0,-0.0,0.0,0.0,7.0,3.0
2025-02-16 15:21:43:685	Fenix:arm	debug	0.0737283276983095,13.000009536661222,1.0,3.0,-0.06687621213134488,1.0,852.0
2025-02-16 15:21:43:687	Fenix:endEffector	debug	0.0,-93.00000000000001,0.3788888888888889
2025-02-16 15:21:43:689	Fenix:stateModels	debug	START, START, START, START, START, START, START, START, START, START
2025-02-16 15:21:43:690	Fenix:buttonPresses	debug	0.0
2025-02-16 15:21:43:730	Fenix:drivetrain	debug	0.0,-0.0,-0.0,-0.0,0.0,0.0,7.0,0.0
2025-02-16 15:21:43:744	Fenix:arm	debug	0.0737283276983095,13.000009536661222,1.0,0.0,-0.06687621213134488,1.0,838.0
2025-02-16 15:21:43:747	Fenix:endEffector	debug	0.0,-93.00000000000001,0.3788888888888889
2025-02-16 15:21:43:749	Fenix:stateModels	debug	START, START, START, START, START, START, START, START, START, START
2025-02-16 15:21:43:750	Fenix:buttonPresses	debug	0.0
2025-02-16 15:21:43:782	Fenix:drivetrain	debug	0.0,-0.0,-0.0,-0.0,0.0,0.0,3.0,0.0
2025-02-16 15:21:43:793	Fenix:arm	debug	0.0737283276983095,13.000009536661222,1.0,10.0,-0.06687621213134488,1.0,845.0
2025-02-16 15:21:43:795	Fenix:endEffector	debug	0.0,-93.00000000000001,0.3788888888888889
2025-02-16 15:21:43:796	Fenix:stateModels	debug	START, START, START, START, START, START, START, START, START, START
2025-02-16 15:21:43:798	Fenix:buttonPresses	debug	0.0
2025-02-16 15:21:43:827	Fenix:drivetrain	debug	0.0,-0.0,-0.0,-0.0,0.0,0.0,3.0,0.0
2025-02-16 15:21:43:838	Fenix:arm	debug	0.0737283276983095,13.000009536661222,1.0,3.0,-0.06687621213134488,1.0,710.0
2025-02-16 15:21:43:840	Fenix:endEffector	debug	0.0,-93.00000000000001,0.3788888888888889
2025-02-16 15:21:43:843	Fenix:stateModels	debug	START, START, START, START, START, START, START, START, START, START
2025-02-16 15:21:43:845	Fenix:buttonPresses	debug	0.0
2025-02-16 15:21:43:874	Fenix:drivetrain	debug	0.0,-0.0,-0.0,-0.0,3.0,3.0,3.0,0.0
2025-02-16 15:21:43:886	Fenix:arm	debug	0.0737283276983095,13.000009536661222,1.0,0.0,-0.06687621213134488,1.0,699.0
2025-02-16 15:21:43:887	Fenix:endEffector	debug	0.0,-93.00000000000001,0.3788888888888889
2025-02-16 15:21:43:889	Fenix:stateModels	debug	START, START, START, START, START, START, START, START, START, START
2025-02-16 15:21:43:891	Fenix:buttonPresses	debug	0.0
2025-02-16 15:21:43:920	Fenix:drivetrain	debug	0.0,-0.0,-0.0,-0.0,0.0,3.0,3.0,3.0
2025-02-16 15:21:43:932	Fenix:arm	debug	0.0737283276983095,13.000009536661222,1.0,3.0,-0.06687621213134488,1.0,703.0
2025-02-16 15:21:43:935	Fenix:endEffector	debug	0.0,-93.00000000000001,0.3788888888888889
2025-02-16 15:21:43:937	Fenix:stateModels	debug	START, START, START, START, START, START, START, START, START, START
2025-02-16 15:21:43:939	Fenix:buttonPresses	debug	0.0
2025-02-16 15:21:43:969	Fenix:drivetrain	debug	0.0,-0.0,-0.0,-0.0,0.0,0.0,3.0,0.0
2025-02-16 15:21:43:980	Fenix:arm	debug	0.0737283276983095,13.000009536661222,1.0,3.0,-0.06687621213134488,1.0,703.0
2025-02-16 15:21:43:983	Fenix:endEffector	debug	0.0,-93.00000000000001,0.3788888888888889
2025-02-16 15:21:43:984	Fenix:stateModels	debug	START, START, START, START, START, START, START, START, START, START
2025-02-16 15:21:43:986	Fenix:buttonPresses	debug	0.0
2025-02-16 15:21:44:028	Fenix:drivetrain	debug	0.0,-0.0,-0.0,-0.0,0.0,0.0,7.0,0.0
2025-02-16 15:21:44:041	Fenix:arm	debug	0.0737283276983095,13.000009536661222,1.0,10.0,-0.06687621213134488,1.0,703.0
2025-02-16 15:21:44:044	Fenix:endEffector	debug	0.0,-93.00000000000001,0.3788888888888889
2025-02-16 15:21:44:046	Fenix:stateModels	debug	START, START, START, START, START, START, START, START, START, START
2025-02-16 15:21:44:047	Fenix:buttonPresses	debug	0.0
2025-02-16 15:21:44:078	Fenix:drivetrain	debug	0.0,-0.0,-0.0,-0.0,0.0,3.0,3.0,3.0
2025-02-16 15:21:44:090	Fenix:arm	debug	0.0737283276983095,13.000009536661222,1.0,3.0,-0.06687621213134488,1.0,557.0
2025-02-16 15:21:44:093	Fenix:endEffector	debug	0.0,-93.00000000000001,0.3788888888888889
2025-02-16 15:21:44:095	Fenix:stateModels	debug	START, START, START, START, START, START, START, START, START, START
2025-02-16 15:21:44:096	Fenix:buttonPresses	debug	0.0
2025-02-16 15:21:44:123	Fenix:drivetrain	debug	0.0,-0.0,-0.0,-0.0,3.0,0.0,3.0,3.0
2025-02-16 15:21:44:139	Fenix:arm	debug	0.0737283276983095,13.000009536661222,1.0,10.0,-0.06687621213134488,1.0,543.0
2025-02-16 15:21:44:141	Fenix:endEffector	debug	0.0,-93.00000000000001,0.3788888888888889
2025-02-16 15:21:44:143	Fenix:stateModels	debug	START, START, START, START, START, START, START, START, START, START
2025-02-16 15:21:44:145	Fenix:buttonPresses	debug	0.0
2025-02-16 15:21:44:177	Fenix:drivetrain	debug	0.0,-0.0,-0.0,-0.0,0.0,0.0,7.0,0.0
2025-02-16 15:21:44:191	Fenix:arm	debug	0.0737283276983095,13.000009536661222,1.0,3.0,-0.06687621213134488,1.0,546.0
2025-02-16 15:21:44:195	Fenix:endEffector	debug	0.0,-93.00000000000001,0.3788888888888889
2025-02-16 15:21:44:198	Fenix:stateModels	debug	START, START, START, START, START, START, START, START, START, START
2025-02-16 15:21:44:200	Fenix:buttonPresses	debug	0.0
2025-02-16 15:21:44:245	Fenix:drivetrain	debug	0.0,-0.0,-0.0,-0.0,0.0,0.0,3.0,0.0
2025-02-16 15:21:44:257	Fenix:arm	debug	0.06144027308192458,13.000009536661222,1.0,0.0,-0.06687621213134488,1.0,546.0
2025-02-16 15:21:44:262	Fenix:endEffector	debug	0.0,-93.00000000000001,0.3788888888888889
2025-02-16 15:21:44:264	Fenix:stateModels	debug	START, START, START, START, START, START, START, START, START, START
2025-02-16 15:21:44:267	Fenix:buttonPresses	debug	0.0
2025-02-16 15:21:44:300	Fenix:drivetrain	debug	0.0,-0.0,-0.0,-0.0,0.0,3.0,3.0,7.0
2025-02-16 15:21:44:312	Fenix:arm	debug	0.06144027308192458,13.000009536661222,1.0,0.0,-0.06687621213134488,1.0,546.0
2025-02-16 15:21:44:314	Fenix:endEffector	debug	0.0,-93.00000000000001,0.3788888888888889
2025-02-16 15:21:44:316	Fenix:stateModels	debug	START, START, START, START, START, START, START, START, START, START
2025-02-16 15:21:44:319	Fenix:buttonPresses	debug	0.0
2025-02-16 15:21:44:345	Fenix:drivetrain	debug	0.0,-0.0,-0.0,-0.0,3.0,0.0,3.0,7.0
2025-02-16 15:21:44:356	Fenix:arm	debug	0.06144027308192458,13.000009536661222,1.0,0.0,-0.06687621213134488,1.0,550.0
2025-02-16 15:21:44:358	Fenix:endEffector	debug	0.0,-93.00000000000001,0.3788888888888889
2025-02-16 15:21:44:360	Fenix:stateModels	debug	START, START, START, START, START, START, START, START, START, START
2025-02-16 15:21:44:362	Fenix:buttonPresses	debug	0.0
2025-02-16 15:21:44:390	Fenix:drivetrain	debug	0.0,-0.0,-0.0,-0.0,0.0,0.0,3.0,3.0
2025-02-16 15:21:44:401	Fenix:arm	debug	0.06144027308192458,13.000009536661222,1.0,3.0,-0.06687621213134488,1.0,546.0
2025-02-16 15:21:44:403	Fenix:endEffector	debug	0.0,-93.00000000000001,0.3788888888888889
2025-02-16 15:21:44:405	Fenix:stateModels	debug	START, START, START, START, START, START, START, START, START, START
2025-02-16 15:21:44:407	Fenix:buttonPresses	debug	0.0
2025-02-16 15:21:44:437	Fenix:drivetrain	debug	0.0,-0.0,-0.0,-0.0,0.0,3.0,3.0,0.0
2025-02-16 15:21:44:448	Fenix:arm	debug	0.06144027308192458,13.000009536661222,1.0,3.0,-0.06687621213134488,1.0,550.0
2025-02-16 15:21:44:450	Fenix:endEffector	debug	0.0,-93.00000000000001,0.3788888888888889
2025-02-16 15:21:44:451	Fenix:stateModels	debug	START, START, START, START, START, START, START, START, START, START
2025-02-16 15:21:44:453	Fenix:buttonPresses	debug	0.0
2025-02-16 15:21:44:480	Fenix:drivetrain	debug	0.0,-0.0,-0.0,-0.0,0.0,0.0,3.0,0.0
2025-02-16 15:21:44:491	Fenix:arm	debug	0.06144027308192458,13.000009536661222,1.0,10.0,-0.06687621213134488,1.0,546.0
2025-02-16 15:21:44:494	Fenix:endEffector	debug	0.0,-93.00000000000001,0.3788888888888889
2025-02-16 15:21:44:496	Fenix:stateModels	debug	START, START, START, START, START, START, START, START, START, START
2025-02-16 15:21:44:497	Fenix:buttonPresses	debug	0.0
2025-02-16 15:21:44:549	Fenix:drivetrain	debug	0.0,-0.0,-0.0,-0.0,3.0,3.0,3.0,0.0
2025-02-16 15:21:44:564	Fenix:arm	debug	0.06144027308192458,13.000009536661222,1.0,3.0,-0.06687621213134488,1.0,375.0
2025-02-16 15:21:44:567	Fenix:endEffector	debug	0.0,-93.00000000000001,0.3788888888888889
2025-02-16 15:21:44:568	Fenix:stateModels	debug	START, START, START, START, START, START, START, START, START, START
2025-02-16 15:21:44:570	Fenix:buttonPresses	debug	0.0
2025-02-16 15:21:44:605	Fenix:drivetrain	debug	0.0,-0.0,-0.0,-0.0,3.0,3.0,3.0,3.0
2025-02-16 15:21:44:620	Fenix:arm	debug	0.06144027308192458,13.000009536661222,1.0,14.0,-0.06687621213134488,1.0,379.0
2025-02-16 15:21:44:624	Fenix:endEffector	debug	0.0,-93.00000000000001,0.3788888888888889
2025-02-16 15:21:44:626	Fenix:stateModels	debug	START, START, START, START, START, START, START, START, START, START
2025-02-16 15:21:44:628	Fenix:buttonPresses	debug	0.0
2025-02-16 15:21:44:662	Fenix:drivetrain	debug	0.0,-0.0,-0.0,-0.0,3.0,0.0,3.0,3.0
2025-02-16 15:21:44:680	Fenix:arm	debug	0.06144027308192458,13.000009536661222,1.0,3.0,-0.06687621213134488,1.0,382.0
2025-02-16 15:21:44:682	Fenix:endEffector	debug	0.0,-93.00000000000001,0.3788888888888889
2025-02-16 15:21:44:685	Fenix:stateModels	debug	START, START, START, START, START, START, START, START, START, START
2025-02-16 15:21:44:687	Fenix:buttonPresses	debug	0.0
2025-02-16 15:21:44:716	Fenix:drivetrain	debug	0.0,-0.0,-0.0,-0.0,0.0,0.0,3.0,0.0
2025-02-16 15:21:44:728	Fenix:arm	debug	0.06144027308192458,13.000009536661222,1.0,3.0,-0.06687621213134488,1.0,382.0
2025-02-16 15:21:44:730	Fenix:endEffector	debug	0.0,-93.00000000000001,0.3788888888888889
2025-02-16 15:21:44:731	Fenix:stateModels	debug	START, START, START, START, START, START, START, START, START, START
2025-02-16 15:21:44:733	Fenix:buttonPresses	debug	0.0
2025-02-16 15:21:44:777	Fenix:drivetrain	debug	0.0,-0.0,-0.0,-0.0,3.0,0.0,3.0,3.0
2025-02-16 15:21:44:789	Fenix:arm	debug	0.06144027308192458,13.000009536661222,1.0,3.0,-0.06687621213134488,1.0,382.0
2025-02-16 15:21:44:792	Fenix:endEffector	debug	0.0,-93.00000000000001,0.3788888888888889
2025-02-16 15:21:44:794	Fenix:stateModels	debug	START, START, START, START, START, START, START, START, START, START
2025-02-16 15:21:44:795	Fenix:buttonPresses	debug	0.0
2025-02-16 15:21:44:825	Fenix:drivetrain	debug	0.0,-0.0,-0.0,-0.0,3.0,0.0,7.0,3.0
2025-02-16 15:21:44:836	Fenix:arm	debug	0.04915221846553967,13.000009536661222,1.0,3.0,-0.06687621213134488,1.0,382.0
2025-02-16 15:21:44:839	Fenix:endEffector	debug	0.0,-93.00000000000001,0.3788888888888889
2025-02-16 15:21:44:840	Fenix:stateModels	debug	START, START, START, START, START, START, START, START, START, START
2025-02-16 15:21:44:842	Fenix:buttonPresses	debug	0.0
2025-02-16 15:21:44:875	Fenix:drivetrain	debug	0.0,-0.0,-0.0,-0.0,3.0,0.0,7.0,3.0
2025-02-16 15:21:44:889	Fenix:arm	debug	0.03686416384915475,13.000009536661222,1.0,3.0,-0.06687621213134488,1.0,386.0
2025-02-16 15:21:44:891	Fenix:endEffector	debug	0.0,-93.00000000000001,0.3788888888888889
2025-02-16 15:21:44:893	Fenix:stateModels	debug	START, START, START, START, START, START, START, START, START, START
2025-02-16 15:21:44:895	Fenix:buttonPresses	debug	0.0
2025-02-16 15:21:44:925	Fenix:drivetrain	debug	0.0,-0.0,-0.0,-0.0,0.0,0.0,3.0,3.0
2025-02-16 15:21:44:937	Fenix:arm	debug	0.03686416384915475,13.000009536661222,1.0,3.0,-0.06687621213134488,1.0,382.0
2025-02-16 15:21:44:939	Fenix:endEffector	debug	0.0,-93.00000000000001,0.3788888888888889
2025-02-16 15:21:44:942	Fenix:stateModels	debug	START, START, START, START, START, START, START, START, START, START
2025-02-16 15:21:44:944	Fenix:buttonPresses	debug	0.0
2025-02-16 15:21:44:974	Fenix:drivetrain	debug	0.0,-0.0,-0.0,-0.0,3.0,0.0,3.0,7.0
2025-02-16 15:21:44:985	Fenix:arm	debug	0.03686416384915475,13.00000238416429,1.0,3.0,-0.03343810606567244,1.0,258.0
2025-02-16 15:21:44:988	Fenix:endEffector	debug	0.0,-93.00000000000001,0.3788888888888889
2025-02-16 15:21:44:990	Fenix:stateModels	debug	START, START, START, START, START, START, START, START, START, START
2025-02-16 15:21:44:991	Fenix:buttonPresses	debug	0.0
2025-02-16 15:21:45:023	Fenix:drivetrain	debug	0.0,-0.0,-0.0,-0.0,7.0,0.0,3.0,3.0
2025-02-16 15:21:45:038	Fenix:arm	debug	0.03686416384915475,13.00000238416429,1.0,3.0,-0.03343810606567244,1.0,349.0
2025-02-16 15:21:45:044	Fenix:endEffector	debug	0.0,-93.00000000000001,0.3788888888888889
2025-02-16 15:21:45:046	Fenix:stateModels	debug	START, START, START, START, START, START, START, START, START, START
2025-02-16 15:21:45:048	Fenix:buttonPresses	debug	0.0
2025-02-16 15:21:45:091	Fenix:drivetrain	debug	0.0,-0.0,-0.0,-0.0,0.0,0.0,3.0,3.0
2025-02-16 15:21:45:107	Fenix:arm	debug	0.03686416384915475,13.00000238416429,1.0,3.0,-0.03343810606567244,1.0,382.0
2025-02-16 15:21:45:110	Fenix:endEffector	debug	0.0,-93.00000000000001,0.3788888888888889
2025-02-16 15:21:45:113	Fenix:stateModels	debug	START, START, START, START, START, START, START, START, START, START
2025-02-16 15:21:45:116	Fenix:buttonPresses	debug	0.0
2025-02-16 15:21:45:149	Fenix:drivetrain	debug	0.0,-0.0,-0.0,-0.0,0.0,0.0,3.0,3.0
2025-02-16 15:21:45:164	Fenix:arm	debug	0.03686416384915475,13.00000238416429,1.0,0.0,-0.03343810606567244,1.0,240.0
2025-02-16 15:21:45:167	Fenix:endEffector	debug	0.0,-93.00000000000001,0.3788888888888889
2025-02-16 15:21:45:169	Fenix:stateModels	debug	START, START, START, START, START, START, START, START, START, START
2025-02-16 15:21:45:171	Fenix:buttonPresses	debug	0.0
2025-02-16 15:21:45:201	Fenix:drivetrain	debug	0.0,-0.0,-0.0,-0.0,0.0,0.0,3.0,3.0
2025-02-16 15:21:45:216	Fenix:arm	debug	0.03686416384915475,13.00000238416429,1.0,3.0,-0.03343810606567244,1.0,233.0
2025-02-16 15:21:45:218	Fenix:endEffector	debug	0.0,-93.00000000000001,0.3788888888888889
2025-02-16 15:21:45:220	Fenix:stateModels	debug	START, START, START, START, START, START, START, START, START, START
2025-02-16 15:21:45:223	Fenix:buttonPresses	debug	0.0
2025-02-16 15:21:45:265	Fenix:drivetrain	debug	0.0,-0.0,-0.0,-0.0,0.0,0.0,3.0,3.0
2025-02-16 15:21:45:276	Fenix:arm	debug	0.03686416384915475,13.00000238416429,1.0,7.0,-0.03343810606567244,1.0,236.0
2025-02-16 15:21:45:278	Fenix:endEffector	debug	0.0,-93.00000000000001,0.3788888888888889
2025-02-16 15:21:45:280	Fenix:stateModels	debug	START, START, START, START, START, START, START, START, START, START
2025-02-16 15:21:45:283	Fenix:buttonPresses	debug	0.0
2025-02-16 15:21:45:317	Fenix:drivetrain	debug	0.0,-0.0,-0.0,-0.0,0.0,0.0,3.0,3.0
2025-02-16 15:21:45:329	Fenix:arm	debug	0.03686416384915475,13.00000238416429,1.0,10.0,-0.03343810606567244,1.0,233.0
2025-02-16 15:21:45:333	Fenix:endEffector	debug	0.0,-93.00000000000001,0.3788888888888889
2025-02-16 15:21:45:335	Fenix:stateModels	debug	START, START, START, START, START, START, START, START, START, START
2025-02-16 15:21:45:337	Fenix:buttonPresses	debug	0.0
2025-02-16 15:21:45:370	Fenix:drivetrain	debug	0.0,-0.0,-0.0,-0.0,0.0,0.0,3.0,7.0
2025-02-16 15:21:45:382	Fenix:arm	debug	0.03686416384915475,13.00000238416429,1.0,0.0,-0.03343810606567244,1.0,233.0
2025-02-16 15:21:45:385	Fenix:endEffector	debug	0.0,-93.00000000000001,0.3788888888888889
2025-02-16 15:21:45:387	Fenix:stateModels	debug	START, START, START, START, START, START, START, START, START, START
2025-02-16 15:21:45:388	Fenix:buttonPresses	debug	0.0
2025-02-16 15:21:45:418	Fenix:drivetrain	debug	0.0,-0.0,-0.0,-0.0,0.0,0.0,3.0,3.0
2025-02-16 15:21:45:429	Fenix:arm	debug	0.024576109232769833,13.00000238416429,1.0,3.0,-0.03343810606567244,1.0,229.0
2025-02-16 15:21:45:432	Fenix:endEffector	debug	0.0,-93.00000000000001,0.3788888888888889
2025-02-16 15:21:45:435	Fenix:stateModels	debug	START, START, START, START, START, START, START, START, START, START
2025-02-16 15:21:45:437	Fenix:buttonPresses	debug	0.0
2025-02-16 15:21:45:473	Fenix:drivetrain	debug	0.0,-0.0,-0.0,-0.0,3.0,3.0,3.0,0.0
2025-02-16 15:21:45:486	Fenix:arm	debug	0.024576109232769833,13.00000238416429,1.0,0.0,-0.03343810606567244,1.0,164.0
2025-02-16 15:21:45:489	Fenix:endEffector	debug	0.0,-93.00000000000001,0.3788888888888889
2025-02-16 15:21:45:492	Fenix:stateModels	debug	START, START, START, START, START, START, START, START, START, START
2025-02-16 15:21:45:495	Fenix:buttonPresses	debug	0.0
2025-02-16 15:21:45:538	Fenix:drivetrain	debug	0.0,-0.0,-0.0,-0.0,0.0,0.0,3.0,0.0
2025-02-16 15:21:45:555	Fenix:arm	debug	0.024576109232769833,13.00000238416429,1.0,3.0,-0.03343810606567244,1.0,102.0
2025-02-16 15:21:45:560	Fenix:endEffector	debug	0.0,-93.00000000000001,0.3788888888888889
2025-02-16 15:21:45:562	Fenix:stateModels	debug	START, START, START, START, START, START, START, START, START, START
2025-02-16 15:21:45:565	Fenix:buttonPresses	debug	0.0
2025-02-16 15:21:45:613	Fenix:drivetrain	debug	0.0,-0.0,-0.0,-0.0,3.0,0.0,3.0,3.0
2025-02-16 15:21:45:628	Fenix:arm	debug	0.024576109232769833,13.00000238416429,1.0,3.0,-0.03343810606567244,1.0,98.0
2025-02-16 15:21:45:630	Fenix:endEffector	debug	0.0,-93.00000000000001,0.3788888888888889
2025-02-16 15:21:45:633	Fenix:stateModels	debug	START, START, START, START, START, START, START, START, START, START
2025-02-16 15:21:45:635	Fenix:buttonPresses	debug	0.0
2025-02-16 15:21:45:698	Fenix:drivetrain	debug	0.0,-0.0,-0.0,-0.0,0.0,0.0,3.0,0.0
2025-02-16 15:21:45:712	Fenix:arm	debug	0.024576109232769833,13.00000238416429,1.0,0.0,-0.03343810606567244,1.0,105.0
2025-02-16 15:21:45:716	Fenix:endEffector	debug	0.0,-93.00000000000001,0.3788888888888889
2025-02-16 15:21:45:718	Fenix:stateModels	debug	START, START, START, START, START, START, START, START, START, START
2025-02-16 15:21:45:721	Fenix:buttonPresses	debug	0.0
2025-02-16 15:21:45:751	Fenix:drivetrain	debug	0.0,-0.0,-0.0,-0.0,3.0,3.0,7.0,0.0
2025-02-16 15:21:45:764	Fenix:arm	debug	0.04915221846553967,13.00000238416429,1.0,0.0,-0.03343810606567244,1.0,105.0
2025-02-16 15:21:45:767	Fenix:endEffector	debug	0.0,-93.00000000000001,0.3788888888888889
2025-02-16 15:21:45:769	Fenix:stateModels	debug	START, START, START, START, START, START, START, START, START, START
2025-02-16 15:21:45:771	Fenix:buttonPresses	debug	0.0
2025-02-16 15:21:45:821	Fenix:drivetrain	debug	0.0,-0.0,-0.0,-0.0,0.0,0.0,3.0,3.0
2025-02-16 15:21:45:835	Fenix:arm	debug	0.04915221846553967,13.00000238416429,1.0,0.0,-0.03343810606567244,1.0,102.0
2025-02-16 15:21:45:839	Fenix:endEffector	debug	0.0,-93.00000000000001,0.3788888888888889
2025-02-16 15:21:45:841	Fenix:stateModels	debug	START, START, START, START, START, START, START, START, START, START
2025-02-16 15:21:45:843	Fenix:buttonPresses	debug	0.0
2025-02-16 15:21:45:875	Fenix:drivetrain	debug	0.0,-0.0,-0.0,-0.0,0.0,0.0,3.0,0.0
2025-02-16 15:21:45:887	Fenix:arm	debug	0.04915221846553967,13.00000238416429,1.0,0.0,-0.03343810606567244,1.0,98.0
2025-02-16 15:21:45:890	Fenix:endEffector	debug	0.0,-93.00000000000001,0.3788888888888889
2025-02-16 15:21:45:891	Fenix:stateModels	debug	START, START, START, START, START, START, START, START, START, START
2025-02-16 15:21:45:893	Fenix:buttonPresses	debug	0.0
2025-02-16 15:21:45:924	Fenix:drivetrain	debug	0.0,-0.0,-0.0,-0.0,3.0,0.0,7.0,0.0
2025-02-16 15:21:45:936	Fenix:arm	debug	0.04915221846553967,13.00000238416429,1.0,3.0,-0.03343810606567244,1.0,105.0
2025-02-16 15:21:45:939	Fenix:endEffector	debug	0.0,-93.00000000000001,0.3788888888888889
2025-02-16 15:21:45:940	Fenix:stateModels	debug	START, START, START, START, START, START, START, START, START, START
2025-02-16 15:21:45:943	Fenix:buttonPresses	debug	0.0
2025-02-16 15:21:45:975	Fenix:drivetrain	debug	0.0,-0.0,-0.0,-0.0,0.0,0.0,3.0,3.0
2025-02-16 15:21:45:991	Fenix:arm	debug	0.04915221846553967,13.00000238416429,1.0,10.0,-0.03343810606567244,1.0,102.0
2025-02-16 15:21:45:994	Fenix:endEffector	debug	0.0,-93.00000000000001,0.3788888888888889
2025-02-16 15:21:45:996	Fenix:stateModels	debug	START, START, START, START, START, START, START, START, START, START
2025-02-16 15:21:45:999	Fenix:buttonPresses	debug	0.0
2025-02-16 15:21:46:037	Fenix:drivetrain	debug	0.0,-0.0,-0.0,-0.0,3.0,0.0,7.0,3.0
2025-02-16 15:21:46:050	Fenix:arm	debug	0.04915221846553967,13.00000238416429,1.0,7.0,-0.03343810606567244,1.0,102.0
2025-02-16 15:21:46:053	Fenix:endEffector	debug	0.0,-93.00000000000001,0.3788888888888889
2025-02-16 15:21:46:055	Fenix:stateModels	debug	START, START, START, START, START, START, START, START, START, START
2025-02-16 15:21:46:057	Fenix:buttonPresses	debug	0.0
2025-02-16 15:21:46:091	Fenix:drivetrain	debug	0.0,-0.0,-0.0,-0.0,3.0,0.0,3.0,3.0
2025-02-16 15:21:46:104	Fenix:arm	debug	0.04915221846553967,13.00000238416429,1.0,0.0,-0.03343810606567244,1.0,102.0
2025-02-16 15:21:46:109	Fenix:endEffector	debug	0.0,-93.00000000000001,0.3788888888888889
2025-02-16 15:21:46:111	Fenix:stateModels	debug	START, START, START, START, START, START, START, START, START, START
2025-02-16 15:21:46:113	Fenix:buttonPresses	debug	0.0
2025-02-16 15:21:46:158	Fenix:drivetrain	debug	0.0,-0.0,-0.0,-0.0,0.0,0.0,3.0,0.0
2025-02-16 15:21:46:173	Fenix:arm	debug	0.04915221846553967,13.00000238416429,1.0,7.0,-0.03343810606567244,1.0,105.0
2025-02-16 15:21:46:175	Fenix:endEffector	debug	0.0,-93.00000000000001,0.3788888888888889
2025-02-16 15:21:46:178	Fenix:stateModels	debug	START, START, START, START, START, START, START, START, START, START
2025-02-16 15:21:46:180	Fenix:buttonPresses	debug	0.0
2025-02-16 15:21:46:216	Fenix:drivetrain	debug	0.0,-0.0,-0.0,-0.0,0.0,3.0,3.0,3.0
2025-02-16 15:21:46:233	Fenix:arm	debug	0.04915221846553967,13.00000238416429,1.0,7.0,-0.03343810606567244,1.0,25.0
2025-02-16 15:21:46:236	Fenix:endEffector	debug	0.0,-93.00000000000001,0.3788888888888889
2025-02-16 15:21:46:238	Fenix:stateModels	debug	START, START, START, START, START, START, START, START, START, START
2025-02-16 15:21:46:240	Fenix:buttonPresses	debug	0.0
2025-02-16 15:21:46:271	Fenix:drivetrain	debug	0.0,-0.0,-0.0,-0.0,3.0,0.0,7.0,3.0
2025-02-16 15:21:46:283	Fenix:arm	debug	0.04915221846553967,13.00000238416429,1.0,0.0,-0.03343810606567244,1.0,21.0
2025-02-16 15:21:46:286	Fenix:endEffector	debug	0.0,-93.00000000000001,0.3788888888888889
2025-02-16 15:21:46:287	Fenix:stateModels	debug	START, START, START, START, START, START, START, START, START, START
2025-02-16 15:21:46:289	Fenix:buttonPresses	debug	0.0
2025-02-16 15:21:46:331	Fenix:drivetrain	debug	0.0,-0.0,-0.0,-0.0,3.0,0.0,3.0,3.0
2025-02-16 15:21:46:343	Fenix:arm	debug	0.04915221846553967,13.00000238416429,1.0,0.0,-0.03343810606567244,1.0,18.0
2025-02-16 15:21:46:347	Fenix:endEffector	debug	0.0,-93.00000000000001,0.3788888888888889
2025-02-16 15:21:46:349	Fenix:stateModels	debug	START, START, START, START, START, START, START, START, START, START
2025-02-16 15:21:46:351	Fenix:buttonPresses	debug	0.0
2025-02-16 15:21:46:382	Fenix:drivetrain	debug	0.0,-0.0,-0.0,-0.0,3.0,0.0,3.0,3.0
2025-02-16 15:21:46:394	Fenix:arm	debug	0.04915221846553967,13.00000238416429,1.0,0.0,-0.03343810606567244,1.0,21.0
2025-02-16 15:21:46:397	Fenix:endEffector	debug	0.0,-93.00000000000001,0.3788888888888889
2025-02-16 15:21:46:399	Fenix:stateModels	debug	START, START, START, START, START, START, START, START, START, START
2025-02-16 15:21:46:401	Fenix:buttonPresses	debug	0.0
2025-02-16 15:21:46:432	Fenix:drivetrain	debug	0.0,-0.0,-0.0,-0.0,3.0,0.0,3.0,0.0
2025-02-16 15:21:46:445	Fenix:arm	debug	0.04915221846553967,13.00000238416429,1.0,3.0,-0.03343810606567244,1.0,21.0
2025-02-16 15:21:46:448	Fenix:endEffector	debug	0.0,-93.00000000000001,0.3788888888888889
2025-02-16 15:21:46:450	Fenix:stateModels	debug	START, START, START, START, START, START, START, START, START, START
2025-02-16 15:21:46:453	Fenix:buttonPresses	debug	0.0
2025-02-16 15:21:46:484	Fenix:drivetrain	debug	0.0,-0.0,-0.0,-0.0,3.0,0.0,3.0,0.0
2025-02-16 15:21:46:497	Fenix:arm	debug	0.04915221846553967,13.00000238416429,1.0,10.0,-0.03343810606567244,1.0,21.0
2025-02-16 15:21:46:500	Fenix:endEffector	debug	0.0,-93.00000000000001,0.3788888888888889
2025-02-16 15:21:46:502	Fenix:stateModels	debug	START, START, START, START, START, START, START, START, START, START
2025-02-16 15:21:46:504	Fenix:buttonPresses	debug	0.0
2025-02-16 15:21:46:535	Fenix:drivetrain	debug	0.0,-0.0,-0.0,-0.0,0.0,3.0,3.0,0.0
2025-02-16 15:21:46:550	Fenix:arm	debug	0.03686416384915475,13.00000238416429,1.0,0.0,-0.03343810606567244,1.0,65.0
2025-02-16 15:21:46:553	Fenix:endEffector	debug	0.0,-93.00000000000001,0.3788888888888889
2025-02-16 15:21:46:556	Fenix:stateModels	debug	START, START, START, START, START, START, START, START, START, START
2025-02-16 15:21:46:558	Fenix:buttonPresses	debug	0.0
2025-02-16 15:21:46:587	Fenix:drivetrain	debug	0.0,-0.0,-0.0,-0.0,3.0,0.0,7.0,3.0
2025-02-16 15:21:46:598	Fenix:arm	debug	0.03686416384915475,13.00000238416429,1.0,3.0,-0.03343810606567244,1.0,80.0
2025-02-16 15:21:46:599	Fenix:endEffector	debug	0.0,-93.00000000000001,0.3788888888888889
2025-02-16 15:21:46:601	Fenix:stateModels	debug	START, START, START, START, START, START, START, START, START, START
2025-02-16 15:21:46:604	Fenix:buttonPresses	debug	0.0
2025-02-16 15:21:46:634	Fenix:drivetrain	debug	0.0,-0.0,-0.0,-0.0,3.0,3.0,3.0,3.0
2025-02-16 15:21:46:646	Fenix:arm	debug	0.03686416384915475,13.00000238416429,1.0,3.0,-0.03343810606567244,1.0,80.0
2025-02-16 15:21:46:649	Fenix:endEffector	debug	0.0,-93.00000000000001,0.3788888888888889
2025-02-16 15:21:46:651	Fenix:stateModels	debug	START, START, START, START, START, START, START, START, START, START
2025-02-16 15:21:46:653	Fenix:buttonPresses	debug	0.0
2025-02-16 15:21:46:694	Fenix:drivetrain	debug	0.0,-0.0,-0.0,-0.0,0.0,3.0,3.0,3.0
2025-02-16 15:21:46:708	Fenix:arm	debug	0.03686416384915475,13.00000238416429,1.0,3.0,-0.03343810606567244,1.0,80.0
2025-02-16 15:21:46:710	Fenix:endEffector	debug	0.0,-93.00000000000001,0.3788888888888889
2025-02-16 15:21:46:712	Fenix:stateModels	debug	START, START, START, START, START, START, START, START, START, START
2025-02-16 15:21:46:714	Fenix:buttonPresses	debug	0.0
2025-02-16 15:21:46:747	Fenix:drivetrain	debug	0.0,-0.0,-0.0,-0.0,0.0,3.0,3.0,10.0
2025-02-16 15:21:46:763	Fenix:arm	debug	0.03686416384915475,13.00000238416429,1.0,3.0,-0.03343810606567244,1.0,80.0
2025-02-16 15:21:46:767	Fenix:endEffector	debug	0.0,-93.00000000000001,0.3788888888888889
2025-02-16 15:21:46:769	Fenix:stateModels	debug	START, START, START, START, START, START, START, START, START, START
2025-02-16 15:21:46:771	Fenix:buttonPresses	debug	0.0
2025-02-16 15:21:46:809	Fenix:drivetrain	debug	0.0,-0.0,-0.0,-0.0,0.0,0.0,3.0,3.0
2025-02-16 15:21:46:825	Fenix:arm	debug	0.03686416384915475,13.00000238416429,1.0,3.0,-0.03343810606567244,1.0,80.0
2025-02-16 15:21:46:827	Fenix:endEffector	debug	0.0,-93.00000000000001,0.3788888888888889
2025-02-16 15:21:46:830	Fenix:stateModels	debug	START, START, START, START, START, START, START, START, START, START
2025-02-16 15:21:46:832	Fenix:buttonPresses	debug	0.0
2025-02-16 15:21:46:877	Fenix:drivetrain	debug	0.0,-0.0,-0.0,-0.0,0.0,3.0,3.0,0.0
2025-02-16 15:21:46:889	Fenix:arm	debug	0.03686416384915475,13.00000238416429,1.0,0.0,-0.03343810606567244,1.0,145.0
2025-02-16 15:21:46:893	Fenix:endEffector	debug	0.0,-93.00000000000001,0.3788888888888889
2025-02-16 15:21:46:896	Fenix:stateModels	debug	START, START, START, START, START, START, START, START, START, START
2025-02-16 15:21:46:898	Fenix:buttonPresses	debug	0.0
2025-02-16 15:21:46:927	Fenix:drivetrain	debug	0.0,-0.0,-0.0,-0.0,3.0,3.0,3.0,0.0
2025-02-16 15:21:46:938	Fenix:arm	debug	0.03686416384915475,13.00000238416429,1.0,3.0,-0.03343810606567244,1.0,160.0
2025-02-16 15:21:46:940	Fenix:endEffector	debug	0.0,-93.00000000000001,0.3788888888888889
2025-02-16 15:21:46:941	Fenix:stateModels	debug	START, START, START, START, START, START, START, START, START, START
2025-02-16 15:21:46:943	Fenix:buttonPresses	debug	0.0
2025-02-16 15:21:46:969	Fenix:drivetrain	debug	0.0,-0.0,-0.0,-0.0,0.0,0.0,7.0,3.0
2025-02-16 15:21:46:979	Fenix:arm	debug	0.03686416384915475,13.00000238416429,1.0,0.0,-0.03343810606567244,1.0,156.0
2025-02-16 15:21:46:981	Fenix:endEffector	debug	0.0,-93.00000000000001,0.3788888888888889
2025-02-16 15:21:46:983	Fenix:stateModels	debug	START, START, START, START, START, START, START, START, START, START
2025-02-16 15:21:46:985	Fenix:buttonPresses	debug	0.0
2025-02-16 15:21:47:012	Fenix:drivetrain	debug	0.0,-0.0,-0.0,-0.0,3.0,0.0,3.0,3.0
2025-02-16 15:21:47:023	Fenix:arm	debug	0.03686416384915475,13.00000238416429,1.0,3.0,-0.03343810606567244,1.0,164.0
2025-02-16 15:21:47:024	Fenix:endEffector	debug	0.0,-93.00000000000001,0.3788888888888889
2025-02-16 15:21:47:026	Fenix:stateModels	debug	START, START, START, START, START, START, START, START, START, START
2025-02-16 15:21:47:028	Fenix:buttonPresses	debug	0.0
2025-02-16 15:21:47:057	Fenix:drivetrain	debug	0.0,-0.0,-0.0,-0.0,3.0,0.0,3.0,3.0
2025-02-16 15:21:47:069	Fenix:arm	debug	0.03686416384915475,13.00000238416429,1.0,0.0,-0.03343810606567244,1.0,160.0
2025-02-16 15:21:47:071	Fenix:endEffector	debug	0.0,-93.00000000000001,0.3788888888888889
2025-02-16 15:21:47:073	Fenix:stateModels	debug	START, START, START, START, START, START, START, START, START, START
2025-02-16 15:21:47:074	Fenix:buttonPresses	debug	0.0
2025-02-16 15:21:47:105	Fenix:drivetrain	debug	0.0,-0.0,-0.0,-0.0,0.0,0.0,7.0,3.0
2025-02-16 15:21:47:117	Fenix:arm	debug	0.03686416384915475,13.00000238416429,1.0,0.0,-0.03343810606567244,1.0,167.0
2025-02-16 15:21:47:120	Fenix:endEffector	debug	0.0,-93.00000000000001,0.3788888888888889
2025-02-16 15:21:47:121	Fenix:stateModels	debug	START, START, START, START, START, START, START, START, START, START
2025-02-16 15:21:47:124	Fenix:buttonPresses	debug	0.0
2025-02-16 15:21:47:154	Fenix:drivetrain	debug	0.0,-0.0,-0.0,-0.0,0.0,3.0,3.0,3.0
2025-02-16 15:21:47:170	Fenix:arm	debug	0.03686416384915475,13.00000238416429,1.0,3.0,-0.03343810606567244,1.0,164.0
2025-02-16 15:21:47:175	Fenix:endEffector	debug	0.0,-93.00000000000001,0.3788888888888889
2025-02-16 15:21:47:177	Fenix:stateModels	debug	START, START, START, START, START, START, START, START, START, START
2025-02-16 15:21:47:179	Fenix:buttonPresses	debug	0.0
2025-02-16 15:21:47:225	Fenix:drivetrain	debug	0.0,-0.0,-0.0,-0.0,0.0,0.0,3.0,3.0
2025-02-16 15:21:47:239	Fenix:arm	debug	0.03686416384915475,13.00000238416429,1.0,0.0,-0.03343810606567244,1.0,164.0
2025-02-16 15:21:47:241	Fenix:endEffector	debug	0.0,-93.00000000000001,0.3788888888888889
2025-02-16 15:21:47:243	Fenix:stateModels	debug	START, START, START, START, START, START, START, START, START, START
2025-02-16 15:21:47:244	Fenix:buttonPresses	debug	0.0
2025-02-16 15:21:47:273	Fenix:drivetrain	debug	0.0,-0.0,-0.0,-0.0,3.0,3.0,3.0,0.0
2025-02-16 15:21:47:291	Fenix:arm	debug	0.03686416384915475,13.00000238416429,1.0,3.0,-0.03343810606567244,1.0,167.0
2025-02-16 15:21:47:294	Fenix:endEffector	debug	0.0,-93.00000000000001,0.3788888888888889
2025-02-16 15:21:47:296	Fenix:stateModels	debug	START, START, START, START, START, START, START, START, START, START
2025-02-16 15:21:47:297	Fenix:buttonPresses	debug	0.0
2025-02-16 15:21:47:325	Fenix:drivetrain	debug	0.0,-0.0,-0.0,-0.0,0.0,0.0,3.0,3.0
2025-02-16 15:21:47:336	Fenix:arm	debug	0.024576109232769833,13.00000238416429,1.0,10.0,-0.03343810606567244,1.0,164.0
2025-02-16 15:21:47:338	Fenix:endEffector	debug	0.0,-93.00000000000001,0.3788888888888889
2025-02-16 15:21:47:339	Fenix:stateModels	debug	START, START, START, START, START, START, START, START, START, START
2025-02-16 15:21:47:341	Fenix:buttonPresses	debug	0.0
2025-02-16 15:21:47:380	Fenix:drivetrain	debug	0.0,-0.0,-0.0,-0.0,0.0,3.0,3.0,3.0
2025-02-16 15:21:47:391	Fenix:arm	debug	0.024576109232769833,13.00000238416429,1.0,0.0,-0.03343810606567244,1.0,167.0
2025-02-16 15:21:47:393	Fenix:endEffector	debug	0.0,-93.00000000000001,0.3788888888888889
2025-02-16 15:21:47:394	Fenix:stateModels	debug	START, START, START, START, START, START, START, START, START, START
2025-02-16 15:21:47:396	Fenix:buttonPresses	debug	0.0
2025-02-16 15:21:47:422	Fenix:drivetrain	debug	0.0,-0.0,-0.0,-0.0,0.0,3.0,3.0,0.0
2025-02-16 15:21:47:433	Fenix:arm	debug	0.024576109232769833,13.00000238416429,1.0,3.0,-0.03343810606567244,1.0,164.0
2025-02-16 15:21:47:436	Fenix:endEffector	debug	0.0,-93.00000000000001,0.3788888888888889
2025-02-16 15:21:47:438	Fenix:stateModels	debug	START, START, START, START, START, START, START, START, START, START
2025-02-16 15:21:47:439	Fenix:buttonPresses	debug	0.0
2025-02-16 15:21:47:468	Fenix:drivetrain	debug	0.0,-0.0,-0.0,-0.0,3.0,0.0,3.0,3.0
2025-02-16 15:21:47:479	Fenix:arm	debug	0.024576109232769833,13.00000238416429,1.0,3.0,-0.03343810606567244,1.0,167.0
2025-02-16 15:21:47:481	Fenix:endEffector	debug	0.0,-93.00000000000001,0.3788888888888889
2025-02-16 15:21:47:482	Fenix:stateModels	debug	START, START, START, START, START, START, START, START, START, START
2025-02-16 15:21:47:484	Fenix:buttonPresses	debug	0.0
2025-02-16 15:21:47:510	Fenix:drivetrain	debug	0.0,-0.0,-0.0,-0.0,3.0,0.0,3.0,0.0
2025-02-16 15:21:47:522	Fenix:arm	debug	0.024576109232769833,13.0,1.0,0.0,0.0,1.0,225.0
2025-02-16 15:21:47:523	Fenix:endEffector	debug	0.0,-93.00000000000001,0.3788888888888889
2025-02-16 15:21:47:525	Fenix:stateModels	debug	START, START, START, START, START, START, START, START, START, START
2025-02-16 15:21:47:527	Fenix:buttonPresses	debug	0.0
2025-02-16 15:21:47:556	Fenix:drivetrain	debug	0.0,-0.0,-0.0,-0.0,0.0,0.0,3.0,3.0
2025-02-16 15:21:47:567	Fenix:arm	debug	0.024576109232769833,13.0,1.0,3.0,0.0,1.0,153.0
2025-02-16 15:21:47:571	Fenix:endEffector	debug	0.0,-93.00000000000001,0.3788888888888889
2025-02-16 15:21:47:573	Fenix:stateModels	debug	START, START, START, START, START, START, START, START, START, START
2025-02-16 15:21:47:574	Fenix:buttonPresses	debug	0.0
2025-02-16 15:21:47:605	Fenix:drivetrain	debug	0.0,-0.0,-0.0,-0.0,3.0,0.0,3.0,0.0
2025-02-16 15:21:47:616	Fenix:arm	debug	0.024576109232769833,13.0,1.0,7.0,0.0,1.0,164.0
2025-02-16 15:21:47:619	Fenix:endEffector	debug	0.0,-93.00000000000001,0.3788888888888889
2025-02-16 15:21:47:621	Fenix:stateModels	debug	START, START, START, START, START, START, START, START, START, START
2025-02-16 15:21:47:623	Fenix:buttonPresses	debug	0.0
2025-02-16 15:21:47:651	Fenix:drivetrain	debug	0.0,-0.0,-0.0,-0.0,3.0,0.0,3.0,0.0
2025-02-16 15:21:47:663	Fenix:arm	debug	0.012288054616384917,13.0,1.0,0.0,0.0,1.0,167.0
2025-02-16 15:21:47:665	Fenix:endEffector	debug	0.0,-93.00000000000001,0.3788888888888889
2025-02-16 15:21:47:667	Fenix:stateModels	debug	START, START, START, START, START, START, START, START, START, START
2025-02-16 15:21:47:669	Fenix:buttonPresses	debug	0.0
2025-02-16 15:21:47:743	Fenix:drivetrain	debug	0.0,-0.0,-0.0,-0.0,0.0,0.0,3.0,3.0
2025-02-16 15:21:47:759	Fenix:arm	debug	0.012288054616384917,13.0,1.0,0.0,0.0,1.0,167.0
2025-02-16 15:21:47:762	Fenix:endEffector	debug	0.0,-93.00000000000001,0.3788888888888889
2025-02-16 15:21:47:764	Fenix:stateModels	debug	START, START, START, START, START, START, START, START, START, START
2025-02-16 15:21:47:766	Fenix:buttonPresses	debug	0.0
2025-02-16 15:21:47:807	Fenix:drivetrain	debug	0.0,-0.0,-0.0,-0.0,0.0,0.0,3.0,3.0
2025-02-16 15:21:47:825	Fenix:arm	debug	0.03686416384915475,13.0,1.0,0.0,0.0,1.0,196.0
2025-02-16 15:21:47:830	Fenix:endEffector	debug	0.0,-93.00000000000001,0.3788888888888889
2025-02-16 15:21:47:833	Fenix:stateModels	debug	START, START, START, START, START, START, START, START, START, START
2025-02-16 15:21:47:835	Fenix:buttonPresses	debug	0.0
2025-02-16 15:21:47:883	Fenix:drivetrain	debug	0.0,-0.0,-0.0,-0.0,0.0,3.0,3.0,0.0
2025-02-16 15:21:47:896	Fenix:arm	debug	0.03686416384915475,13.00000238416429,1.0,3.0,0.03343810606567244,1.0,167.0
2025-02-16 15:21:47:899	Fenix:endEffector	debug	0.0,-93.00000000000001,0.3788888888888889
2025-02-16 15:21:47:900	Fenix:stateModels	debug	START, START, START, START, START, START, START, START, START, START
2025-02-16 15:21:47:903	Fenix:buttonPresses	debug	0.0
2025-02-16 15:21:47:933	Fenix:drivetrain	debug	0.0,-0.0,-0.0,-0.0,3.0,0.0,10.0,3.0
2025-02-16 15:21:47:945	Fenix:arm	debug	0.03686416384915475,13.00000238416429,1.0,14.0,0.03343810606567244,1.0,164.0
2025-02-16 15:21:47:949	Fenix:endEffector	debug	0.0,-93.00000000000001,0.3788888888888889
2025-02-16 15:21:47:951	Fenix:stateModels	debug	START, START, START, START, START, START, START, START, START, START
2025-02-16 15:21:47:954	Fenix:buttonPresses	debug	0.0
2025-02-16 15:21:47:988	Fenix:drivetrain	debug	0.0,-0.0,-0.0,-0.0,0.0,0.0,7.0,3.0
2025-02-16 15:21:47:998	Fenix:arm	debug	0.03686416384915475,13.00000238416429,1.0,0.0,0.03343810606567244,1.0,164.0
2025-02-16 15:21:48:000	Fenix:endEffector	debug	0.0,-93.00000000000001,0.3788888888888889
2025-02-16 15:21:48:002	Fenix:stateModels	debug	START, START, START, START, START, START, START, START, START, START
2025-02-16 15:21:48:004	Fenix:buttonPresses	debug	0.0
2025-02-16 15:21:48:031	Fenix:drivetrain	debug	0.0,-0.0,-0.0,-0.0,3.0,0.0,7.0,0.0
2025-02-16 15:21:48:043	Fenix:arm	debug	0.03686416384915475,13.00000238416429,1.0,7.0,0.03343810606567244,1.0,167.0
2025-02-16 15:21:48:045	Fenix:endEffector	debug	0.0,-93.00000000000001,0.3788888888888889
2025-02-16 15:21:48:047	Fenix:stateModels	debug	START, START, START, START, START, START, START, START, START, START
2025-02-16 15:21:48:049	Fenix:buttonPresses	debug	0.0
2025-02-16 15:21:48:078	Fenix:drivetrain	debug	0.0,-0.0,-0.0,-0.0,3.0,0.0,3.0,0.0
2025-02-16 15:21:48:090	Fenix:arm	debug	0.03686416384915475,13.00000238416429,1.0,0.0,0.03343810606567244,1.0,164.0
2025-02-16 15:21:48:092	Fenix:endEffector	debug	0.0,-93.00000000000001,0.3788888888888889
2025-02-16 15:21:48:094	Fenix:stateModels	debug	START, START, START, START, START, START, START, START, START, START
2025-02-16 15:21:48:095	Fenix:buttonPresses	debug	0.0
2025-02-16 15:21:48:123	Fenix:drivetrain	debug	0.0,-0.0,-0.0,-0.0,3.0,0.0,3.0,0.0
2025-02-16 15:21:48:136	Fenix:arm	debug	0.03686416384915475,13.00000238416429,1.0,3.0,0.03343810606567244,1.0,167.0
2025-02-16 15:21:48:138	Fenix:endEffector	debug	0.0,-93.00000000000001,0.3788888888888889
2025-02-16 15:21:48:140	Fenix:stateModels	debug	START, START, START, START, START, START, START, START, START, START
2025-02-16 15:21:48:142	Fenix:buttonPresses	debug	0.0
2025-02-16 15:21:48:172	Fenix:drivetrain	debug	0.0,-0.0,-0.0,-0.0,0.0,0.0,3.0,3.0
2025-02-16 15:21:48:185	Fenix:arm	debug	0.03686416384915475,13.00000238416429,1.0,10.0,0.03343810606567244,1.0,164.0
2025-02-16 15:21:48:187	Fenix:endEffector	debug	0.0,-93.00000000000001,0.3788888888888889
2025-02-16 15:21:48:189	Fenix:stateModels	debug	START, START, START, START, START, START, START, START, START, START
2025-02-16 15:21:48:191	Fenix:buttonPresses	debug	0.0
2025-02-16 15:21:48:222	Fenix:drivetrain	debug	0.0,-0.0,-0.0,-0.0,7.0,0.0,3.0,3.0
2025-02-16 15:21:48:238	Fenix:arm	debug	0.03686416384915475,13.00000238416429,1.0,7.0,0.03343810606567244,1.0,171.0
2025-02-16 15:21:48:242	Fenix:endEffector	debug	0.0,-93.00000000000001,0.3788888888888889
2025-02-16 15:21:48:244	Fenix:stateModels	debug	START, START, START, START, START, START, START, START, START, START
2025-02-16 15:21:48:246	Fenix:buttonPresses	debug	0.0
2025-02-16 15:21:48:285	Fenix:drivetrain	debug	0.0,-0.0,-0.0,-0.0,0.0,0.0,3.0,3.0
2025-02-16 15:21:48:298	Fenix:arm	debug	0.03686416384915475,13.00000238416429,1.0,3.0,0.03343810606567244,1.0,167.0
2025-02-16 15:21:48:301	Fenix:endEffector	debug	0.0,-93.00000000000001,0.3788888888888889
2025-02-16 15:21:48:303	Fenix:stateModels	debug	START, START, START, START, START, START, START, START, START, START
2025-02-16 15:21:48:306	Fenix:buttonPresses	debug	0.0
2025-02-16 15:21:48:340	Fenix:drivetrain	debug	0.0,-0.0,-0.0,-0.0,3.0,0.0,7.0,10.0
2025-02-16 15:21:48:353	Fenix:arm	debug	0.03686416384915475,13.00000238416429,1.0,0.0,0.03343810606567244,1.0,164.0
2025-02-16 15:21:48:356	Fenix:endEffector	debug	0.0,-93.00000000000001,0.3788888888888889
2025-02-16 15:21:48:358	Fenix:stateModels	debug	START, START, START, START, START, START, START, START, START, START
2025-02-16 15:21:48:360	Fenix:buttonPresses	debug	0.0
2025-02-16 15:21:48:399	Fenix:drivetrain	debug	0.0,-0.0,-0.0,-0.0,0.0,3.0,3.0,3.0
2025-02-16 15:21:48:411	Fenix:arm	debug	0.03686416384915475,13.00000238416429,1.0,10.0,0.03343810606567244,1.0,167.0
2025-02-16 15:21:48:413	Fenix:endEffector	debug	0.0,-93.00000000000001,0.3788888888888889
2025-02-16 15:21:48:414	Fenix:stateModels	debug	START, START, START, START, START, START, START, START, START, START
2025-02-16 15:21:48:416	Fenix:buttonPresses	debug	0.0
2025-02-16 15:21:48:443	Fenix:drivetrain	debug	0.0,-0.0,-0.0,-0.0,3.0,3.0,3.0,3.0
2025-02-16 15:21:48:454	Fenix:arm	debug	0.03686416384915475,13.00000238416429,1.0,3.0,0.03343810606567244,1.0,164.0
2025-02-16 15:21:48:457	Fenix:endEffector	debug	0.0,-93.00000000000001,0.3788888888888889
2025-02-16 15:21:48:459	Fenix:stateModels	debug	START, START, START, START, START, START, START, START, START, START
2025-02-16 15:21:48:460	Fenix:buttonPresses	debug	0.0
2025-02-16 15:21:48:488	Fenix:drivetrain	debug	0.0,-0.0,-0.0,-0.0,3.0,0.0,3.0,3.0
2025-02-16 15:21:48:499	Fenix:arm	debug	0.03686416384915475,13.00000238416429,1.0,0.0,0.03343810606567244,1.0,167.0
2025-02-16 15:21:48:501	Fenix:endEffector	debug	0.0,-93.00000000000001,0.3788888888888889
2025-02-16 15:21:48:502	Fenix:stateModels	debug	START, START, START, START, START, START, START, START, START, START
2025-02-16 15:21:48:504	Fenix:buttonPresses	debug	0.0
2025-02-16 15:21:48:530	Fenix:drivetrain	debug	0.0,-0.0,-0.0,-0.0,3.0,0.0,3.0,3.0
2025-02-16 15:21:48:542	Fenix:arm	debug	0.03686416384915475,13.00000238416429,1.0,3.0,0.03343810606567244,1.0,164.0
2025-02-16 15:21:48:544	Fenix:endEffector	debug	0.0,-93.00000000000001,0.3788888888888889
2025-02-16 15:21:48:545	Fenix:stateModels	debug	START, START, START, START, START, START, START, START, START, START
2025-02-16 15:21:48:547	Fenix:buttonPresses	debug	0.0
2025-02-16 15:21:48:577	Fenix:drivetrain	debug	0.0,-0.0,-0.0,-0.0,3.0,0.0,3.0,0.0
2025-02-16 15:21:48:589	Fenix:arm	debug	0.03686416384915475,13.00000238416429,1.0,0.0,0.03343810606567244,1.0,167.0
2025-02-16 15:21:48:591	Fenix:endEffector	debug	0.0,-93.00000000000001,0.3788888888888889
2025-02-16 15:21:48:592	Fenix:stateModels	debug	START, START, START, START, START, START, START, START, START, START
2025-02-16 15:21:48:594	Fenix:buttonPresses	debug	0.0
2025-02-16 15:21:48:622	Fenix:drivetrain	debug	0.0,-0.0,-0.0,-0.0,3.0,0.0,3.0,0.0
2025-02-16 15:21:48:632	Fenix:arm	debug	0.03686416384915475,13.00000238416429,1.0,7.0,0.03343810606567244,1.0,91.0
2025-02-16 15:21:48:634	Fenix:endEffector	debug	0.0,-93.00000000000001,0.3788888888888889
2025-02-16 15:21:48:636	Fenix:stateModels	debug	START, START, START, START, START, START, START, START, START, START
2025-02-16 15:21:48:637	Fenix:buttonPresses	debug	0.0
2025-02-16 15:21:48:664	Fenix:drivetrain	debug	0.0,-0.0,-0.0,-0.0,3.0,0.0,3.0,3.0
2025-02-16 15:21:48:675	Fenix:arm	debug	0.03686416384915475,13.00000238416429,1.0,3.0,0.03343810606567244,1.0,83.0
2025-02-16 15:21:48:677	Fenix:endEffector	debug	0.0,-93.00000000000001,0.3788888888888889
2025-02-16 15:21:48:679	Fenix:stateModels	debug	START, START, START, START, START, START, START, START, START, START
2025-02-16 15:21:48:681	Fenix:buttonPresses	debug	0.0
2025-02-16 15:21:48:709	Fenix:drivetrain	debug	0.0,-0.0,-0.0,-0.0,3.0,3.0,3.0,0.0
2025-02-16 15:21:48:722	Fenix:arm	debug	0.03686416384915475,13.00000238416429,1.0,3.0,0.03343810606567244,1.0,80.0
2025-02-16 15:21:48:724	Fenix:endEffector	debug	0.0,-93.00000000000001,0.3788888888888889
2025-02-16 15:21:48:726	Fenix:stateModels	debug	START, START, START, START, START, START, START, START, START, START
2025-02-16 15:21:48:728	Fenix:buttonPresses	debug	0.0
2025-02-16 15:21:48:760	Fenix:drivetrain	debug	0.0,-0.0,-0.0,-0.0,0.0,3.0,3.0,0.0
2025-02-16 15:21:48:774	Fenix:arm	debug	0.03686416384915475,13.00000238416429,1.0,7.0,0.03343810606567244,1.0,83.0
2025-02-16 15:21:48:776	Fenix:endEffector	debug	0.0,-93.00000000000001,0.3788888888888889
2025-02-16 15:21:48:778	Fenix:stateModels	debug	START, START, START, START, START, START, START, START, START, START
2025-02-16 15:21:48:780	Fenix:buttonPresses	debug	0.0
2025-02-16 15:21:48:817	Fenix:drivetrain	debug	0.0,-0.0,-0.0,-0.0,0.0,3.0,3.0,3.0
2025-02-16 15:21:48:836	Fenix:arm	debug	0.03686416384915475,13.00000238416429,1.0,10.0,0.03343810606567244,1.0,83.0
2025-02-16 15:21:48:840	Fenix:endEffector	debug	0.0,-93.00000000000001,0.3788888888888889
2025-02-16 15:21:48:842	Fenix:stateModels	debug	START, START, START, START, START, START, START, START, START, START
2025-02-16 15:21:48:844	Fenix:buttonPresses	debug	0.0
2025-02-16 15:21:48:891	Fenix:drivetrain	debug	0.0,-0.0,-0.0,-0.0,3.0,0.0,3.0,0.0
2025-02-16 15:21:48:906	Fenix:arm	debug	0.024576109232769833,13.00000238416429,1.0,3.0,0.03343810606567244,1.0,83.0
2025-02-16 15:21:48:909	Fenix:endEffector	debug	0.0,-93.00000000000001,0.3788888888888889
2025-02-16 15:21:48:911	Fenix:stateModels	debug	START, START, START, START, START, START, START, START, START, START
2025-02-16 15:21:48:913	Fenix:buttonPresses	debug	0.0
2025-02-16 15:21:48:944	Fenix:drivetrain	debug	0.0,-0.0,-0.0,-0.0,0.0,0.0,3.0,0.0
2025-02-16 15:21:48:955	Fenix:arm	debug	0.024576109232769833,13.00000238416429,1.0,3.0,0.03343810606567244,1.0,83.0
2025-02-16 15:21:48:956	Fenix:endEffector	debug	0.0,-93.00000000000001,0.3788888888888889
2025-02-16 15:21:48:958	Fenix:stateModels	debug	START, START, START, START, START, START, START, START, START, START
2025-02-16 15:21:48:960	Fenix:buttonPresses	debug	0.0
2025-02-16 15:21:48:987	Fenix:drivetrain	debug	0.0,-0.0,-0.0,-0.0,0.0,0.0,3.0,3.0
2025-02-16 15:21:48:997	Fenix:arm	debug	0.024576109232769833,13.00000238416429,1.0,0.0,0.03343810606567244,1.0,83.0
2025-02-16 15:21:49:000	Fenix:endEffector	debug	0.0,-93.00000000000001,0.3788888888888889
2025-02-16 15:21:49:002	Fenix:stateModels	debug	START, START, START, START, START, START, START, START, START, START
2025-02-16 15:21:49:004	Fenix:buttonPresses	debug	0.0
2025-02-16 15:21:49:033	Fenix:drivetrain	debug	0.0,-0.0,-0.0,-0.0,0.0,0.0,3.0,0.0
2025-02-16 15:21:49:044	Fenix:arm	debug	0.024576109232769833,13.00000238416429,1.0,3.0,0.03343810606567244,1.0,87.0
2025-02-16 15:21:49:046	Fenix:endEffector	debug	0.0,-93.00000000000001,0.3788888888888889
2025-02-16 15:21:49:047	Fenix:stateModels	debug	START, START, START, START, START, START, START, START, START, START
2025-02-16 15:21:49:049	Fenix:buttonPresses	debug	0.0
2025-02-16 15:21:49:085	Fenix:drivetrain	debug	0.0,-0.0,-0.0,-0.0,0.0,0.0,3.0,0.0
2025-02-16 15:21:49:097	Fenix:arm	debug	0.024576109232769833,13.00000238416429,1.0,10.0,0.03343810606567244,1.0,83.0
2025-02-16 15:21:49:099	Fenix:endEffector	debug	0.0,-93.00000000000001,0.3788888888888889
2025-02-16 15:21:49:101	Fenix:stateModels	debug	START, START, START, START, START, START, START, START, START, START
2025-02-16 15:21:49:103	Fenix:buttonPresses	debug	0.0
2025-02-16 15:21:49:133	Fenix:drivetrain	debug	0.0,-0.0,-0.0,-0.0,0.0,0.0,3.0,3.0
2025-02-16 15:21:49:145	Fenix:arm	debug	0.024576109232769833,13.00000238416429,1.0,0.0,0.03343810606567244,1.0,80.0
2025-02-16 15:21:49:147	Fenix:endEffector	debug	0.0,-93.00000000000001,0.3788888888888889
2025-02-16 15:21:49:149	Fenix:stateModels	debug	START, START, START, START, START, START, START, START, START, START
2025-02-16 15:21:49:151	Fenix:buttonPresses	debug	0.0
2025-02-16 15:21:49:181	Fenix:drivetrain	debug	0.0,-0.0,-0.0,-0.0,0.0,3.0,3.0,3.0
2025-02-16 15:21:49:192	Fenix:arm	debug	0.024576109232769833,13.00000238416429,1.0,0.0,0.03343810606567244,1.0,87.0
2025-02-16 15:21:49:195	Fenix:endEffector	debug	0.0,-93.00000000000001,0.3788888888888889
2025-02-16 15:21:49:197	Fenix:stateModels	debug	START, START, START, START, START, START, START, START, START, START
2025-02-16 15:21:49:198	Fenix:buttonPresses	debug	0.0
2025-02-16 15:21:49:228	Fenix:drivetrain	debug	0.0,-0.0,-0.0,-0.0,3.0,3.0,3.0,3.0
2025-02-16 15:21:49:239	Fenix:arm	debug	0.024576109232769833,13.0,1.0,0.0,0.0,1.0,36.0
2025-02-16 15:21:49:241	Fenix:endEffector	debug	0.0,-93.00000000000001,0.3788888888888889
2025-02-16 15:21:49:243	Fenix:stateModels	debug	START, START, START, START, START, START, START, START, START, START
2025-02-16 15:21:49:245	Fenix:buttonPresses	debug	0.0
2025-02-16 15:21:49:274	Fenix:drivetrain	debug	0.0,-0.0,-0.0,-0.0,3.0,0.0,7.0,3.0
2025-02-16 15:21:49:288	Fenix:arm	debug	0.024576109232769833,13.0,1.0,3.0,0.0,1.0,145.0
2025-02-16 15:21:49:291	Fenix:endEffector	debug	0.0,-93.00000000000001,0.3788888888888889
2025-02-16 15:21:49:293	Fenix:stateModels	debug	START, START, START, START, START, START, START, START, START, START
2025-02-16 15:21:49:295	Fenix:buttonPresses	debug	0.0
2025-02-16 15:21:49:336	Fenix:drivetrain	debug	0.0,-0.0,-0.0,-0.0,0.0,0.0,3.0,3.0
2025-02-16 15:21:49:351	Fenix:arm	debug	0.024576109232769833,13.0,1.0,3.0,0.0,1.0,91.0
2025-02-16 15:21:49:355	Fenix:endEffector	debug	0.0,-93.00000000000001,0.3788888888888889
2025-02-16 15:21:49:357	Fenix:stateModels	debug	START, START, START, START, START, START, START, START, START, START
2025-02-16 15:21:49:360	Fenix:buttonPresses	debug	0.0
2025-02-16 15:21:49:408	Fenix:drivetrain	debug	0.0,-0.0,-0.0,-0.0,3.0,3.0,3.0,3.0
2025-02-16 15:21:49:422	Fenix:arm	debug	0.024576109232769833,13.0,1.0,0.0,0.0,1.0,83.0
2025-02-16 15:21:49:425	Fenix:endEffector	debug	0.0,-93.00000000000001,0.3788888888888889
2025-02-16 15:21:49:428	Fenix:stateModels	debug	START, START, START, START, START, START, START, START, START, START
2025-02-16 15:21:49:430	Fenix:buttonPresses	debug	0.0
2025-02-16 15:21:49:463	Fenix:drivetrain	debug	0.0,-0.0,-0.0,-0.0,0.0,0.0,3.0,3.0
2025-02-16 15:21:49:475	Fenix:arm	debug	0.024576109232769833,13.0,1.0,0.0,0.0,1.0,87.0
2025-02-16 15:21:49:477	Fenix:endEffector	debug	0.0,-93.00000000000001,0.3788888888888889
2025-02-16 15:21:49:479	Fenix:stateModels	debug	START, START, START, START, START, START, START, START, START, START
2025-02-16 15:21:49:481	Fenix:buttonPresses	debug	0.0
2025-02-16 15:21:49:511	Fenix:drivetrain	debug	0.0,-0.0,-0.0,-0.0,3.0,0.0,3.0,3.0
2025-02-16 15:21:49:523	Fenix:arm	debug	0.024576109232769833,13.0,1.0,14.0,0.0,1.0,87.0
2025-02-16 15:21:49:526	Fenix:endEffector	debug	0.0,-93.00000000000001,0.3788888888888889
2025-02-16 15:21:49:528	Fenix:stateModels	debug	START, START, START, START, START, START, START, START, START, START
2025-02-16 15:21:49:530	Fenix:buttonPresses	debug	0.0
2025-02-16 15:21:49:560	Fenix:drivetrain	debug	0.0,-0.0,-0.0,-0.0,0.0,0.0,3.0,3.0
2025-02-16 15:21:49:571	Fenix:arm	debug	0.024576109232769833,13.0,1.0,0.0,0.0,1.0,83.0
2025-02-16 15:21:49:573	Fenix:endEffector	debug	0.0,-93.00000000000001,0.3788888888888889
2025-02-16 15:21:49:575	Fenix:stateModels	debug	START, START, START, START, START, START, START, START, START, START
2025-02-16 15:21:49:576	Fenix:buttonPresses	debug	0.0
2025-02-16 15:21:49:606	Fenix:drivetrain	debug	0.0,-0.0,-0.0,-0.0,3.0,0.0,3.0,3.0
2025-02-16 15:21:49:617	Fenix:arm	debug	0.024576109232769833,13.0,1.0,3.0,0.0,1.0,83.0
2025-02-16 15:21:49:619	Fenix:endEffector	debug	0.0,-93.00000000000001,0.3788888888888889
2025-02-16 15:21:49:621	Fenix:stateModels	debug	START, START, START, START, START, START, START, START, START, START
2025-02-16 15:21:49:623	Fenix:buttonPresses	debug	0.0
2025-02-16 15:21:49:649	Fenix:drivetrain	debug	0.0,-0.0,-0.0,-0.0,0.0,0.0,3.0,0.0
2025-02-16 15:21:49:660	Fenix:arm	debug	0.024576109232769833,13.0,1.0,10.0,0.0,1.0,80.0
2025-02-16 15:21:49:663	Fenix:endEffector	debug	0.0,-93.00000000000001,0.3788888888888889
2025-02-16 15:21:49:664	Fenix:stateModels	debug	START, START, START, START, START, START, START, START, START, START
2025-02-16 15:21:49:666	Fenix:buttonPresses	debug	0.0
2025-02-16 15:21:49:694	Fenix:drivetrain	debug	0.0,-0.0,-0.0,-0.0,3.0,3.0,3.0,3.0
2025-02-16 15:21:49:705	Fenix:arm	debug	0.024576109232769833,13.0,1.0,10.0,0.0,1.0,87.0
2025-02-16 15:21:49:707	Fenix:endEffector	debug	0.0,-93.00000000000001,0.3788888888888889
2025-02-16 15:21:49:708	Fenix:stateModels	debug	START, START, START, START, START, START, START, START, START, START
2025-02-16 15:21:49:710	Fenix:buttonPresses	debug	0.0
2025-02-16 15:21:49:764	Fenix:drivetrain	debug	0.0,-0.0,-0.0,-0.0,3.0,0.0,3.0,3.0
2025-02-16 15:21:49:776	Fenix:arm	debug	0.0,13.0,1.0,10.0,0.0,1.0,83.0
2025-02-16 15:21:49:778	Fenix:endEffector	debug	0.0,-93.00000000000001,0.3788888888888889
2025-02-16 15:21:49:780	Fenix:stateModels	debug	START, START, START, START, START, START, START, START, START, START
2025-02-16 15:21:49:782	Fenix:buttonPresses	debug	0.0
2025-02-16 15:21:49:814	Fenix:drivetrain	debug	0.0,-0.0,-0.0,-0.0,0.0,0.0,3.0,3.0
2025-02-16 15:21:49:827	Fenix:arm	debug	0.012288054616384917,13.0,1.0,10.0,0.0,1.0,83.0
2025-02-16 15:21:49:830	Fenix:endEffector	debug	0.0,-93.00000000000001,0.3788888888888889
2025-02-16 15:21:49:832	Fenix:stateModels	debug	START, START, START, START, START, START, START, START, START, START
2025-02-16 15:21:49:834	Fenix:buttonPresses	debug	0.0
2025-02-16 15:21:49:875	Fenix:drivetrain	debug	0.0,-0.0,-0.0,-0.0,0.0,0.0,3.0,3.0
2025-02-16 15:21:49:889	Fenix:arm	debug	0.012288054616384917,13.0,1.0,0.0,0.0,1.0,83.0
2025-02-16 15:21:49:893	Fenix:endEffector	debug	0.0,-93.00000000000001,0.3788888888888889
2025-02-16 15:21:49:895	Fenix:stateModels	debug	START, START, START, START, START, START, START, START, START, START
2025-02-16 15:21:49:897	Fenix:buttonPresses	debug	0.0
2025-02-16 15:21:49:943	Fenix:drivetrain	debug	0.0,-0.0,-0.0,-0.0,0.0,3.0,3.0,3.0
2025-02-16 15:21:49:958	Fenix:arm	debug	0.012288054616384917,13.0,1.0,0.0,0.0,1.0,83.0
2025-02-16 15:21:49:962	Fenix:endEffector	debug	0.0,-93.00000000000001,0.3788888888888889
2025-02-16 15:21:49:964	Fenix:stateModels	debug	START, START, START, START, START, START, START, START, START, START
2025-02-16 15:21:49:966	Fenix:buttonPresses	debug	0.0
2025-02-16 15:21:49:997	Fenix:drivetrain	debug	0.0,-0.0,-0.0,-0.0,3.0,3.0,3.0,0.0
2025-02-16 15:21:50:008	Fenix:arm	debug	0.012288054616384917,13.0,1.0,3.0,0.0,1.0,83.0
2025-02-16 15:21:50:009	Fenix:endEffector	debug	0.0,-93.00000000000001,0.3788888888888889
2025-02-16 15:21:50:011	Fenix:stateModels	debug	START, START, START, START, START, START, START, START, START, START
2025-02-16 15:21:50:013	Fenix:buttonPresses	debug	0.0
2025-02-16 15:21:50:040	Fenix:drivetrain	debug	0.0,-0.0,-0.0,-0.0,3.0,0.0,3.0,0.0
2025-02-16 15:21:50:051	Fenix:arm	debug	0.012288054616384917,13.0,1.0,3.0,0.0,1.0,80.0
2025-02-16 15:21:50:054	Fenix:endEffector	debug	0.0,-93.00000000000001,0.3788888888888889
2025-02-16 15:21:50:056	Fenix:stateModels	debug	START, START, START, START, START, START, START, START, START, START
2025-02-16 15:21:50:057	Fenix:buttonPresses	debug	0.0
2025-02-16 15:21:50:087	Fenix:drivetrain	debug	0.0,-0.0,-0.0,-0.0,0.0,0.0,3.0,3.0
2025-02-16 15:21:50:098	Fenix:arm	debug	0.012288054616384917,13.0,1.0,10.0,0.0,1.0,83.0
2025-02-16 15:21:50:099	Fenix:endEffector	debug	0.0,-93.00000000000001,0.3788888888888889
2025-02-16 15:21:50:101	Fenix:stateModels	debug	START, START, START, START, START, START, START, START, START, START
2025-02-16 15:21:50:102	Fenix:buttonPresses	debug	0.0
2025-02-16 15:21:50:129	Fenix:drivetrain	debug	0.0,-0.0,-0.0,-0.0,0.0,0.0,3.0,0.0
2025-02-16 15:21:50:139	Fenix:arm	debug	0.012288054616384917,13.0,1.0,3.0,0.0,1.0,80.0
2025-02-16 15:21:50:141	Fenix:endEffector	debug	0.0,-93.00000000000001,0.3788888888888889
2025-02-16 15:21:50:142	Fenix:stateModels	debug	START, START, START, START, START, START, START, START, START, START
2025-02-16 15:21:50:144	Fenix:buttonPresses	debug	0.0
2025-02-16 15:21:50:171	Fenix:drivetrain	debug	0.0,-0.0,-0.0,-0.0,0.0,3.0,3.0,3.0
2025-02-16 15:21:50:183	Fenix:arm	debug	0.012288054616384917,13.0,1.0,0.0,0.0,1.0,83.0
2025-02-16 15:21:50:184	Fenix:endEffector	debug	0.0,-93.00000000000001,0.3788888888888889
2025-02-16 15:21:50:186	Fenix:stateModels	debug	START, START, START, START, START, START, START, START, START, START
2025-02-16 15:21:50:188	Fenix:buttonPresses	debug	0.0
2025-02-16 15:21:50:215	Fenix:drivetrain	debug	0.0,-0.0,-0.0,-0.0,3.0,0.0,3.0,0.0
2025-02-16 15:21:50:226	Fenix:arm	debug	0.012288054616384917,13.0,1.0,0.0,0.0,1.0,83.0
2025-02-16 15:21:50:227	Fenix:endEffector	debug	0.0,-93.00000000000001,0.3788888888888889
2025-02-16 15:21:50:229	Fenix:stateModels	debug	START, START, START, START, START, START, START, START, START, START
2025-02-16 15:21:50:230	Fenix:buttonPresses	debug	0.0
2025-02-16 15:21:50:257	Fenix:drivetrain	debug	0.0,-0.0,-0.0,-0.0,0.0,0.0,3.0,3.0
2025-02-16 15:21:50:271	Fenix:arm	debug	0.012288054616384917,13.0,1.0,0.0,0.0,1.0,80.0
2025-02-16 15:21:50:273	Fenix:endEffector	debug	0.0,-93.00000000000001,0.3788888888888889
2025-02-16 15:21:50:274	Fenix:stateModels	debug	START, START, START, START, START, START, START, START, START, START
2025-02-16 15:21:50:276	Fenix:buttonPresses	debug	0.0
2025-02-16 15:21:50:304	Fenix:drivetrain	debug	0.0,-0.0,-0.0,-0.0,0.0,0.0,3.0,3.0
2025-02-16 15:21:50:316	Fenix:arm	debug	0.012288054616384917,13.0,1.0,3.0,0.0,1.0,80.0
2025-02-16 15:21:50:318	Fenix:endEffector	debug	0.0,-93.00000000000001,0.3788888888888889
2025-02-16 15:21:50:320	Fenix:stateModels	debug	START, START, START, START, START, START, START, START, START, START
2025-02-16 15:21:50:322	Fenix:buttonPresses	debug	0.0
2025-02-16 15:21:50:354	Fenix:drivetrain	debug	0.0,-0.0,-0.0,-0.0,3.0,0.0,3.0,0.0
2025-02-16 15:21:50:366	Fenix:arm	debug	0.012288054616384917,13.0,1.0,10.0,0.0,1.0,80.0
2025-02-16 15:21:50:368	Fenix:endEffector	debug	0.0,-93.00000000000001,0.3788888888888889
2025-02-16 15:21:50:369	Fenix:stateModels	debug	START, START, START, START, START, START, START, START, START, START
2025-02-16 15:21:50:370	Fenix:buttonPresses	debug	0.0
2025-02-16 15:21:50:407	Fenix:drivetrain	debug	0.0,-0.0,-0.0,-0.0,3.0,3.0,3.0,3.0
2025-02-16 15:21:50:421	Fenix:arm	debug	0.012288054616384917,13.0,1.0,0.0,0.0,1.0,83.0
2025-02-16 15:21:50:424	Fenix:endEffector	debug	0.0,-93.00000000000001,0.3788888888888889
2025-02-16 15:21:50:426	Fenix:stateModels	debug	START, START, START, START, START, START, START, START, START, START
2025-02-16 15:21:50:428	Fenix:buttonPresses	debug	0.0
2025-02-16 15:21:50:474	Fenix:drivetrain	debug	0.0,-0.0,-0.0,-0.0,0.0,3.0,3.0,0.0
2025-02-16 15:21:50:489	Fenix:arm	debug	0.012288054616384917,13.0,1.0,14.0,0.0,1.0,80.0
2025-02-16 15:21:50:493	Fenix:endEffector	debug	0.0,-93.00000000000001,0.3788888888888889
2025-02-16 15:21:50:495	Fenix:stateModels	debug	START, START, START, START, START, START, START, START, START, START
2025-02-16 15:21:50:497	Fenix:buttonPresses	debug	0.0
2025-02-16 15:21:50:531	Fenix:drivetrain	debug	0.0,-0.0,-0.0,-0.0,0.0,0.0,3.0,3.0
2025-02-16 15:21:50:544	Fenix:arm	debug	0.012288054616384917,13.0,1.0,14.0,0.0,1.0,80.0
2025-02-16 15:21:50:547	Fenix:endEffector	debug	0.0,-93.00000000000001,0.3788888888888889
2025-02-16 15:21:50:549	Fenix:stateModels	debug	START, START, START, START, START, START, START, START, START, START
2025-02-16 15:21:50:551	Fenix:buttonPresses	debug	0.0
2025-02-16 15:21:50:584	Fenix:drivetrain	debug	0.0,-0.0,-0.0,-0.0,0.0,0.0,3.0,0.0
2025-02-16 15:21:50:597	Fenix:arm	debug	0.012288054616384917,13.0,1.0,0.0,0.0,1.0,80.0
2025-02-16 15:21:50:602	Fenix:endEffector	debug	0.0,-93.00000000000001,0.3788888888888889
2025-02-16 15:21:50:604	Fenix:stateModels	debug	START, START, START, START, START, START, START, START, START, START
2025-02-16 15:21:50:606	Fenix:buttonPresses	debug	0.0
2025-02-16 15:21:50:638	Fenix:drivetrain	debug	0.0,-0.0,-0.0,-0.0,0.0,0.0,3.0,0.0
2025-02-16 15:21:50:650	Fenix:arm	debug	0.012288054616384917,13.0,1.0,3.0,0.0,1.0,80.0
2025-02-16 15:21:50:654	Fenix:endEffector	debug	0.0,-93.00000000000001,0.3788888888888889
2025-02-16 15:21:50:655	Fenix:stateModels	debug	START, START, START, START, START, START, START, START, START, START
2025-02-16 15:21:50:657	Fenix:buttonPresses	debug	0.0
2025-02-16 15:21:50:688	Fenix:drivetrain	debug	0.0,-0.0,-0.0,-0.0,0.0,0.0,3.0,3.0
2025-02-16 15:21:50:699	Fenix:arm	debug	0.012288054616384917,13.0,1.0,7.0,0.0,1.0,87.0
2025-02-16 15:21:50:702	Fenix:endEffector	debug	0.0,-93.00000000000001,0.3788888888888889
2025-02-16 15:21:50:704	Fenix:stateModels	debug	START, START, START, START, START, START, START, START, START, START
2025-02-16 15:21:50:706	Fenix:buttonPresses	debug	0.0
2025-02-16 15:21:50:738	Fenix:drivetrain	debug	0.0,-0.0,-0.0,-0.0,3.0,3.0,3.0,0.0
2025-02-16 15:21:50:750	Fenix:arm	debug	0.012288054616384917,13.0,1.0,3.0,0.0,1.0,83.0
2025-02-16 15:21:50:753	Fenix:endEffector	debug	0.0,-93.00000000000001,0.3788888888888889
2025-02-16 15:21:50:755	Fenix:stateModels	debug	START, START, START, START, START, START, START, START, START, START
2025-02-16 15:21:50:757	Fenix:buttonPresses	debug	0.0
2025-02-16 15:21:50:787	Fenix:drivetrain	debug	0.0,-0.0,-0.0,-0.0,0.0,0.0,3.0,0.0
2025-02-16 15:21:50:803	Fenix:arm	debug	0.012288054616384917,13.0,1.0,10.0,0.0,1.0,87.0
2025-02-16 15:21:50:805	Fenix:endEffector	debug	0.0,-93.00000000000001,0.3788888888888889
2025-02-16 15:21:50:807	Fenix:stateModels	debug	START, START, START, START, START, START, START, START, START, START
2025-02-16 15:21:50:810	Fenix:buttonPresses	debug	0.0
2025-02-16 15:21:50:845	Fenix:drivetrain	debug	0.0,-0.0,-0.0,-0.0,3.0,3.0,3.0,0.0
2025-02-16 15:21:50:858	Fenix:arm	debug	0.012288054616384917,13.0,1.0,7.0,0.0,1.0,80.0
2025-02-16 15:21:50:860	Fenix:endEffector	debug	0.0,-93.00000000000001,0.3788888888888889
2025-02-16 15:21:50:863	Fenix:stateModels	debug	START, START, START, START, START, START, START, START, START, START
2025-02-16 15:21:50:864	Fenix:buttonPresses	debug	0.0
2025-02-16 15:21:50:898	Fenix:drivetrain	debug	0.0,-0.0,-0.0,-0.0,0.0,0.0,3.0,0.0
2025-02-16 15:21:50:908	Fenix:arm	debug	0.012288054616384917,13.0,1.0,0.0,0.0,1.0,83.0
2025-02-16 15:21:50:910	Fenix:endEffector	debug	0.0,-93.00000000000001,0.3788888888888889
2025-02-16 15:21:50:912	Fenix:stateModels	debug	START, START, START, START, START, START, START, START, START, START
2025-02-16 15:21:50:914	Fenix:buttonPresses	debug	0.0
2025-02-16 15:21:50:963	Fenix:drivetrain	debug	0.0,-0.0,-0.0,-0.0,0.0,0.0,3.0,3.0
2025-02-16 15:21:50:980	Fenix:arm	debug	0.012288054616384917,13.0,1.0,7.0,0.0,1.0,80.0
2025-02-16 15:21:50:985	Fenix:endEffector	debug	0.0,-93.00000000000001,0.3788888888888889
2025-02-16 15:21:50:988	Fenix:stateModels	debug	START, START, START, START, START, START, START, START, START, START
2025-02-16 15:21:50:990	Fenix:buttonPresses	debug	0.0
2025-02-16 15:21:51:029	Fenix:drivetrain	debug	0.0,-0.0,-0.0,-0.0,0.0,0.0,7.0,3.0
2025-02-16 15:21:51:045	Fenix:arm	debug	0.012288054616384917,13.0,1.0,0.0,0.0,1.0,83.0
2025-02-16 15:21:51:049	Fenix:endEffector	debug	0.0,-93.00000000000001,0.3788888888888889
2025-02-16 15:21:51:052	Fenix:stateModels	debug	START, START, START, START, START, START, START, START, START, START
2025-02-16 15:21:51:054	Fenix:buttonPresses	debug	0.0
2025-02-16 15:21:51:094	Fenix:drivetrain	debug	0.0,-0.0,-0.0,-0.0,0.0,0.0,7.0,0.0
2025-02-16 15:21:51:107	Fenix:arm	debug	0.012288054616384917,13.0,1.0,3.0,0.0,1.0,83.0
2025-02-16 15:21:51:111	Fenix:endEffector	debug	0.0,-93.00000000000001,0.3788888888888889
2025-02-16 15:21:51:113	Fenix:stateModels	debug	START, START, START, START, START, START, START, START, START, START
2025-02-16 15:21:51:116	Fenix:buttonPresses	debug	0.0
2025-02-16 15:21:51:147	Fenix:drivetrain	debug	0.0,-0.0,-0.0,-0.0,0.0,0.0,3.0,3.0
2025-02-16 15:21:51:159	Fenix:arm	debug	0.012288054616384917,13.0,1.0,10.0,0.0,1.0,83.0
2025-02-16 15:21:51:162	Fenix:endEffector	debug	0.0,-93.00000000000001,0.3788888888888889
2025-02-16 15:21:51:164	Fenix:stateModels	debug	START, START, START, START, START, START, START, START, START, START
2025-02-16 15:21:51:166	Fenix:buttonPresses	debug	0.0
2025-02-16 15:21:51:195	Fenix:drivetrain	debug	0.0,-0.0,-0.0,-0.0,3.0,0.0,7.0,0.0
2025-02-16 15:21:51:209	Fenix:arm	debug	0.012288054616384917,13.0,1.0,3.0,0.0,1.0,80.0
2025-02-16 15:21:51:212	Fenix:endEffector	debug	0.0,-93.00000000000001,0.3788888888888889
2025-02-16 15:21:51:214	Fenix:stateModels	debug	START, START, START, START, START, START, START, START, START, START
2025-02-16 15:21:51:217	Fenix:buttonPresses	debug	0.0
2025-02-16 15:21:51:248	Fenix:drivetrain	debug	0.0,-0.0,-0.0,-0.0,0.0,3.0,3.0,3.0
2025-02-16 15:21:51:260	Fenix:arm	debug	0.012288054616384917,13.0,1.0,0.0,0.0,1.0,80.0
2025-02-16 15:21:51:263	Fenix:endEffector	debug	0.0,-93.00000000000001,0.3788888888888889
2025-02-16 15:21:51:265	Fenix:stateModels	debug	START, START, START, START, START, START, START, START, START, START
2025-02-16 15:21:51:267	Fenix:buttonPresses	debug	0.0
2025-02-16 15:21:51:296	Fenix:drivetrain	debug	0.0,-0.0,-0.0,-0.0,3.0,0.0,3.0,10.0
2025-02-16 15:21:51:310	Fenix:arm	debug	0.012288054616384917,13.0,1.0,14.0,0.0,1.0,80.0
2025-02-16 15:21:51:312	Fenix:endEffector	debug	0.0,-93.00000000000001,0.3788888888888889
2025-02-16 15:21:51:314	Fenix:stateModels	debug	START, START, START, START, START, START, START, START, START, START
2025-02-16 15:21:51:315	Fenix:buttonPresses	debug	0.0
2025-02-16 15:21:51:343	Fenix:drivetrain	debug	0.0,-0.0,-0.0,-0.0,3.0,3.0,7.0,0.0
2025-02-16 15:21:51:354	Fenix:arm	debug	0.012288054616384917,13.0,1.0,7.0,0.0,1.0,80.0
2025-02-16 15:21:51:356	Fenix:endEffector	debug	0.0,-93.00000000000001,0.3788888888888889
2025-02-16 15:21:51:358	Fenix:stateModels	debug	START, START, START, START, START, START, START, START, START, START
2025-02-16 15:21:51:359	Fenix:buttonPresses	debug	0.0
2025-02-16 15:21:51:387	Fenix:drivetrain	debug	0.0,-0.0,-0.0,-0.0,0.0,0.0,3.0,0.0
2025-02-16 15:21:51:398	Fenix:arm	debug	0.012288054616384917,13.0,1.0,10.0,0.0,1.0,80.0
2025-02-16 15:21:51:400	Fenix:endEffector	debug	0.0,-93.00000000000001,0.3788888888888889
2025-02-16 15:21:51:402	Fenix:stateModels	debug	START, START, START, START, START, START, START, START, START, START
2025-02-16 15:21:51:404	Fenix:buttonPresses	debug	0.0
2025-02-16 15:21:51:432	Fenix:drivetrain	debug	0.0,-0.0,-0.0,-0.0,0.0,0.0,3.0,0.0
2025-02-16 15:21:51:443	Fenix:arm	debug	0.012288054616384917,13.0,1.0,3.0,0.0,1.0,87.0
2025-02-16 15:21:51:445	Fenix:endEffector	debug	0.0,-93.00000000000001,0.3788888888888889
2025-02-16 15:21:51:446	Fenix:stateModels	debug	START, START, START, START, START, START, START, START, START, START
2025-02-16 15:21:51:448	Fenix:buttonPresses	debug	0.0
2025-02-16 15:21:51:493	Fenix:drivetrain	debug	0.0,-0.0,-0.0,-0.0,3.0,3.0,3.0,3.0
2025-02-16 15:21:51:506	Fenix:arm	debug	0.012288054616384917,13.0,1.0,10.0,0.0,1.0,83.0
2025-02-16 15:21:51:510	Fenix:endEffector	debug	0.0,-93.00000000000001,0.3788888888888889
2025-02-16 15:21:51:511	Fenix:stateModels	debug	START, START, START, START, START, START, START, START, START, START
2025-02-16 15:21:51:513	Fenix:buttonPresses	debug	0.0
2025-02-16 15:21:51:548	Fenix:drivetrain	debug	0.0,-0.0,-0.0,-0.0,3.0,0.0,3.0,3.0
2025-02-16 15:21:51:561	Fenix:arm	debug	0.012288054616384917,13.0,1.0,3.0,0.0,1.0,83.0
2025-02-16 15:21:51:564	Fenix:endEffector	debug	0.0,-93.00000000000001,0.3788888888888889
2025-02-16 15:21:51:565	Fenix:stateModels	debug	START, START, START, START, START, START, START, START, START, START
2025-02-16 15:21:51:567	Fenix:buttonPresses	debug	0.0
2025-02-16 15:21:51:596	Fenix:drivetrain	debug	0.0,-0.0,-0.0,-0.0,0.0,3.0,3.0,3.0
2025-02-16 15:21:51:608	Fenix:arm	debug	0.012288054616384917,13.0,1.0,3.0,0.0,1.0,83.0
2025-02-16 15:21:51:610	Fenix:endEffector	debug	0.0,-93.00000000000001,0.3788888888888889
2025-02-16 15:21:51:611	Fenix:stateModels	debug	START, START, START, START, START, START, START, START, START, START
2025-02-16 15:21:51:612	Fenix:buttonPresses	debug	0.0
2025-02-16 15:21:51:641	Fenix:drivetrain	debug	0.0,-0.0,-0.0,-0.0,3.0,0.0,3.0,3.0
2025-02-16 15:21:51:652	Fenix:arm	debug	0.012288054616384917,13.0,1.0,0.0,0.0,1.0,80.0
2025-02-16 15:21:51:655	Fenix:endEffector	debug	0.0,-93.00000000000001,0.3788888888888889
2025-02-16 15:21:51:657	Fenix:stateModels	debug	START, START, START, START, START, START, START, START, START, START
2025-02-16 15:21:51:658	Fenix:buttonPresses	debug	0.0
2025-02-16 15:21:51:686	Fenix:drivetrain	debug	0.0,-0.0,-0.0,-0.0,3.0,0.0,7.0,0.0
2025-02-16 15:21:51:697	Fenix:arm	debug	0.012288054616384917,13.0,1.0,3.0,0.0,1.0,83.0
2025-02-16 15:21:51:699	Fenix:endEffector	debug	0.0,-93.00000000000001,0.3788888888888889
2025-02-16 15:21:51:701	Fenix:stateModels	debug	START, START, START, START, START, START, START, START, START, START
2025-02-16 15:21:51:703	Fenix:buttonPresses	debug	0.0
2025-02-16 15:21:51:733	Fenix:drivetrain	debug	0.0,-0.0,-0.0,-0.0,0.0,0.0,3.0,0.0
2025-02-16 15:21:51:745	Fenix:arm	debug	0.012288054616384917,13.0,1.0,10.0,0.0,1.0,76.0
2025-02-16 15:21:51:747	Fenix:endEffector	debug	0.0,-93.00000000000001,0.3788888888888889
2025-02-16 15:21:51:749	Fenix:stateModels	debug	START, START, START, START, START, START, START, START, START, START
2025-02-16 15:21:51:750	Fenix:buttonPresses	debug	0.0
2025-02-16 15:21:51:807	Fenix:drivetrain	debug	0.0,-0.0,-0.0,-0.0,0.0,3.0,3.0,0.0
2025-02-16 15:21:51:818	Fenix:arm	debug	0.0,13.0,1.0,3.0,0.0,1.0,87.0
2025-02-16 15:21:51:820	Fenix:endEffector	debug	0.0,-93.00000000000001,0.3788888888888889
2025-02-16 15:21:51:822	Fenix:stateModels	debug	START, START, START, START, START, START, START, START, START, START
2025-02-16 15:21:51:824	Fenix:buttonPresses	debug	0.0
2025-02-16 15:21:51:858	Fenix:drivetrain	debug	0.0,-0.0,-0.0,-0.0,3.0,0.0,3.0,3.0
2025-02-16 15:21:51:869	Fenix:arm	debug	0.0,13.0,1.0,10.0,0.0,1.0,80.0
2025-02-16 15:21:51:871	Fenix:endEffector	debug	0.0,-93.00000000000001,0.3788888888888889
2025-02-16 15:21:51:873	Fenix:stateModels	debug	START, START, START, START, START, START, START, START, START, START
2025-02-16 15:21:51:875	Fenix:buttonPresses	debug	0.0
2025-02-16 15:21:51:906	Fenix:drivetrain	debug	0.0,-0.0,-0.0,-0.0,3.0,0.0,7.0,3.0
2025-02-16 15:21:51:918	Fenix:arm	debug	0.0,13.0,1.0,0.0,0.0,1.0,83.0
2025-02-16 15:21:51:921	Fenix:endEffector	debug	0.0,-93.00000000000001,0.3788888888888889
2025-02-16 15:21:51:923	Fenix:stateModels	debug	START, START, START, START, START, START, START, START, START, START
2025-02-16 15:21:51:925	Fenix:buttonPresses	debug	0.0
2025-02-16 15:21:51:954	Fenix:drivetrain	debug	0.0,-0.0,-0.0,-0.0,0.0,0.0,3.0,0.0
2025-02-16 15:21:51:967	Fenix:arm	debug	0.0,13.0,1.0,0.0,0.0,1.0,83.0
2025-02-16 15:21:51:969	Fenix:endEffector	debug	0.0,-93.00000000000001,0.3788888888888889
2025-02-16 15:21:51:971	Fenix:stateModels	debug	START, START, START, START, START, START, START, START, START, START
2025-02-16 15:21:51:973	Fenix:buttonPresses	debug	0.0
2025-02-16 15:21:52:021	Fenix:drivetrain	debug	0.0,-0.0,-0.0,-0.0,3.0,3.0,3.0,3.0
2025-02-16 15:21:52:035	Fenix:arm	debug	0.0,13.0,1.0,0.0,0.0,1.0,80.0
2025-02-16 15:21:52:038	Fenix:endEffector	debug	0.0,-93.00000000000001,0.3788888888888889
2025-02-16 15:21:52:040	Fenix:stateModels	debug	START, START, START, START, START, START, START, START, START, START
2025-02-16 15:21:52:042	Fenix:buttonPresses	debug	0.0
2025-02-16 15:21:52:081	Fenix:drivetrain	debug	0.0,-0.0,-0.0,-0.0,0.0,0.0,3.0,0.0
2025-02-16 15:21:52:098	Fenix:arm	debug	0.0,13.0,1.0,0.0,0.0,1.0,80.0
2025-02-16 15:21:52:104	Fenix:endEffector	debug	0.0,-93.00000000000001,0.3788888888888889
2025-02-16 15:21:52:105	Fenix:stateModels	debug	START, START, START, START, START, START, START, START, START, START
2025-02-16 15:21:52:107	Fenix:buttonPresses	debug	0.0
2025-02-16 15:21:52:139	Fenix:drivetrain	debug	0.0,-0.0,-0.0,-0.0,3.0,3.0,3.0,3.0
2025-02-16 15:21:52:151	Fenix:arm	debug	0.0,13.0,1.0,0.0,0.0,1.0,83.0
2025-02-16 15:21:52:154	Fenix:endEffector	debug	0.0,-93.00000000000001,0.3788888888888889
2025-02-16 15:21:52:156	Fenix:stateModels	debug	START, START, START, START, START, START, START, START, START, START
2025-02-16 15:21:52:158	Fenix:buttonPresses	debug	0.0
2025-02-16 15:21:52:187	Fenix:drivetrain	debug	0.0,-0.0,-0.0,-0.0,3.0,3.0,3.0,3.0
2025-02-16 15:21:52:200	Fenix:arm	debug	0.0,13.0,1.0,3.0,0.0,1.0,83.0
2025-02-16 15:21:52:204	Fenix:endEffector	debug	0.0,-93.00000000000001,0.3788888888888889
2025-02-16 15:21:52:206	Fenix:stateModels	debug	START, START, START, START, START, START, START, START, START, START
2025-02-16 15:21:52:209	Fenix:buttonPresses	debug	0.0
2025-02-16 15:21:52:238	Fenix:drivetrain	debug	0.0,-0.0,-0.0,-0.0,3.0,0.0,3.0,3.0
2025-02-16 15:21:52:254	Fenix:arm	debug	0.0,13.0,1.0,7.0,0.0,1.0,83.0
2025-02-16 15:21:52:257	Fenix:endEffector	debug	0.0,-93.00000000000001,0.3788888888888889
2025-02-16 15:21:52:261	Fenix:stateModels	debug	START, START, START, START, START, START, START, START, START, START
2025-02-16 15:21:52:264	Fenix:buttonPresses	debug	0.0
2025-02-16 15:21:52:300	Fenix:drivetrain	debug	0.0,-0.0,-0.0,-0.0,3.0,0.0,3.0,0.0
2025-02-16 15:21:52:320	Fenix:arm	debug	0.0,13.0,1.0,3.0,0.0,1.0,43.0
2025-02-16 15:21:52:323	Fenix:endEffector	debug	0.0,-93.00000000000001,0.3788888888888889
2025-02-16 15:21:52:326	Fenix:stateModels	debug	START, START, START, START, START, START, START, START, START, START
2025-02-16 15:21:52:328	Fenix:buttonPresses	debug	0.0
2025-02-16 15:21:52:364	Fenix:drivetrain	debug	0.0,-0.0,-0.0,-0.0,3.0,3.0,3.0,3.0
2025-02-16 15:21:52:376	Fenix:arm	debug	0.0,13.0,1.0,7.0,0.0,1.0,36.0
2025-02-16 15:21:52:379	Fenix:endEffector	debug	0.0,-93.00000000000001,0.3788888888888889
2025-02-16 15:21:52:381	Fenix:stateModels	debug	START, START, START, START, START, START, START, START, START, START
2025-02-16 15:21:52:383	Fenix:buttonPresses	debug	0.0
2025-02-16 15:21:52:417	Fenix:drivetrain	debug	0.0,-0.0,-0.0,-0.0,3.0,3.0,3.0,3.0
2025-02-16 15:21:52:428	Fenix:arm	debug	0.0,13.0,1.0,0.0,0.0,1.0,32.0
2025-02-16 15:21:52:431	Fenix:endEffector	debug	0.0,-93.00000000000001,0.3788888888888889
2025-02-16 15:21:52:432	Fenix:stateModels	debug	START, START, START, START, START, START, START, START, START, START
2025-02-16 15:21:52:434	Fenix:buttonPresses	debug	0.0
2025-02-16 15:21:52:461	Fenix:drivetrain	debug	0.0,-0.0,-0.0,-0.0,0.0,0.0,3.0,0.0
2025-02-16 15:21:52:472	Fenix:arm	debug	0.0,13.0,1.0,10.0,0.0,1.0,36.0
2025-02-16 15:21:52:474	Fenix:endEffector	debug	0.0,-93.00000000000001,0.3788888888888889
2025-02-16 15:21:52:476	Fenix:stateModels	debug	START, START, START, START, START, START, START, START, START, START
2025-02-16 15:21:52:477	Fenix:buttonPresses	debug	0.0
2025-02-16 15:21:52:511	Fenix:drivetrain	debug	0.0,-0.0,-0.0,-0.0,3.0,0.0,3.0,3.0
2025-02-16 15:21:52:522	Fenix:arm	debug	0.0,13.0,1.0,0.0,0.0,1.0,32.0
2025-02-16 15:21:52:524	Fenix:endEffector	debug	0.0,-93.00000000000001,0.3788888888888889
2025-02-16 15:21:52:525	Fenix:stateModels	debug	START, START, START, START, START, START, START, START, START, START
2025-02-16 15:21:52:527	Fenix:buttonPresses	debug	0.0
2025-02-16 15:21:52:567	Fenix:drivetrain	debug	0.0,-0.0,-0.0,-0.0,3.0,0.0,3.0,0.0
2025-02-16 15:21:52:582	Fenix:arm	debug	0.0,13.0,1.0,0.0,0.0,1.0,36.0
2025-02-16 15:21:52:586	Fenix:endEffector	debug	0.0,-93.00000000000001,0.3788888888888889
2025-02-16 15:21:52:589	Fenix:stateModels	debug	START, START, START, START, START, START, START, START, START, START
2025-02-16 15:21:52:592	Fenix:buttonPresses	debug	0.0
2025-02-16 15:21:52:626	Fenix:drivetrain	debug	0.0,-0.0,-0.0,-0.0,3.0,3.0,3.0,0.0
2025-02-16 15:21:52:639	Fenix:arm	debug	0.0,13.0,1.0,0.0,0.0,1.0,36.0
2025-02-16 15:21:52:643	Fenix:endEffector	debug	0.0,-93.00000000000001,0.3788888888888889
2025-02-16 15:21:52:644	Fenix:stateModels	debug	START, START, START, START, START, START, START, START, START, START
2025-02-16 15:21:52:646	Fenix:buttonPresses	debug	0.0
2025-02-16 15:21:52:674	Fenix:drivetrain	debug	0.0,-0.0,-0.0,-0.0,0.0,0.0,3.0,0.0
2025-02-16 15:21:52:685	Fenix:arm	debug	0.0,13.0,1.0,3.0,0.0,1.0,32.0
2025-02-16 15:21:52:687	Fenix:endEffector	debug	0.0,-93.00000000000001,0.3788888888888889
2025-02-16 15:21:52:689	Fenix:stateModels	debug	START, START, START, START, START, START, START, START, START, START
2025-02-16 15:21:52:690	Fenix:buttonPresses	debug	0.0
2025-02-16 15:21:52:717	Fenix:drivetrain	debug	0.0,-0.0,-0.0,-0.0,0.0,3.0,3.0,0.0
2025-02-16 15:21:52:728	Fenix:arm	debug	0.0,13.0,1.0,3.0,0.0,1.0,32.0
2025-02-16 15:21:52:731	Fenix:endEffector	debug	0.0,-93.00000000000001,0.3788888888888889
2025-02-16 15:21:52:733	Fenix:stateModels	debug	START, START, START, START, START, START, START, START, START, START
2025-02-16 15:21:52:735	Fenix:buttonPresses	debug	0.0
2025-02-16 15:21:52:761	Fenix:drivetrain	debug	0.0,-0.0,-0.0,-0.0,0.0,0.0,3.0,0.0
2025-02-16 15:21:52:773	Fenix:arm	debug	0.0,13.0,1.0,3.0,0.0,1.0,32.0
2025-02-16 15:21:52:774	Fenix:endEffector	debug	0.0,-93.00000000000001,0.3788888888888889
2025-02-16 15:21:52:776	Fenix:stateModels	debug	START, START, START, START, START, START, START, START, START, START
2025-02-16 15:21:52:777	Fenix:buttonPresses	debug	0.0
2025-02-16 15:21:52:805	Fenix:drivetrain	debug	0.0,-0.0,-0.0,-0.0,0.0,0.0,3.0,3.0
2025-02-16 15:21:52:817	Fenix:arm	debug	0.0,13.0,1.0,14.0,0.0,1.0,29.0
2025-02-16 15:21:52:819	Fenix:endEffector	debug	0.0,-93.00000000000001,0.3788888888888889
2025-02-16 15:21:52:821	Fenix:stateModels	debug	START, START, START, START, START, START, START, START, START, START
2025-02-16 15:21:52:823	Fenix:buttonPresses	debug	0.0
2025-02-16 15:21:52:853	Fenix:drivetrain	debug	0.0,-0.0,-0.0,-0.0,0.0,0.0,3.0,3.0
2025-02-16 15:21:52:866	Fenix:arm	debug	0.0,13.0,1.0,0.0,0.0,1.0,29.0
2025-02-16 15:21:52:868	Fenix:endEffector	debug	0.0,-93.00000000000001,0.3788888888888889
2025-02-16 15:21:52:869	Fenix:stateModels	debug	START, START, START, START, START, START, START, START, START, START
2025-02-16 15:21:52:871	Fenix:buttonPresses	debug	0.0
2025-02-16 15:21:52:899	Fenix:drivetrain	debug	0.0,-0.0,-0.0,-0.0,3.0,0.0,3.0,3.0
2025-02-16 15:21:52:910	Fenix:arm	debug	0.0,13.0,1.0,3.0,0.0,1.0,32.0
2025-02-16 15:21:52:912	Fenix:endEffector	debug	0.0,-93.00000000000001,0.3788888888888889
2025-02-16 15:21:52:914	Fenix:stateModels	debug	START, START, START, START, START, START, START, START, START, START
2025-02-16 15:21:52:916	Fenix:buttonPresses	debug	0.0
2025-02-16 15:21:52:944	Fenix:drivetrain	debug	0.0,-0.0,-0.0,-0.0,0.0,0.0,3.0,3.0
2025-02-16 15:21:52:955	Fenix:arm	debug	0.0,13.0,1.0,3.0,0.0,1.0,29.0
2025-02-16 15:21:52:957	Fenix:endEffector	debug	0.0,-93.00000000000001,0.3788888888888889
2025-02-16 15:21:52:959	Fenix:stateModels	debug	START, START, START, START, START, START, START, START, START, START
2025-02-16 15:21:52:960	Fenix:buttonPresses	debug	0.0
2025-02-16 15:21:52:987	Fenix:drivetrain	debug	0.0,-0.0,-0.0,-0.0,3.0,3.0,3.0,3.0
2025-02-16 15:21:52:998	Fenix:arm	debug	0.0,13.0,1.0,3.0,0.0,1.0,32.0
2025-02-16 15:21:53:000	Fenix:endEffector	debug	0.0,-93.00000000000001,0.3788888888888889
2025-02-16 15:21:53:002	Fenix:stateModels	debug	START, START, START, START, START, START, START, START, START, START
2025-02-16 15:21:53:003	Fenix:buttonPresses	debug	0.0
2025-02-16 15:21:53:039	Fenix:drivetrain	debug	0.0,-0.0,-0.0,-0.0,0.0,0.0,3.0,0.0
2025-02-16 15:21:53:050	Fenix:arm	debug	0.0,13.0,1.0,10.0,0.0,1.0,32.0
2025-02-16 15:21:53:052	Fenix:endEffector	debug	0.0,-93.00000000000001,0.3788888888888889
2025-02-16 15:21:53:054	Fenix:stateModels	debug	START, START, START, START, START, START, START, START, START, START
2025-02-16 15:21:53:056	Fenix:buttonPresses	debug	0.0
2025-02-16 15:21:53:094	Fenix:drivetrain	debug	0.0,-0.0,-0.0,-0.0,0.0,3.0,3.0,3.0
2025-02-16 15:21:53:108	Fenix:arm	debug	0.0,13.0,1.0,3.0,0.0,1.0,32.0
2025-02-16 15:21:53:113	Fenix:endEffector	debug	0.0,-93.00000000000001,0.3788888888888889
2025-02-16 15:21:53:114	Fenix:stateModels	debug	START, START, START, START, START, START, START, START, START, START
2025-02-16 15:21:53:116	Fenix:buttonPresses	debug	0.0
2025-02-16 15:21:53:150	Fenix:drivetrain	debug	0.0,-0.0,-0.0,-0.0,3.0,0.0,3.0,0.0
2025-02-16 15:21:53:163	Fenix:arm	debug	0.0,13.0,1.0,7.0,0.0,1.0,29.0
2025-02-16 15:21:53:168	Fenix:endEffector	debug	0.0,-93.00000000000001,0.3788888888888889
2025-02-16 15:21:53:169	Fenix:stateModels	debug	START, START, START, START, START, START, START, START, START, START
2025-02-16 15:21:53:171	Fenix:buttonPresses	debug	0.0
2025-02-16 15:21:53:199	Fenix:drivetrain	debug	0.0,-0.0,-0.0,-0.0,0.0,0.0,3.0,0.0
2025-02-16 15:21:53:210	Fenix:arm	debug	0.0,13.0,1.0,14.0,0.0,1.0,32.0
2025-02-16 15:21:53:212	Fenix:endEffector	debug	0.0,-93.00000000000001,0.3788888888888889
2025-02-16 15:21:53:214	Fenix:stateModels	debug	START, START, START, START, START, START, START, START, START, START
2025-02-16 15:21:53:215	Fenix:buttonPresses	debug	0.0
2025-02-16 15:21:53:242	Fenix:drivetrain	debug	0.0,-0.0,-0.0,-0.0,3.0,3.0,3.0,0.0
2025-02-16 15:21:53:252	Fenix:arm	debug	0.0,13.0,1.0,7.0,0.0,1.0,29.0
2025-02-16 15:21:53:256	Fenix:endEffector	debug	0.0,-93.00000000000001,0.3788888888888889
2025-02-16 15:21:53:257	Fenix:stateModels	debug	START, START, START, START, START, START, START, START, START, START
2025-02-16 15:21:53:259	Fenix:buttonPresses	debug	0.0
2025-02-16 15:21:53:287	Fenix:drivetrain	debug	0.0,-0.0,-0.0,-0.0,0.0,0.0,3.0,3.0
2025-02-16 15:21:53:298	Fenix:arm	debug	0.0,13.0,1.0,14.0,0.0,1.0,32.0
2025-02-16 15:21:53:300	Fenix:endEffector	debug	0.0,-93.00000000000001,0.3788888888888889
2025-02-16 15:21:53:302	Fenix:stateModels	debug	START, START, START, START, START, START, START, START, START, START
2025-02-16 15:21:53:304	Fenix:buttonPresses	debug	0.0
2025-02-16 15:21:53:331	Fenix:drivetrain	debug	0.0,-0.0,-0.0,-0.0,3.0,0.0,3.0,3.0
2025-02-16 15:21:53:345	Fenix:arm	debug	0.0,13.0,1.0,3.0,0.0,1.0,29.0
2025-02-16 15:21:53:347	Fenix:endEffector	debug	0.0,-93.00000000000001,0.3788888888888889
2025-02-16 15:21:53:349	Fenix:stateModels	debug	START, START, START, START, START, START, START, START, START, START
2025-02-16 15:21:53:351	Fenix:buttonPresses	debug	0.0
2025-02-16 15:21:53:381	Fenix:drivetrain	debug	0.0,-0.0,-0.0,-0.0,0.0,3.0,3.0,0.0
2025-02-16 15:21:53:395	Fenix:arm	debug	0.0,13.0,1.0,0.0,0.0,1.0,32.0
2025-02-16 15:21:53:397	Fenix:endEffector	debug	0.0,-93.00000000000001,0.3788888888888889
2025-02-16 15:21:53:399	Fenix:stateModels	debug	START, START, START, START, START, START, START, START, START, START
2025-02-16 15:21:53:401	Fenix:buttonPresses	debug	0.0
2025-02-16 15:21:53:433	Fenix:drivetrain	debug	0.0,-0.0,-0.0,-0.0,3.0,3.0,3.0,3.0
2025-02-16 15:21:53:446	Fenix:arm	debug	0.0,13.0,1.0,0.0,0.0,1.0,29.0
2025-02-16 15:21:53:450	Fenix:endEffector	debug	0.0,-93.00000000000001,0.3788888888888889
2025-02-16 15:21:53:453	Fenix:stateModels	debug	START, START, START, START, START, START, START, START, START, START
2025-02-16 15:21:53:456	Fenix:buttonPresses	debug	0.0
2025-02-16 15:21:53:485	Fenix:drivetrain	debug	0.0,-0.0,-0.0,-0.0,0.0,0.0,3.0,0.0
2025-02-16 15:21:53:497	Fenix:arm	debug	0.0,13.0,1.0,3.0,0.0,1.0,32.0
2025-02-16 15:21:53:499	Fenix:endEffector	debug	0.0,-93.00000000000001,0.3788888888888889
2025-02-16 15:21:53:501	Fenix:stateModels	debug	START, START, START, START, START, START, START, START, START, START
2025-02-16 15:21:53:503	Fenix:buttonPresses	debug	0.0
2025-02-16 15:21:53:540	Fenix:drivetrain	debug	0.0,-0.0,-0.0,-0.0,3.0,3.0,3.0,0.0
2025-02-16 15:21:53:551	Fenix:arm	debug	0.0,13.0,1.0,0.0,0.0,1.0,29.0
2025-02-16 15:21:53:553	Fenix:endEffector	debug	0.0,-93.00000000000001,0.3788888888888889
2025-02-16 15:21:53:554	Fenix:stateModels	debug	START, START, START, START, START, START, START, START, START, START
2025-02-16 15:21:53:556	Fenix:buttonPresses	debug	0.0
2025-02-16 15:21:53:584	Fenix:drivetrain	debug	0.0,-0.0,-0.0,-0.0,3.0,0.0,3.0,3.0
2025-02-16 15:21:53:594	Fenix:arm	debug	0.0,13.0,1.0,14.0,0.0,1.0,32.0
2025-02-16 15:21:53:596	Fenix:endEffector	debug	0.0,-93.00000000000001,0.3788888888888889
2025-02-16 15:21:53:598	Fenix:stateModels	debug	START, START, START, START, START, START, START, START, START, START
2025-02-16 15:21:53:600	Fenix:buttonPresses	debug	0.0
2025-02-16 15:21:53:637	Fenix:drivetrain	debug	0.0,-0.0,-0.0,-0.0,0.0,0.0,3.0,0.0
2025-02-16 15:21:53:650	Fenix:arm	debug	0.0,13.0,1.0,3.0,0.0,1.0,32.0
2025-02-16 15:21:53:653	Fenix:endEffector	debug	0.0,-93.00000000000001,0.3788888888888889
2025-02-16 15:21:53:654	Fenix:stateModels	debug	START, START, START, START, START, START, START, START, START, START
2025-02-16 15:21:53:656	Fenix:buttonPresses	debug	0.0
2025-02-16 15:21:53:688	Fenix:drivetrain	debug	0.0,-0.0,-0.0,-0.0,3.0,0.0,3.0,3.0
2025-02-16 15:21:53:700	Fenix:arm	debug	0.0,13.0,1.0,3.0,0.0,1.0,29.0
2025-02-16 15:21:53:703	Fenix:endEffector	debug	0.0,-93.00000000000001,0.3788888888888889
2025-02-16 15:21:53:705	Fenix:stateModels	debug	START, START, START, START, START, START, START, START, START, START
2025-02-16 15:21:53:707	Fenix:buttonPresses	debug	0.0
2025-02-16 15:21:53:731	Fenix:drivetrain	debug	0.0,-0.0,-0.0,-0.0,3.0,3.0,3.0,0.0
2025-02-16 15:21:53:741	Fenix:arm	debug	0.0,13.0,1.0,14.0,0.0,1.0,29.0
2025-02-16 15:21:53:743	Fenix:endEffector	debug	0.0,-93.00000000000001,0.3788888888888889
2025-02-16 15:21:53:745	Fenix:stateModels	debug	START, START, START, START, START, START, START, START, START, START
2025-02-16 15:21:53:746	Fenix:buttonPresses	debug	0.0
2025-02-16 15:21:53:772	Fenix:drivetrain	debug	0.0,-0.0,-0.0,-0.0,0.0,3.0,7.0,3.0
2025-02-16 15:21:53:782	Fenix:arm	debug	0.0,13.0,1.0,3.0,0.0,1.0,29.0
2025-02-16 15:21:53:785	Fenix:endEffector	debug	0.0,-93.00000000000001,0.3788888888888889
2025-02-16 15:21:53:786	Fenix:stateModels	debug	START, START, START, START, START, START, START, START, START, START
2025-02-16 15:21:53:788	Fenix:buttonPresses	debug	0.0
2025-02-16 15:21:53:840	Fenix:drivetrain	debug	0.0,-0.0,-0.0,-0.0,3.0,3.0,7.0,0.0
2025-02-16 15:21:53:852	Fenix:arm	debug	0.0,13.0,1.0,10.0,0.0,1.0,32.0
2025-02-16 15:21:53:854	Fenix:endEffector	debug	0.0,-93.00000000000001,0.3788888888888889
2025-02-16 15:21:53:855	Fenix:stateModels	debug	START, START, START, START, START, START, START, START, START, START
2025-02-16 15:21:53:857	Fenix:buttonPresses	debug	0.0
2025-02-16 15:21:53:892	Fenix:drivetrain	debug	0.0,-0.0,-0.0,-0.0,0.0,3.0,3.0,0.0
2025-02-16 15:21:53:904	Fenix:arm	debug	0.0,13.0,1.0,3.0,0.0,1.0,29.0
2025-02-16 15:21:53:907	Fenix:endEffector	debug	0.0,-93.00000000000001,0.3788888888888889
2025-02-16 15:21:53:909	Fenix:stateModels	debug	START, START, START, START, START, START, START, START, START, START
2025-02-16 15:21:53:910	Fenix:buttonPresses	debug	0.0
2025-02-16 15:21:53:940	Fenix:drivetrain	debug	0.0,-0.0,-0.0,-0.0,0.0,3.0,3.0,0.0
2025-02-16 15:21:53:951	Fenix:arm	debug	0.0,13.0,1.0,0.0,0.0,1.0,29.0
2025-02-16 15:21:53:953	Fenix:endEffector	debug	0.0,-93.00000000000001,0.3788888888888889
2025-02-16 15:21:53:954	Fenix:stateModels	debug	START, START, START, START, START, START, START, START, START, START
2025-02-16 15:21:53:956	Fenix:buttonPresses	debug	0.0
2025-02-16 15:21:53:981	Fenix:drivetrain	debug	0.0,-0.0,-0.0,-0.0,3.0,0.0,3.0,3.0
2025-02-16 15:21:53:991	Fenix:arm	debug	0.0,13.0,1.0,10.0,0.0,1.0,32.0
2025-02-16 15:21:53:993	Fenix:endEffector	debug	0.0,-93.00000000000001,0.3788888888888889
2025-02-16 15:21:53:994	Fenix:stateModels	debug	START, START, START, START, START, START, START, START, START, START
2025-02-16 15:21:53:996	Fenix:buttonPresses	debug	0.0
2025-02-16 15:21:54:023	Fenix:drivetrain	debug	0.0,-0.0,-0.0,-0.0,0.0,0.0,3.0,3.0
2025-02-16 15:21:54:033	Fenix:arm	debug	0.0,13.0,1.0,0.0,0.0,1.0,32.0
2025-02-16 15:21:54:036	Fenix:endEffector	debug	0.0,-93.00000000000001,0.3788888888888889
2025-02-16 15:21:54:037	Fenix:stateModels	debug	START, START, START, START, START, START, START, START, START, START
2025-02-16 15:21:54:039	Fenix:buttonPresses	debug	0.0
2025-02-16 15:21:54:076	Fenix:drivetrain	debug	0.0,-0.0,-0.0,-0.0,3.0,0.0,3.0,3.0
2025-02-16 15:21:54:086	Fenix:arm	debug	0.0,13.0,1.0,0.0,0.0,1.0,29.0
2025-02-16 15:21:54:088	Fenix:endEffector	debug	0.0,-93.00000000000001,0.3788888888888889
2025-02-16 15:21:54:090	Fenix:stateModels	debug	START, START, START, START, START, START, START, START, START, START
2025-02-16 15:21:54:092	Fenix:buttonPresses	debug	0.0
2025-02-16 15:21:54:121	Fenix:drivetrain	debug	0.0,-0.0,-0.0,-0.0,3.0,3.0,10.0,3.0
2025-02-16 15:21:54:132	Fenix:arm	debug	0.0,13.0,1.0,3.0,0.0,1.0,29.0
2025-02-16 15:21:54:134	Fenix:endEffector	debug	0.0,-93.00000000000001,0.3788888888888889
2025-02-16 15:21:54:137	Fenix:stateModels	debug	START, START, START, START, START, START, START, START, START, START
2025-02-16 15:21:54:139	Fenix:buttonPresses	debug	0.0
2025-02-16 15:21:54:176	Fenix:drivetrain	debug	0.0,-0.0,-0.0,-0.0,3.0,0.0,7.0,3.0
2025-02-16 15:21:54:189	Fenix:arm	debug	0.0,13.0,1.0,7.0,0.0,1.0,29.0
2025-02-16 15:21:54:193	Fenix:endEffector	debug	0.0,-93.00000000000001,0.3788888888888889
2025-02-16 15:21:54:194	Fenix:stateModels	debug	START, START, START, START, START, START, START, START, START, START
2025-02-16 15:21:54:196	Fenix:buttonPresses	debug	0.0
2025-02-16 15:21:54:236	Fenix:drivetrain	debug	0.0,-0.0,-0.0,-0.0,0.0,0.0,3.0,0.0
2025-02-16 15:21:54:249	Fenix:arm	debug	0.0,13.0,1.0,3.0,0.0,1.0,29.0
2025-02-16 15:21:54:252	Fenix:endEffector	debug	0.0,-93.00000000000001,0.3788888888888889
2025-02-16 15:21:54:254	Fenix:stateModels	debug	START, START, START, START, START, START, START, START, START, START
2025-02-16 15:21:54:255	Fenix:buttonPresses	debug	0.0
2025-02-16 15:21:54:283	Fenix:drivetrain	debug	0.0,-0.0,-0.0,-0.0,3.0,3.0,3.0,3.0
2025-02-16 15:21:54:294	Fenix:arm	debug	0.0,13.0,1.0,3.0,0.0,1.0,29.0
2025-02-16 15:21:54:297	Fenix:endEffector	debug	0.0,-93.00000000000001,0.3788888888888889
2025-02-16 15:21:54:299	Fenix:stateModels	debug	START, START, START, START, START, START, START, START, START, START
2025-02-16 15:21:54:301	Fenix:buttonPresses	debug	0.0
2025-02-16 15:21:54:328	Fenix:drivetrain	debug	0.0,-0.0,-0.0,-0.0,0.0,0.0,3.0,0.0
2025-02-16 15:21:54:341	Fenix:arm	debug	0.0,13.0,1.0,0.0,0.0,1.0,32.0
2025-02-16 15:21:54:343	Fenix:endEffector	debug	0.0,-93.00000000000001,0.3788888888888889
2025-02-16 15:21:54:344	Fenix:stateModels	debug	START, START, START, START, START, START, START, START, START, START
2025-02-16 15:21:54:346	Fenix:buttonPresses	debug	0.0
2025-02-16 15:21:54:374	Fenix:drivetrain	debug	0.0,-0.0,-0.0,-0.0,0.0,3.0,3.0,0.0
2025-02-16 15:21:54:389	Fenix:arm	debug	0.0,13.0,1.0,10.0,0.0,1.0,32.0
2025-02-16 15:21:54:391	Fenix:endEffector	debug	0.0,-93.00000000000001,0.3788888888888889
2025-02-16 15:21:54:392	Fenix:stateModels	debug	START, START, START, START, START, START, START, START, START, START
2025-02-16 15:21:54:394	Fenix:buttonPresses	debug	0.0
2025-02-16 15:21:54:420	Fenix:drivetrain	debug	0.0,-0.0,-0.0,-0.0,3.0,3.0,3.0,3.0
2025-02-16 15:21:54:431	Fenix:arm	debug	0.0,13.0,1.0,0.0,0.0,1.0,29.0
2025-02-16 15:21:54:432	Fenix:endEffector	debug	0.0,-93.00000000000001,0.3788888888888889
2025-02-16 15:21:54:434	Fenix:stateModels	debug	START, START, START, START, START, START, START, START, START, START
2025-02-16 15:21:54:435	Fenix:buttonPresses	debug	0.0
2025-02-16 15:21:54:462	Fenix:drivetrain	debug	0.0,-0.0,-0.0,-0.0,0.0,3.0,3.0,0.0
2025-02-16 15:21:54:474	Fenix:arm	debug	0.0,13.0,1.0,3.0,0.0,1.0,32.0
2025-02-16 15:21:54:475	Fenix:endEffector	debug	0.0,-93.00000000000001,0.3788888888888889
2025-02-16 15:21:54:477	Fenix:stateModels	debug	START, START, START, START, START, START, START, START, START, START
2025-02-16 15:21:54:478	Fenix:buttonPresses	debug	0.0
2025-02-16 15:21:54:505	Fenix:drivetrain	debug	0.0,-0.0,-0.0,-0.0,0.0,0.0,3.0,3.0
2025-02-16 15:21:54:515	Fenix:arm	debug	0.0,13.0,1.0,10.0,0.0,1.0,29.0
2025-02-16 15:21:54:517	Fenix:endEffector	debug	0.0,-93.00000000000001,0.3788888888888889
2025-02-16 15:21:54:519	Fenix:stateModels	debug	START, START, START, START, START, START, START, START, START, START
2025-02-16 15:21:54:521	Fenix:buttonPresses	debug	0.0
2025-02-16 15:21:54:548	Fenix:drivetrain	debug	0.0,-0.0,-0.0,-0.0,3.0,0.0,3.0,0.0
2025-02-16 15:21:54:558	Fenix:arm	debug	0.0,13.0,1.0,0.0,0.0,1.0,29.0
2025-02-16 15:21:54:560	Fenix:endEffector	debug	0.0,-93.00000000000001,0.3788888888888889
2025-02-16 15:21:54:562	Fenix:stateModels	debug	START, START, START, START, START, START, START, START, START, START
2025-02-16 15:21:54:564	Fenix:buttonPresses	debug	0.0
2025-02-16 15:21:54:600	Fenix:drivetrain	debug	0.0,-0.0,-0.0,-0.0,3.0,3.0,3.0,3.0
2025-02-16 15:21:54:611	Fenix:arm	debug	0.0,13.0,1.0,3.0,0.0,1.0,29.0
2025-02-16 15:21:54:613	Fenix:endEffector	debug	0.0,-93.00000000000001,0.3788888888888889
2025-02-16 15:21:54:615	Fenix:stateModels	debug	START, START, START, START, START, START, START, START, START, START
2025-02-16 15:21:54:617	Fenix:buttonPresses	debug	0.0
2025-02-16 15:21:54:649	Fenix:drivetrain	debug	0.0,-0.0,-0.0,-0.0,0.0,3.0,3.0,0.0
2025-02-16 15:21:54:659	Fenix:arm	debug	0.0,13.0,1.0,7.0,0.0,1.0,29.0
2025-02-16 15:21:54:662	Fenix:endEffector	debug	0.0,-93.00000000000001,0.3788888888888889
2025-02-16 15:21:54:664	Fenix:stateModels	debug	START, START, START, START, START, START, START, START, START, START
2025-02-16 15:21:54:666	Fenix:buttonPresses	debug	0.0
2025-02-16 15:21:54:701	Fenix:drivetrain	debug	0.0,-0.0,-0.0,-0.0,0.0,0.0,3.0,3.0
2025-02-16 15:21:54:715	Fenix:arm	debug	0.0,13.0,1.0,10.0,0.0,1.0,32.0
2025-02-16 15:21:54:719	Fenix:endEffector	debug	0.0,-93.00000000000001,0.3788888888888889
2025-02-16 15:21:54:720	Fenix:stateModels	debug	START, START, START, START, START, START, START, START, START, START
2025-02-16 15:21:54:722	Fenix:buttonPresses	debug	0.0
2025-02-16 15:21:54:756	Fenix:drivetrain	debug	0.0,-0.0,-0.0,-0.0,0.0,0.0,3.0,3.0
2025-02-16 15:21:54:769	Fenix:arm	debug	0.0,13.0,1.0,10.0,0.0,1.0,29.0
2025-02-16 15:21:54:772	Fenix:endEffector	debug	0.0,-93.00000000000001,0.3788888888888889
2025-02-16 15:21:54:774	Fenix:stateModels	debug	START, START, START, START, START, START, START, START, START, START
2025-02-16 15:21:54:776	Fenix:buttonPresses	debug	0.0
2025-02-16 15:21:54:802	Fenix:drivetrain	debug	0.0,-0.0,-0.0,-0.0,0.0,0.0,3.0,0.0
2025-02-16 15:21:54:813	Fenix:arm	debug	0.0,13.0,1.0,0.0,0.0,1.0,25.0
2025-02-16 15:21:54:816	Fenix:endEffector	debug	0.0,-93.00000000000001,0.3788888888888889
2025-02-16 15:21:54:818	Fenix:stateModels	debug	START, START, START, START, START, START, START, START, START, START
2025-02-16 15:21:54:820	Fenix:buttonPresses	debug	0.0
2025-02-16 15:21:54:847	Fenix:drivetrain	debug	0.0,-0.0,-0.0,-0.0,3.0,0.0,3.0,0.0
2025-02-16 15:21:54:864	Fenix:arm	debug	0.0,13.0,1.0,3.0,0.0,1.0,29.0
2025-02-16 15:21:54:867	Fenix:endEffector	debug	0.0,-93.00000000000001,0.3788888888888889
2025-02-16 15:21:54:869	Fenix:stateModels	debug	START, START, START, START, START, START, START, START, START, START
2025-02-16 15:21:54:871	Fenix:buttonPresses	debug	0.0
2025-02-16 15:21:54:901	Fenix:drivetrain	debug	0.0,-0.0,-0.0,-0.0,0.0,0.0,3.0,7.0
2025-02-16 15:21:54:914	Fenix:arm	debug	0.0,13.0,1.0,14.0,0.0,1.0,29.0
2025-02-16 15:21:54:916	Fenix:endEffector	debug	0.0,-93.00000000000001,0.3788888888888889
2025-02-16 15:21:54:918	Fenix:stateModels	debug	START, START, START, START, START, START, START, START, START, START
2025-02-16 15:21:54:920	Fenix:buttonPresses	debug	0.0
2025-02-16 15:21:54:950	Fenix:drivetrain	debug	0.0,-0.0,-0.0,-0.0,3.0,0.0,3.0,3.0
2025-02-16 15:21:54:962	Fenix:arm	debug	0.0,13.0,1.0,10.0,0.0,1.0,29.0
2025-02-16 15:21:54:964	Fenix:endEffector	debug	0.0,-93.00000000000001,0.3788888888888889
2025-02-16 15:21:54:966	Fenix:stateModels	debug	START, START, START, START, START, START, START, START, START, START
2025-02-16 15:21:54:968	Fenix:buttonPresses	debug	0.0
2025-02-16 15:21:54:996	Fenix:drivetrain	debug	0.0,-0.0,-0.0,-0.0,3.0,3.0,3.0,3.0
2025-02-16 15:21:55:006	Fenix:arm	debug	0.0,13.0,1.0,0.0,0.0,1.0,29.0
2025-02-16 15:21:55:008	Fenix:endEffector	debug	0.0,-93.00000000000001,0.3788888888888889
2025-02-16 15:21:55:009	Fenix:stateModels	debug	START, START, START, START, START, START, START, START, START, START
2025-02-16 15:21:55:011	Fenix:buttonPresses	debug	0.0
2025-02-16 15:21:55:037	Fenix:drivetrain	debug	0.0,-0.0,-0.0,-0.0,0.0,0.0,3.0,3.0
2025-02-16 15:21:55:049	Fenix:arm	debug	0.0,13.0,1.0,10.0,0.0,1.0,32.0
2025-02-16 15:21:55:051	Fenix:endEffector	debug	0.0,-93.00000000000001,0.3788888888888889
2025-02-16 15:21:55:053	Fenix:stateModels	debug	START, START, START, START, START, START, START, START, START, START
2025-02-16 15:21:55:054	Fenix:buttonPresses	debug	0.0
2025-02-16 15:21:55:092	Fenix:drivetrain	debug	0.0,-0.0,-0.0,-0.0,3.0,0.0,3.0,3.0
2025-02-16 15:21:55:103	Fenix:arm	debug	0.0,13.0,1.0,3.0,0.0,1.0,29.0
2025-02-16 15:21:55:105	Fenix:endEffector	debug	0.0,-93.00000000000001,0.3788888888888889
2025-02-16 15:21:55:106	Fenix:stateModels	debug	START, START, START, START, START, START, START, START, START, START
2025-02-16 15:21:55:108	Fenix:buttonPresses	debug	0.0
2025-02-16 15:21:55:140	Fenix:drivetrain	debug	0.0,-0.0,-0.0,-0.0,3.0,0.0,3.0,3.0
2025-02-16 15:21:55:152	Fenix:arm	debug	0.0,13.0,1.0,3.0,0.0,1.0,29.0
2025-02-16 15:21:55:154	Fenix:endEffector	debug	0.0,-93.00000000000001,0.3788888888888889
2025-02-16 15:21:55:157	Fenix:stateModels	debug	START, START, START, START, START, START, START, START, START, START
2025-02-16 15:21:55:158	Fenix:buttonPresses	debug	0.0
2025-02-16 15:21:55:186	Fenix:drivetrain	debug	0.0,-0.0,-0.0,-0.0,0.0,3.0,7.0,3.0
2025-02-16 15:21:55:198	Fenix:arm	debug	0.0,13.0,1.0,3.0,0.0,1.0,29.0
2025-02-16 15:21:55:200	Fenix:endEffector	debug	0.0,-93.00000000000001,0.3788888888888889
2025-02-16 15:21:55:201	Fenix:stateModels	debug	START, START, START, START, START, START, START, START, START, START
2025-02-16 15:21:55:203	Fenix:buttonPresses	debug	0.0
2025-02-16 15:21:55:239	Fenix:drivetrain	debug	0.0,-0.0,-0.0,-0.0,0.0,3.0,3.0,3.0
2025-02-16 15:21:55:253	Fenix:arm	debug	0.0,13.0,1.0,3.0,0.0,1.0,29.0
2025-02-16 15:21:55:256	Fenix:endEffector	debug	0.0,-93.00000000000001,0.3788888888888889
2025-02-16 15:21:55:258	Fenix:stateModels	debug	START, START, START, START, START, START, START, START, START, START
2025-02-16 15:21:55:259	Fenix:buttonPresses	debug	0.0
2025-02-16 15:21:55:293	Fenix:drivetrain	debug	0.0,-0.0,-0.0,-0.0,3.0,0.0,3.0,0.0
2025-02-16 15:21:55:306	Fenix:arm	debug	0.0,13.0,1.0,3.0,0.0,1.0,29.0
2025-02-16 15:21:55:309	Fenix:endEffector	debug	0.0,-93.00000000000001,0.3788888888888889
2025-02-16 15:21:55:311	Fenix:stateModels	debug	START, START, START, START, START, START, START, START, START, START
2025-02-16 15:21:55:313	Fenix:buttonPresses	debug	0.0
2025-02-16 15:21:55:340	Fenix:drivetrain	debug	0.0,-0.0,-0.0,-0.0,0.0,3.0,3.0,3.0
2025-02-16 15:21:55:351	Fenix:arm	debug	0.0,13.0,1.0,3.0,0.0,1.0,29.0
2025-02-16 15:21:55:355	Fenix:endEffector	debug	0.0,-93.00000000000001,0.3788888888888889
2025-02-16 15:21:55:357	Fenix:stateModels	debug	START, START, START, START, START, START, START, START, START, START
2025-02-16 15:21:55:359	Fenix:buttonPresses	debug	0.0
2025-02-16 15:21:55:388	Fenix:drivetrain	debug	0.0,-0.0,-0.0,-0.0,3.0,3.0,3.0,3.0
2025-02-16 15:21:55:405	Fenix:arm	debug	0.0,13.0,1.0,3.0,0.0,1.0,29.0
2025-02-16 15:21:55:407	Fenix:endEffector	debug	0.0,-93.00000000000001,0.3788888888888889
2025-02-16 15:21:55:410	Fenix:stateModels	debug	START, START, START, START, START, START, START, START, START, START
2025-02-16 15:21:55:412	Fenix:buttonPresses	debug	0.0
2025-02-16 15:21:55:444	Fenix:drivetrain	debug	0.0,-0.0,-0.0,-0.0,0.0,0.0,3.0,3.0
2025-02-16 15:21:55:461	Fenix:arm	debug	0.0,13.0,1.0,3.0,0.0,1.0,29.0
2025-02-16 15:21:55:464	Fenix:endEffector	debug	0.0,-93.00000000000001,0.3788888888888889
2025-02-16 15:21:55:466	Fenix:stateModels	debug	START, START, START, START, START, START, START, START, START, START
2025-02-16 15:21:55:469	Fenix:buttonPresses	debug	0.0
2025-02-16 15:21:55:498	Fenix:drivetrain	debug	0.0,-0.0,-0.0,-0.0,0.0,0.0,3.0,7.0
2025-02-16 15:21:55:510	Fenix:arm	debug	0.0,13.0,1.0,3.0,0.0,1.0,32.0
2025-02-16 15:21:55:512	Fenix:endEffector	debug	0.0,-93.00000000000001,0.3788888888888889
2025-02-16 15:21:55:515	Fenix:stateModels	debug	START, START, START, START, START, START, START, START, START, START
2025-02-16 15:21:55:517	Fenix:buttonPresses	debug	0.0
2025-02-16 15:21:55:547	Fenix:drivetrain	debug	0.0,-0.0,-0.0,-0.0,0.0,0.0,3.0,0.0
2025-02-16 15:21:55:559	Fenix:arm	debug	0.0,13.0,1.0,3.0,0.0,1.0,29.0
2025-02-16 15:21:55:562	Fenix:endEffector	debug	0.0,-93.00000000000001,0.3788888888888889
2025-02-16 15:21:55:564	Fenix:stateModels	debug	START, START, START, START, START, START, START, START, START, START
2025-02-16 15:21:55:566	Fenix:buttonPresses	debug	0.0
2025-02-16 15:21:55:604	Fenix:drivetrain	debug	0.0,-0.0,-0.0,-0.0,3.0,3.0,3.0,0.0
2025-02-16 15:21:55:616	Fenix:arm	debug	0.0,13.0,1.0,3.0,0.0,1.0,29.0
2025-02-16 15:21:55:618	Fenix:endEffector	debug	0.0,-93.00000000000001,0.3788888888888889
2025-02-16 15:21:55:620	Fenix:stateModels	debug	START, START, START, START, START, START, START, START, START, START
2025-02-16 15:21:55:623	Fenix:buttonPresses	debug	0.0
2025-02-16 15:21:55:654	Fenix:drivetrain	debug	0.0,-0.0,-0.0,-0.0,0.0,0.0,3.0,0.0
2025-02-16 15:21:55:664	Fenix:arm	debug	0.0,13.0,1.0,3.0,0.0,1.0,29.0
2025-02-16 15:21:55:667	Fenix:endEffector	debug	0.0,-93.00000000000001,0.3788888888888889
2025-02-16 15:21:55:668	Fenix:stateModels	debug	START, START, START, START, START, START, START, START, START, START
2025-02-16 15:21:55:670	Fenix:buttonPresses	debug	0.0
2025-02-16 15:21:55:699	Fenix:drivetrain	debug	0.0,-0.0,-0.0,-0.0,0.0,3.0,3.0,0.0
2025-02-16 15:21:55:712	Fenix:arm	debug	0.0,13.0,1.0,0.0,0.0,1.0,32.0
2025-02-16 15:21:55:714	Fenix:endEffector	debug	0.0,-93.00000000000001,0.3788888888888889
2025-02-16 15:21:55:716	Fenix:stateModels	debug	START, START, START, START, START, START, START, START, START, START
2025-02-16 15:21:55:718	Fenix:buttonPresses	debug	0.0
2025-02-16 15:21:55:758	Fenix:drivetrain	debug	0.0,-0.0,-0.0,-0.0,3.0,0.0,3.0,3.0
2025-02-16 15:21:55:772	Fenix:arm	debug	0.0,13.0,1.0,3.0,0.0,1.0,29.0
2025-02-16 15:21:55:776	Fenix:endEffector	debug	0.0,-93.00000000000001,0.3788888888888889
2025-02-16 15:21:55:777	Fenix:stateModels	debug	START, START, START, START, START, START, START, START, START, START
2025-02-16 15:21:55:780	Fenix:buttonPresses	debug	0.0
2025-02-16 15:21:55:812	Fenix:drivetrain	debug	0.0,-0.0,-0.0,-0.0,3.0,3.0,3.0,3.0
2025-02-16 15:21:55:825	Fenix:arm	debug	0.0,13.0,1.0,0.0,0.0,1.0,29.0
2025-02-16 15:21:55:828	Fenix:endEffector	debug	0.0,-93.00000000000001,0.3788888888888889
2025-02-16 15:21:55:830	Fenix:stateModels	debug	START, START, START, START, START, START, START, START, START, START
2025-02-16 15:21:55:831	Fenix:buttonPresses	debug	0.0
2025-02-16 15:21:55:889	Fenix:drivetrain	debug	0.0,-0.0,-0.0,-0.0,0.0,0.0,3.0,0.0
2025-02-16 15:21:55:902	Fenix:arm	debug	0.0,13.0,1.0,3.0,0.0,1.0,29.0
2025-02-16 15:21:55:906	Fenix:endEffector	debug	0.0,-93.00000000000001,0.3788888888888889
2025-02-16 15:21:55:908	Fenix:stateModels	debug	START, START, START, START, START, START, START, START, START, START
2025-02-16 15:21:55:910	Fenix:buttonPresses	debug	0.0
2025-02-16 15:21:55:940	Fenix:drivetrain	debug	0.0,-0.0,-0.0,-0.0,3.0,0.0,3.0,0.0
2025-02-16 15:21:55:952	Fenix:arm	debug	0.0,13.0,1.0,10.0,0.0,1.0,32.0
2025-02-16 15:21:55:954	Fenix:endEffector	debug	0.0,-93.00000000000001,0.3788888888888889
2025-02-16 15:21:55:956	Fenix:stateModels	debug	START, START, START, START, START, START, START, START, START, START
2025-02-16 15:21:55:958	Fenix:buttonPresses	debug	0.0
2025-02-16 15:21:55:986	Fenix:drivetrain	debug	0.0,-0.0,-0.0,-0.0,3.0,0.0,3.0,0.0
2025-02-16 15:21:55:998	Fenix:arm	debug	0.0,13.0,1.0,7.0,0.0,1.0,29.0
2025-02-16 15:21:56:000	Fenix:endEffector	debug	0.0,-93.00000000000001,0.3788888888888889
2025-02-16 15:21:56:002	Fenix:stateModels	debug	START, START, START, START, START, START, START, START, START, START
2025-02-16 15:21:56:004	Fenix:buttonPresses	debug	0.0
2025-02-16 15:21:56:036	Fenix:drivetrain	debug	0.0,-0.0,-0.0,-0.0,0.0,0.0,3.0,0.0
2025-02-16 15:21:56:049	Fenix:arm	debug	0.0,13.0,1.0,10.0,0.0,1.0,29.0
2025-02-16 15:21:56:051	Fenix:endEffector	debug	0.0,-93.00000000000001,0.3788888888888889
2025-02-16 15:21:56:053	Fenix:stateModels	debug	START, START, START, START, START, START, START, START, START, START
2025-02-16 15:21:56:056	Fenix:buttonPresses	debug	0.0
2025-02-16 15:21:56:086	Fenix:drivetrain	debug	0.0,-0.0,-0.0,-0.0,0.0,0.0,3.0,14.0
2025-02-16 15:21:56:100	Fenix:arm	debug	0.0,13.0,1.0,10.0,0.0,1.0,25.0
2025-02-16 15:21:56:103	Fenix:endEffector	debug	0.0,-93.00000000000001,0.3788888888888889
2025-02-16 15:21:56:106	Fenix:stateModels	debug	START, START, START, START, START, START, START, START, START, START
2025-02-16 15:21:56:109	Fenix:buttonPresses	debug	0.0
2025-02-16 15:21:56:154	Fenix:drivetrain	debug	0.0,-0.0,-0.0,-0.0,0.0,3.0,7.0,3.0
2025-02-16 15:21:56:167	Fenix:arm	debug	0.0,13.0,1.0,3.0,0.0,1.0,29.0
2025-02-16 15:21:56:170	Fenix:endEffector	debug	0.0,-93.00000000000001,0.3788888888888889
2025-02-16 15:21:56:172	Fenix:stateModels	debug	START, START, START, START, START, START, START, START, START, START
2025-02-16 15:21:56:174	Fenix:buttonPresses	debug	0.0
2025-02-16 15:21:56:205	Fenix:drivetrain	debug	0.0,-0.0,-0.0,-0.0,0.0,0.0,3.0,3.0
2025-02-16 15:21:56:216	Fenix:arm	debug	0.0,13.0,1.0,3.0,0.0,1.0,29.0
2025-02-16 15:21:56:217	Fenix:endEffector	debug	0.0,-93.00000000000001,0.3788888888888889
2025-02-16 15:21:56:219	Fenix:stateModels	debug	START, START, START, START, START, START, START, START, START, START
2025-02-16 15:21:56:221	Fenix:buttonPresses	debug	0.0
2025-02-16 15:21:56:246	Fenix:drivetrain	debug	0.0,-0.0,-0.0,-0.0,3.0,0.0,7.0,3.0
2025-02-16 15:21:56:256	Fenix:arm	debug	0.0,13.0,1.0,7.0,0.0,1.0,32.0
2025-02-16 15:21:56:258	Fenix:endEffector	debug	0.0,-93.00000000000001,0.3788888888888889
2025-02-16 15:21:56:259	Fenix:stateModels	debug	START, START, START, START, START, START, START, START, START, START
2025-02-16 15:21:56:261	Fenix:buttonPresses	debug	0.0
2025-02-16 15:21:56:295	Fenix:drivetrain	debug	0.0,-0.0,-0.0,-0.0,3.0,3.0,3.0,0.0
2025-02-16 15:21:56:310	Fenix:arm	debug	0.0,13.0,1.0,0.0,0.0,1.0,32.0
2025-02-16 15:21:56:313	Fenix:endEffector	debug	0.0,-93.00000000000001,0.3788888888888889
2025-02-16 15:21:56:315	Fenix:stateModels	debug	START, START, START, START, START, START, START, START, START, START
2025-02-16 15:21:56:317	Fenix:buttonPresses	debug	0.0
2025-02-16 15:21:56:352	Fenix:drivetrain	debug	0.0,-0.0,-0.0,-0.0,0.0,0.0,3.0,3.0
2025-02-16 15:21:56:366	Fenix:arm	debug	0.0,13.0,1.0,0.0,0.0,1.0,32.0
2025-02-16 15:21:56:370	Fenix:endEffector	debug	0.0,-93.00000000000001,0.3788888888888889
2025-02-16 15:21:56:373	Fenix:stateModels	debug	START, START, START, START, START, START, START, START, START, START
2025-02-16 15:21:56:375	Fenix:buttonPresses	debug	0.0
2025-02-16 15:21:56:408	Fenix:drivetrain	debug	0.0,-0.0,-0.0,-0.0,3.0,0.0,3.0,0.0
2025-02-16 15:21:56:424	Fenix:arm	debug	0.0,13.0,1.0,10.0,0.0,1.0,29.0
2025-02-16 15:21:56:428	Fenix:endEffector	debug	0.0,-93.00000000000001,0.3788888888888889
2025-02-16 15:21:56:430	Fenix:stateModels	debug	START, START, START, START, START, START, START, START, START, START
2025-02-16 15:21:56:433	Fenix:buttonPresses	debug	0.0
2025-02-16 15:21:56:462	Fenix:drivetrain	debug	0.0,-0.0,-0.0,-0.0,3.0,0.0,3.0,3.0
2025-02-16 15:21:56:474	Fenix:arm	debug	0.0,13.0,1.0,3.0,0.0,1.0,29.0
2025-02-16 15:21:56:476	Fenix:endEffector	debug	0.0,-93.00000000000001,0.3788888888888889
2025-02-16 15:21:56:479	Fenix:stateModels	debug	START, START, START, START, START, START, START, START, START, START
2025-02-16 15:21:56:481	Fenix:buttonPresses	debug	0.0
2025-02-16 15:21:56:509	Fenix:drivetrain	debug	0.0,-0.0,-0.0,-0.0,3.0,0.0,3.0,3.0
2025-02-16 15:21:56:522	Fenix:arm	debug	0.0,13.0,1.0,3.0,0.0,1.0,29.0
2025-02-16 15:21:56:524	Fenix:endEffector	debug	0.0,-93.00000000000001,0.3788888888888889
2025-02-16 15:21:56:526	Fenix:stateModels	debug	START, START, START, START, START, START, START, START, START, START
2025-02-16 15:21:56:528	Fenix:buttonPresses	debug	0.0
2025-02-16 15:21:56:556	Fenix:drivetrain	debug	0.0,-0.0,-0.0,-0.0,0.0,0.0,3.0,0.0
2025-02-16 15:21:56:567	Fenix:arm	debug	0.0,13.0,1.0,3.0,0.0,1.0,29.0
2025-02-16 15:21:56:569	Fenix:endEffector	debug	0.0,-93.00000000000001,0.3788888888888889
2025-02-16 15:21:56:571	Fenix:stateModels	debug	START, START, START, START, START, START, START, START, START, START
2025-02-16 15:21:56:573	Fenix:buttonPresses	debug	0.0
2025-02-16 15:21:56:599	Fenix:drivetrain	debug	0.0,-0.0,-0.0,-0.0,3.0,3.0,7.0,3.0
2025-02-16 15:21:56:610	Fenix:arm	debug	0.0,13.0,1.0,7.0,0.0,1.0,32.0
2025-02-16 15:21:56:612	Fenix:endEffector	debug	0.0,-93.00000000000001,0.3788888888888889
2025-02-16 15:21:56:614	Fenix:stateModels	debug	START, START, START, START, START, START, START, START, START, START
2025-02-16 15:21:56:616	Fenix:buttonPresses	debug	0.0
2025-02-16 15:21:56:653	Fenix:drivetrain	debug	0.0,-0.0,-0.0,-0.0,0.0,3.0,3.0,3.0
2025-02-16 15:21:56:666	Fenix:arm	debug	0.0,13.0,1.0,3.0,0.0,1.0,32.0
2025-02-16 15:21:56:668	Fenix:endEffector	debug	0.0,-93.00000000000001,0.3788888888888889
2025-02-16 15:21:56:670	Fenix:stateModels	debug	START, START, START, START, START, START, START, START, START, START
2025-02-16 15:21:56:672	Fenix:buttonPresses	debug	0.0
2025-02-16 15:21:56:700	Fenix:drivetrain	debug	0.0,-0.0,-0.0,-0.0,0.0,3.0,3.0,0.0
2025-02-16 15:21:56:711	Fenix:arm	debug	0.0,13.0,1.0,10.0,0.0,1.0,29.0
2025-02-16 15:21:56:713	Fenix:endEffector	debug	0.0,-93.00000000000001,0.3788888888888889
2025-02-16 15:21:56:715	Fenix:stateModels	debug	START, START, START, START, START, START, START, START, START, START
2025-02-16 15:21:56:717	Fenix:buttonPresses	debug	0.0
2025-02-16 15:21:56:743	Fenix:drivetrain	debug	0.0,-0.0,-0.0,-0.0,0.0,3.0,3.0,0.0
2025-02-16 15:21:56:754	Fenix:arm	debug	0.0,13.0,1.0,10.0,0.0,1.0,29.0
2025-02-16 15:21:56:756	Fenix:endEffector	debug	0.0,-93.00000000000001,0.3788888888888889
2025-02-16 15:21:56:758	Fenix:stateModels	debug	START, START, START, START, START, START, START, START, START, START
2025-02-16 15:21:56:759	Fenix:buttonPresses	debug	0.0
2025-02-16 15:21:56:786	Fenix:drivetrain	debug	0.0,-0.0,-0.0,-0.0,3.0,0.0,3.0,0.0
2025-02-16 15:21:56:797	Fenix:arm	debug	0.0,13.0,1.0,3.0,0.0,1.0,29.0
2025-02-16 15:21:56:799	Fenix:endEffector	debug	0.0,-93.00000000000001,0.3788888888888889
2025-02-16 15:21:56:800	Fenix:stateModels	debug	START, START, START, START, START, START, START, START, START, START
2025-02-16 15:21:56:801	Fenix:buttonPresses	debug	0.0
2025-02-16 15:21:56:837	Fenix:drivetrain	debug	0.0,-0.0,-0.0,-0.0,3.0,0.0,3.0,3.0
2025-02-16 15:21:56:851	Fenix:arm	debug	0.0,13.0,1.0,10.0,0.0,1.0,29.0
2025-02-16 15:21:56:854	Fenix:endEffector	debug	0.0,-93.00000000000001,0.3788888888888889
2025-02-16 15:21:56:856	Fenix:stateModels	debug	START, START, START, START, START, START, START, START, START, START
2025-02-16 15:21:56:858	Fenix:buttonPresses	debug	0.0
2025-02-16 15:21:56:892	Fenix:drivetrain	debug	0.0,-0.0,-0.0,-0.0,3.0,0.0,3.0,0.0
2025-02-16 15:21:56:906	Fenix:arm	debug	0.0,13.0,1.0,7.0,0.0,1.0,29.0
2025-02-16 15:21:56:910	Fenix:endEffector	debug	0.0,-93.00000000000001,0.3788888888888889
2025-02-16 15:21:56:912	Fenix:stateModels	debug	START, START, START, START, START, START, START, START, START, START
2025-02-16 15:21:56:914	Fenix:buttonPresses	debug	0.0
2025-02-16 15:21:56:940	Fenix:drivetrain	debug	0.0,-0.0,-0.0,-0.0,0.0,0.0,3.0,3.0
2025-02-16 15:21:56:954	Fenix:arm	debug	0.0,13.0,1.0,3.0,0.0,1.0,29.0
2025-02-16 15:21:56:957	Fenix:endEffector	debug	0.0,-93.00000000000001,0.3788888888888889
2025-02-16 15:21:56:959	Fenix:stateModels	debug	START, START, START, START, START, START, START, START, START, START
2025-02-16 15:21:56:961	Fenix:buttonPresses	debug	0.0
2025-02-16 15:21:56:988	Fenix:drivetrain	debug	0.0,-0.0,-0.0,-0.0,3.0,3.0,3.0,0.0
2025-02-16 15:21:56:998	Fenix:arm	debug	0.0,13.0,1.0,3.0,0.0,1.0,29.0
2025-02-16 15:21:57:000	Fenix:endEffector	debug	0.0,-93.00000000000001,0.3788888888888889
2025-02-16 15:21:57:002	Fenix:stateModels	debug	START, START, START, START, START, START, START, START, START, START
2025-02-16 15:21:57:003	Fenix:buttonPresses	debug	0.0
2025-02-16 15:21:57:030	Fenix:drivetrain	debug	0.0,-0.0,-0.0,-0.0,0.0,0.0,3.0,3.0
2025-02-16 15:21:57:040	Fenix:arm	debug	0.0,13.0,1.0,10.0,0.0,1.0,29.0
2025-02-16 15:21:57:043	Fenix:endEffector	debug	0.0,-93.00000000000001,0.3788888888888889
2025-02-16 15:21:57:044	Fenix:stateModels	debug	START, START, START, START, START, START, START, START, START, START
2025-02-16 15:21:57:046	Fenix:buttonPresses	debug	0.0
2025-02-16 15:21:57:074	Fenix:drivetrain	debug	0.0,-0.0,-0.0,-0.0,0.0,0.0,3.0,0.0
2025-02-16 15:21:57:084	Fenix:arm	debug	0.0,13.0,1.0,0.0,0.0,1.0,25.0
2025-02-16 15:21:57:086	Fenix:endEffector	debug	0.0,-93.00000000000001,0.3788888888888889
2025-02-16 15:21:57:088	Fenix:stateModels	debug	START, START, START, START, START, START, START, START, START, START
2025-02-16 15:21:57:089	Fenix:buttonPresses	debug	0.0
2025-02-16 15:21:57:116	Fenix:drivetrain	debug	0.0,-0.0,-0.0,-0.0,0.0,3.0,7.0,3.0
2025-02-16 15:21:57:127	Fenix:arm	debug	0.0,13.0,1.0,7.0,0.0,1.0,29.0
2025-02-16 15:21:57:129	Fenix:endEffector	debug	0.0,-93.00000000000001,0.3788888888888889
2025-02-16 15:21:57:131	Fenix:stateModels	debug	START, START, START, START, START, START, START, START, START, START
2025-02-16 15:21:57:133	Fenix:buttonPresses	debug	0.0
2025-02-16 15:21:57:169	Fenix:drivetrain	debug	0.0,-0.0,-0.0,-0.0,3.0,3.0,3.0,0.0
2025-02-16 15:21:57:180	Fenix:arm	debug	0.0,13.0,1.0,10.0,0.0,1.0,25.0
2025-02-16 15:21:57:182	Fenix:endEffector	debug	0.0,-93.00000000000001,0.3788888888888889
2025-02-16 15:21:57:184	Fenix:stateModels	debug	START, START, START, START, START, START, START, START, START, START
2025-02-16 15:21:57:187	Fenix:buttonPresses	debug	0.0
2025-02-16 15:21:57:214	Fenix:drivetrain	debug	0.0,-0.0,-0.0,-0.0,3.0,0.0,3.0,0.0
2025-02-16 15:21:57:224	Fenix:arm	debug	0.0,13.0,1.0,7.0,0.0,1.0,29.0
2025-02-16 15:21:57:226	Fenix:endEffector	debug	0.0,-93.00000000000001,0.3788888888888889
2025-02-16 15:21:57:228	Fenix:stateModels	debug	START, START, START, START, START, START, START, START, START, START
2025-02-16 15:21:57:229	Fenix:buttonPresses	debug	0.0
2025-02-16 15:21:57:256	Fenix:drivetrain	debug	0.0,-0.0,-0.0,-0.0,0.0,0.0,3.0,3.0
2025-02-16 15:21:57:265	Fenix:arm	debug	0.0,13.0,1.0,3.0,0.0,1.0,29.0
2025-02-16 15:21:57:267	Fenix:endEffector	debug	0.0,-93.00000000000001,0.3788888888888889
2025-02-16 15:21:57:268	Fenix:stateModels	debug	START, START, START, START, START, START, START, START, START, START
2025-02-16 15:21:57:270	Fenix:buttonPresses	debug	0.0
2025-02-16 15:21:57:294	Fenix:drivetrain	debug	0.0,-0.0,-0.0,-0.0,0.0,3.0,3.0,10.0
2025-02-16 15:21:57:304	Fenix:arm	debug	0.0,13.0,1.0,10.0,0.0,1.0,29.0
2025-02-16 15:21:57:306	Fenix:endEffector	debug	0.0,-93.00000000000001,0.3788888888888889
2025-02-16 15:21:57:307	Fenix:stateModels	debug	START, START, START, START, START, START, START, START, START, START
2025-02-16 15:21:57:309	Fenix:buttonPresses	debug	0.0
2025-02-16 15:21:57:346	Fenix:drivetrain	debug	0.0,-0.0,-0.0,-0.0,3.0,0.0,3.0,0.0
2025-02-16 15:21:57:359	Fenix:arm	debug	0.0,13.0,1.0,3.0,0.0,1.0,29.0
2025-02-16 15:21:57:362	Fenix:endEffector	debug	0.0,-93.00000000000001,0.3788888888888889
2025-02-16 15:21:57:364	Fenix:stateModels	debug	START, START, START, START, START, START, START, START, START, START
2025-02-16 15:21:57:365	Fenix:buttonPresses	debug	0.0
2025-02-16 15:21:57:399	Fenix:drivetrain	debug	0.0,-0.0,-0.0,-0.0,0.0,0.0,3.0,3.0
2025-02-16 15:21:57:414	Fenix:arm	debug	0.0,13.0,1.0,0.0,0.0,1.0,32.0
2025-02-16 15:21:57:417	Fenix:endEffector	debug	0.0,-93.00000000000001,0.3788888888888889
2025-02-16 15:21:57:419	Fenix:stateModels	debug	START, START, START, START, START, START, START, START, START, START
2025-02-16 15:21:57:421	Fenix:buttonPresses	debug	0.0
2025-02-16 15:21:57:450	Fenix:drivetrain	debug	0.0,-0.0,-0.0,-0.0,3.0,0.0,7.0,0.0
2025-02-16 15:21:57:463	Fenix:arm	debug	0.0,13.0,1.0,7.0,0.0,1.0,29.0
2025-02-16 15:21:57:466	Fenix:endEffector	debug	0.0,-93.00000000000001,0.3788888888888889
2025-02-16 15:21:57:468	Fenix:stateModels	debug	START, START, START, START, START, START, START, START, START, START
2025-02-16 15:21:57:469	Fenix:buttonPresses	debug	0.0
2025-02-16 15:21:57:496	Fenix:drivetrain	debug	0.0,-0.0,-0.0,-0.0,3.0,0.0,3.0,3.0
2025-02-16 15:21:57:507	Fenix:arm	debug	0.0,13.0,1.0,3.0,0.0,1.0,29.0
2025-02-16 15:21:57:509	Fenix:endEffector	debug	0.0,-93.00000000000001,0.3788888888888889
2025-02-16 15:21:57:510	Fenix:stateModels	debug	START, START, START, START, START, START, START, START, START, START
2025-02-16 15:21:57:512	Fenix:buttonPresses	debug	0.0
2025-02-16 15:21:57:539	Fenix:drivetrain	debug	0.0,-0.0,-0.0,-0.0,0.0,3.0,3.0,0.0
2025-02-16 15:21:57:550	Fenix:arm	debug	0.0,13.0,1.0,3.0,0.0,1.0,29.0
2025-02-16 15:21:57:552	Fenix:endEffector	debug	0.0,-93.00000000000001,0.3788888888888889
2025-02-16 15:21:57:554	Fenix:stateModels	debug	START, START, START, START, START, START, START, START, START, START
2025-02-16 15:21:57:555	Fenix:buttonPresses	debug	0.0
2025-02-16 15:21:57:582	Fenix:drivetrain	debug	0.0,-0.0,-0.0,-0.0,0.0,3.0,3.0,0.0
2025-02-16 15:21:57:592	Fenix:arm	debug	0.0,13.0,1.0,0.0,0.0,1.0,32.0
2025-02-16 15:21:57:594	Fenix:endEffector	debug	0.0,-93.00000000000001,0.3788888888888889
2025-02-16 15:21:57:596	Fenix:stateModels	debug	START, START, START, START, START, START, START, START, START, START
2025-02-16 15:21:57:598	Fenix:buttonPresses	debug	0.0
2025-02-16 15:21:57:625	Fenix:drivetrain	debug	0.0,-0.0,-0.0,-0.0,3.0,0.0,3.0,0.0
2025-02-16 15:21:57:637	Fenix:arm	debug	0.0,13.0,1.0,0.0,0.0,1.0,25.0
2025-02-16 15:21:57:639	Fenix:endEffector	debug	0.0,-93.00000000000001,0.3788888888888889
2025-02-16 15:21:57:641	Fenix:stateModels	debug	START, START, START, START, START, START, START, START, START, START
2025-02-16 15:21:57:643	Fenix:buttonPresses	debug	0.0
2025-02-16 15:21:57:683	Fenix:drivetrain	debug	0.0,-0.0,-0.0,-0.0,3.0,0.0,3.0,0.0
2025-02-16 15:21:57:695	Fenix:arm	debug	0.0,13.0,1.0,0.0,0.0,1.0,29.0
2025-02-16 15:21:57:697	Fenix:endEffector	debug	0.0,-93.00000000000001,0.3788888888888889
2025-02-16 15:21:57:700	Fenix:stateModels	debug	START, START, START, START, START, START, START, START, START, START
2025-02-16 15:21:57:702	Fenix:buttonPresses	debug	0.0
2025-02-16 15:21:57:733	Fenix:drivetrain	debug	0.0,-0.0,-0.0,-0.0,0.0,0.0,3.0,3.0
2025-02-16 15:21:57:745	Fenix:arm	debug	0.0,13.0,1.0,0.0,0.0,1.0,29.0
2025-02-16 15:21:57:747	Fenix:endEffector	debug	0.0,-93.00000000000001,0.3788888888888889
2025-02-16 15:21:57:749	Fenix:stateModels	debug	START, START, START, START, START, START, START, START, START, START
2025-02-16 15:21:57:751	Fenix:buttonPresses	debug	0.0
2025-02-16 15:21:57:780	Fenix:drivetrain	debug	0.0,-0.0,-0.0,-0.0,0.0,0.0,3.0,0.0
2025-02-16 15:21:57:792	Fenix:arm	debug	0.0,13.0,1.0,7.0,0.0,1.0,25.0
2025-02-16 15:21:57:794	Fenix:endEffector	debug	0.0,-93.00000000000001,0.3788888888888889
2025-02-16 15:21:57:797	Fenix:stateModels	debug	START, START, START, START, START, START, START, START, START, START
2025-02-16 15:21:57:799	Fenix:buttonPresses	debug	0.0
2025-02-16 15:21:57:828	Fenix:drivetrain	debug	0.0,-0.0,-0.0,-0.0,0.0,0.0,7.0,0.0
2025-02-16 15:21:57:841	Fenix:arm	debug	0.0,13.0,1.0,10.0,0.0,1.0,29.0
2025-02-16 15:21:57:843	Fenix:endEffector	debug	0.0,-93.00000000000001,0.3788888888888889
2025-02-16 15:21:57:845	Fenix:stateModels	debug	START, START, START, START, START, START, START, START, START, START
2025-02-16 15:21:57:847	Fenix:buttonPresses	debug	0.0
2025-02-16 15:21:57:882	Fenix:drivetrain	debug	0.0,-0.0,-0.0,-0.0,0.0,0.0,3.0,0.0
2025-02-16 15:21:57:897	Fenix:arm	debug	0.0,13.0,1.0,10.0,0.0,1.0,29.0
2025-02-16 15:21:57:900	Fenix:endEffector	debug	0.0,-93.00000000000001,0.3788888888888889
2025-02-16 15:21:57:902	Fenix:stateModels	debug	START, START, START, START, START, START, START, START, START, START
2025-02-16 15:21:57:905	Fenix:buttonPresses	debug	0.0
2025-02-16 15:21:57:975	Fenix:drivetrain	debug	0.0,-0.0,-0.0,-0.0,0.0,0.0,3.0,0.0
2025-02-16 15:21:57:988	Fenix:arm	debug	0.0,13.0,1.0,3.0,0.0,1.0,29.0
2025-02-16 15:21:57:993	Fenix:endEffector	debug	0.0,-93.00000000000001,0.3788888888888889
2025-02-16 15:21:57:994	Fenix:stateModels	debug	START, START, START, START, START, START, START, START, START, START
2025-02-16 15:21:57:996	Fenix:buttonPresses	debug	0.0
2025-02-16 15:21:58:022	Fenix:drivetrain	debug	0.0,-0.0,-0.0,-0.0,0.0,0.0,3.0,3.0
2025-02-16 15:21:58:033	Fenix:arm	debug	0.0,13.0,1.0,3.0,0.0,1.0,29.0
2025-02-16 15:21:58:035	Fenix:endEffector	debug	0.0,-93.00000000000001,0.3788888888888889
2025-02-16 15:21:58:037	Fenix:stateModels	debug	START, START, START, START, START, START, START, START, START, START
2025-02-16 15:21:58:038	Fenix:buttonPresses	debug	0.0
2025-02-16 15:21:58:065	Fenix:drivetrain	debug	0.0,-0.0,-0.0,-0.0,3.0,0.0,3.0,0.0
2025-02-16 15:21:58:076	Fenix:arm	debug	0.0,13.0,1.0,0.0,0.0,1.0,29.0
2025-02-16 15:21:58:078	Fenix:endEffector	debug	0.0,-93.00000000000001,0.3788888888888889
2025-02-16 15:21:58:079	Fenix:stateModels	debug	START, START, START, START, START, START, START, START, START, START
2025-02-16 15:21:58:081	Fenix:buttonPresses	debug	0.0
2025-02-16 15:21:58:109	Fenix:drivetrain	debug	0.0,-0.0,-0.0,-0.0,0.0,0.0,3.0,3.0
2025-02-16 15:21:58:120	Fenix:arm	debug	0.0,13.0,1.0,14.0,0.0,1.0,29.0
2025-02-16 15:21:58:122	Fenix:endEffector	debug	0.0,-93.00000000000001,0.3788888888888889
2025-02-16 15:21:58:124	Fenix:stateModels	debug	START, START, START, START, START, START, START, START, START, START
2025-02-16 15:21:58:126	Fenix:buttonPresses	debug	0.0
2025-02-16 15:21:58:156	Fenix:drivetrain	debug	0.0,-0.0,-0.0,-0.0,0.0,3.0,3.0,0.0
2025-02-16 15:21:58:167	Fenix:arm	debug	0.0,13.0,1.0,3.0,0.0,1.0,32.0
2025-02-16 15:21:58:169	Fenix:endEffector	debug	0.0,-93.00000000000001,0.3788888888888889
2025-02-16 15:21:58:171	Fenix:stateModels	debug	START, START, START, START, START, START, START, START, START, START
2025-02-16 15:21:58:173	Fenix:buttonPresses	debug	0.0
2025-02-16 15:21:58:208	Fenix:drivetrain	debug	0.0,-0.0,-0.0,-0.0,0.0,0.0,3.0,0.0
2025-02-16 15:21:58:219	Fenix:arm	debug	0.0,13.0,1.0,0.0,0.0,1.0,29.0
2025-02-16 15:21:58:221	Fenix:endEffector	debug	0.0,-93.00000000000001,0.3788888888888889
2025-02-16 15:21:58:223	Fenix:stateModels	debug	START, START, START, START, START, START, START, START, START, START
2025-02-16 15:21:58:224	Fenix:buttonPresses	debug	0.0
2025-02-16 15:21:58:253	Fenix:drivetrain	debug	0.0,-0.0,-0.0,-0.0,0.0,0.0,3.0,0.0
2025-02-16 15:21:58:265	Fenix:arm	debug	0.0,13.0,1.0,3.0,0.0,1.0,29.0
2025-02-16 15:21:58:267	Fenix:endEffector	debug	0.0,-93.00000000000001,0.3788888888888889
2025-02-16 15:21:58:268	Fenix:stateModels	debug	START, START, START, START, START, START, START, START, START, START
2025-02-16 15:21:58:270	Fenix:buttonPresses	debug	0.0
2025-02-16 15:21:58:301	Fenix:drivetrain	debug	0.0,-0.0,-0.0,-0.0,3.0,0.0,3.0,0.0
2025-02-16 15:21:58:312	Fenix:arm	debug	0.0,13.0,1.0,10.0,0.0,1.0,32.0
2025-02-16 15:21:58:315	Fenix:endEffector	debug	0.0,-93.00000000000001,0.3788888888888889
2025-02-16 15:21:58:317	Fenix:stateModels	debug	START, START, START, START, START, START, START, START, START, START
2025-02-16 15:21:58:319	Fenix:buttonPresses	debug	0.0
2025-02-16 15:21:58:349	Fenix:drivetrain	debug	0.0,-0.0,-0.0,-0.0,3.0,0.0,7.0,0.0
2025-02-16 15:21:58:362	Fenix:arm	debug	0.0,13.0,1.0,7.0,0.0,1.0,29.0
2025-02-16 15:21:58:364	Fenix:endEffector	debug	0.0,-93.00000000000001,0.3788888888888889
2025-02-16 15:21:58:366	Fenix:stateModels	debug	START, START, START, START, START, START, START, START, START, START
2025-02-16 15:21:58:368	Fenix:buttonPresses	debug	0.0
2025-02-16 15:21:58:407	Fenix:drivetrain	debug	0.0,-0.0,-0.0,-0.0,3.0,0.0,7.0,0.0
2025-02-16 15:21:58:423	Fenix:arm	debug	0.0,13.0,1.0,0.0,0.0,1.0,36.0
2025-02-16 15:21:58:427	Fenix:endEffector	debug	0.0,-93.00000000000001,0.3788888888888889
2025-02-16 15:21:58:428	Fenix:stateModels	debug	START, START, START, START, START, START, START, START, START, START
2025-02-16 15:21:58:430	Fenix:buttonPresses	debug	0.0
2025-02-16 15:21:58:464	Fenix:drivetrain	debug	0.0,-0.0,-0.0,-0.0,0.0,0.0,3.0,3.0
2025-02-16 15:21:58:477	Fenix:arm	debug	0.0,13.0,1.0,10.0,0.0,1.0,32.0
2025-02-16 15:21:58:479	Fenix:endEffector	debug	0.0,-93.00000000000001,0.3788888888888889
2025-02-16 15:21:58:480	Fenix:stateModels	debug	START, START, START, START, START, START, START, START, START, START
2025-02-16 15:21:58:482	Fenix:buttonPresses	debug	0.0
2025-02-16 15:21:58:508	Fenix:drivetrain	debug	0.0,-0.0,-0.0,-0.0,3.0,0.0,3.0,3.0
2025-02-16 15:21:58:521	Fenix:arm	debug	0.0,13.0,1.0,3.0,0.0,1.0,29.0
2025-02-16 15:21:58:525	Fenix:endEffector	debug	0.0,-93.00000000000001,0.3788888888888889
2025-02-16 15:21:58:527	Fenix:stateModels	debug	START, START, START, START, START, START, START, START, START, START
2025-02-16 15:21:58:528	Fenix:buttonPresses	debug	0.0
2025-02-16 15:21:58:556	Fenix:drivetrain	debug	0.0,-0.0,-0.0,-0.0,3.0,0.0,7.0,3.0
2025-02-16 15:21:58:566	Fenix:arm	debug	0.0,13.0,1.0,3.0,0.0,1.0,25.0
2025-02-16 15:21:58:568	Fenix:endEffector	debug	0.0,-93.00000000000001,0.3788888888888889
2025-02-16 15:21:58:570	Fenix:stateModels	debug	START, START, START, START, START, START, START, START, START, START
2025-02-16 15:21:58:571	Fenix:buttonPresses	debug	0.0
2025-02-16 15:21:58:598	Fenix:drivetrain	debug	0.0,-0.0,-0.0,-0.0,3.0,3.0,3.0,3.0
2025-02-16 15:21:58:609	Fenix:arm	debug	0.0,13.0,1.0,0.0,0.0,1.0,29.0
2025-02-16 15:21:58:610	Fenix:endEffector	debug	0.0,-93.00000000000001,0.3788888888888889
2025-02-16 15:21:58:612	Fenix:stateModels	debug	START, START, START, START, START, START, START, START, START, START
2025-02-16 15:21:58:613	Fenix:buttonPresses	debug	0.0
2025-02-16 15:21:58:640	Fenix:drivetrain	debug	0.0,-0.0,-0.0,-0.0,0.0,0.0,3.0,0.0
2025-02-16 15:21:58:651	Fenix:arm	debug	0.0,13.0,1.0,10.0,0.0,1.0,29.0
2025-02-16 15:21:58:654	Fenix:endEffector	debug	0.0,-93.00000000000001,0.3788888888888889
2025-02-16 15:21:58:656	Fenix:stateModels	debug	START, START, START, START, START, START, START, START, START, START
2025-02-16 15:21:58:657	Fenix:buttonPresses	debug	0.0
2025-02-16 15:21:58:690	Fenix:drivetrain	debug	0.0,-0.0,-0.0,-0.0,0.0,0.0,3.0,3.0
2025-02-16 15:21:58:702	Fenix:arm	debug	0.0,13.0,1.0,3.0,0.0,1.0,29.0
2025-02-16 15:21:58:705	Fenix:endEffector	debug	0.0,-93.00000000000001,0.3788888888888889
2025-02-16 15:21:58:708	Fenix:stateModels	debug	START, START, START, START, START, START, START, START, START, START
2025-02-16 15:21:58:711	Fenix:buttonPresses	debug	0.0
2025-02-16 15:21:58:753	Fenix:drivetrain	debug	0.0,-0.0,-0.0,-0.0,0.0,0.0,3.0,0.0
2025-02-16 15:21:58:765	Fenix:arm	debug	0.0,13.0,1.0,3.0,0.0,1.0,87.0
2025-02-16 15:21:58:768	Fenix:endEffector	debug	0.0,-93.00000000000001,0.3788888888888889
2025-02-16 15:21:58:770	Fenix:stateModels	debug	START, START, START, START, START, START, START, START, START, START
2025-02-16 15:21:58:772	Fenix:buttonPresses	debug	0.0
2025-02-16 15:21:58:802	Fenix:drivetrain	debug	0.0,-0.0,-0.0,-0.0,0.0,3.0,3.0,0.0
2025-02-16 15:21:58:814	Fenix:arm	debug	0.0,13.0,1.0,7.0,0.0,1.0,116.0
2025-02-16 15:21:58:816	Fenix:endEffector	debug	0.0,-93.00000000000001,0.3788888888888889
2025-02-16 15:21:58:818	Fenix:stateModels	debug	START, START, START, START, START, START, START, START, START, START
2025-02-16 15:21:58:820	Fenix:buttonPresses	debug	0.0
2025-02-16 15:21:58:848	Fenix:drivetrain	debug	0.0,-0.0,-0.0,-0.0,0.0,0.0,7.0,0.0
2025-02-16 15:21:58:860	Fenix:arm	debug	0.0,13.0,1.0,3.0,0.0,1.0,123.0
2025-02-16 15:21:58:863	Fenix:endEffector	debug	0.0,-93.00000000000001,0.3788888888888889
2025-02-16 15:21:58:865	Fenix:stateModels	debug	START, START, START, START, START, START, START, START, START, START
2025-02-16 15:21:58:867	Fenix:buttonPresses	debug	0.0
2025-02-16 15:21:58:898	Fenix:drivetrain	debug	0.0,-0.0,-0.0,-0.0,3.0,0.0,3.0,3.0
2025-02-16 15:21:58:912	Fenix:arm	debug	0.0,13.0,1.0,3.0,0.0,1.0,120.0
2025-02-16 15:21:58:914	Fenix:endEffector	debug	0.0,-93.00000000000001,0.3788888888888889
2025-02-16 15:21:58:917	Fenix:stateModels	debug	START, START, START, START, START, START, START, START, START, START
2025-02-16 15:21:58:918	Fenix:buttonPresses	debug	0.0
2025-02-16 15:21:58:960	Fenix:drivetrain	debug	0.0,-0.0,-0.0,-0.0,0.0,3.0,3.0,3.0
2025-02-16 15:21:58:975	Fenix:arm	debug	0.0,13.0,1.0,10.0,0.0,1.0,120.0
2025-02-16 15:21:58:979	Fenix:endEffector	debug	0.0,-93.00000000000001,0.3788888888888889
2025-02-16 15:21:58:981	Fenix:stateModels	debug	START, START, START, START, START, START, START, START, START, START
2025-02-16 15:21:58:983	Fenix:buttonPresses	debug	0.0
2025-02-16 15:21:59:022	Fenix:drivetrain	debug	0.0,-0.0,-0.0,-0.0,0.0,0.0,3.0,3.0
2025-02-16 15:21:59:039	Fenix:arm	debug	0.0,13.0,1.0,3.0,0.0,1.0,127.0
2025-02-16 15:21:59:044	Fenix:endEffector	debug	0.0,-93.00000000000001,0.3788888888888889
2025-02-16 15:21:59:046	Fenix:stateModels	debug	START, START, START, START, START, START, START, START, START, START
2025-02-16 15:21:59:048	Fenix:buttonPresses	debug	0.0
2025-02-16 15:21:59:077	Fenix:drivetrain	debug	0.0,-0.0,-0.0,-0.0,0.0,3.0,3.0,14.0
2025-02-16 15:21:59:089	Fenix:arm	debug	0.0,13.0,1.0,7.0,0.0,1.0,123.0
2025-02-16 15:21:59:092	Fenix:endEffector	debug	0.0,-93.00000000000001,0.3788888888888889
2025-02-16 15:21:59:094	Fenix:stateModels	debug	START, START, START, START, START, START, START, START, START, START
2025-02-16 15:21:59:096	Fenix:buttonPresses	debug	0.0
2025-02-16 15:21:59:127	Fenix:drivetrain	debug	0.0,-0.0,-0.0,-0.0,0.0,0.0,3.0,3.0
2025-02-16 15:21:59:139	Fenix:arm	debug	0.0,13.0,1.0,0.0,0.0,1.0,120.0
2025-02-16 15:21:59:142	Fenix:endEffector	debug	0.0,-93.00000000000001,0.3788888888888889
2025-02-16 15:21:59:144	Fenix:stateModels	debug	START, START, START, START, START, START, START, START, START, START
2025-02-16 15:21:59:147	Fenix:buttonPresses	debug	0.0
2025-02-16 15:21:59:180	Fenix:drivetrain	debug	0.0,-0.0,-0.0,-0.0,3.0,0.0,3.0,0.0
2025-02-16 15:21:59:192	Fenix:arm	debug	0.0,13.0,1.0,3.0,0.0,1.0,123.0
2025-02-16 15:21:59:194	Fenix:endEffector	debug	0.0,-93.00000000000001,0.3788888888888889
2025-02-16 15:21:59:196	Fenix:stateModels	debug	START, START, START, START, START, START, START, START, START, START
2025-02-16 15:21:59:199	Fenix:buttonPresses	debug	0.0
2025-02-16 15:21:59:227	Fenix:drivetrain	debug	0.0,-0.0,-0.0,-0.0,0.0,0.0,3.0,3.0
2025-02-16 15:21:59:238	Fenix:arm	debug	0.0,13.0,1.0,3.0,0.0,1.0,123.0
2025-02-16 15:21:59:240	Fenix:endEffector	debug	0.0,-93.00000000000001,0.3788888888888889
2025-02-16 15:21:59:242	Fenix:stateModels	debug	START, START, START, START, START, START, START, START, START, START
2025-02-16 15:21:59:244	Fenix:buttonPresses	debug	0.0
2025-02-16 15:21:59:284	Fenix:drivetrain	debug	0.0,-0.0,-0.0,-0.0,0.0,0.0,3.0,3.0
2025-02-16 15:21:59:295	Fenix:arm	debug	0.0,13.0,1.0,0.0,0.0,1.0,123.0
2025-02-16 15:21:59:297	Fenix:endEffector	debug	0.0,-93.00000000000001,0.3788888888888889
2025-02-16 15:21:59:299	Fenix:stateModels	debug	START, START, START, START, START, START, START, START, START, START
2025-02-16 15:21:59:301	Fenix:buttonPresses	debug	0.0
2025-02-16 15:21:59:327	Fenix:drivetrain	debug	0.0,-0.0,-0.0,-0.0,3.0,3.0,3.0,0.0
2025-02-16 15:21:59:338	Fenix:arm	debug	0.0,13.0,1.0,3.0,0.0,1.0,123.0
2025-02-16 15:21:59:340	Fenix:endEffector	debug	0.0,-93.00000000000001,0.3788888888888889
2025-02-16 15:21:59:342	Fenix:stateModels	debug	START, START, START, START, START, START, START, START, START, START
2025-02-16 15:21:59:344	Fenix:buttonPresses	debug	0.0
2025-02-16 15:21:59:371	Fenix:drivetrain	debug	0.0,-0.0,-0.0,-0.0,0.0,0.0,3.0,3.0
2025-02-16 15:21:59:383	Fenix:arm	debug	0.0,13.0,1.0,7.0,0.0,1.0,127.0
2025-02-16 15:21:59:385	Fenix:endEffector	debug	0.0,-93.00000000000001,0.3788888888888889
2025-02-16 15:21:59:386	Fenix:stateModels	debug	START, START, START, START, START, START, START, START, START, START
2025-02-16 15:21:59:388	Fenix:buttonPresses	debug	0.0
2025-02-16 15:21:59:416	Fenix:drivetrain	debug	0.0,-0.0,-0.0,-0.0,0.0,0.0,3.0,0.0
2025-02-16 15:21:59:428	Fenix:arm	debug	0.0,13.0,1.0,10.0,0.0,1.0,123.0
2025-02-16 15:21:59:430	Fenix:endEffector	debug	0.0,-93.00000000000001,0.3788888888888889
2025-02-16 15:21:59:431	Fenix:stateModels	debug	START, START, START, START, START, START, START, START, START, START
2025-02-16 15:21:59:433	Fenix:buttonPresses	debug	0.0
2025-02-16 15:21:59:468	Fenix:drivetrain	debug	0.0,-0.0,-0.0,-0.0,0.0,3.0,3.0,7.0
2025-02-16 15:21:59:482	Fenix:arm	debug	0.0,13.0,1.0,3.0,0.0,1.0,123.0
2025-02-16 15:21:59:485	Fenix:endEffector	debug	0.0,-93.00000000000001,0.3788888888888889
2025-02-16 15:21:59:487	Fenix:stateModels	debug	START, START, START, START, START, START, START, START, START, START
2025-02-16 15:21:59:489	Fenix:buttonPresses	debug	0.0
2025-02-16 15:21:59:524	Fenix:drivetrain	debug	0.0,-0.0,-0.0,-0.0,3.0,0.0,3.0,0.0
2025-02-16 15:21:59:537	Fenix:arm	debug	0.0,13.0,1.0,3.0,0.0,1.0,123.0
2025-02-16 15:21:59:539	Fenix:endEffector	debug	0.0,-93.00000000000001,0.3788888888888889
2025-02-16 15:21:59:541	Fenix:stateModels	debug	START, START, START, START, START, START, START, START, START, START
2025-02-16 15:21:59:543	Fenix:buttonPresses	debug	0.0
2025-02-16 15:21:59:572	Fenix:drivetrain	debug	0.0,-0.0,-0.0,-0.0,3.0,0.0,3.0,3.0
2025-02-16 15:21:59:587	Fenix:arm	debug	0.0,13.0,1.0,3.0,0.0,1.0,123.0
2025-02-16 15:21:59:592	Fenix:endEffector	debug	0.0,-93.00000000000001,0.3788888888888889
2025-02-16 15:21:59:594	Fenix:stateModels	debug	START, START, START, START, START, START, START, START, START, START
2025-02-16 15:21:59:596	Fenix:buttonPresses	debug	0.0
2025-02-16 15:21:59:626	Fenix:drivetrain	debug	0.0,-0.0,-0.0,-0.0,3.0,0.0,3.0,3.0
2025-02-16 15:21:59:639	Fenix:arm	debug	0.0,13.0,1.0,0.0,0.0,1.0,127.0
2025-02-16 15:21:59:641	Fenix:endEffector	debug	0.0,-93.00000000000001,0.3788888888888889
2025-02-16 15:21:59:643	Fenix:stateModels	debug	START, START, START, START, START, START, START, START, START, START
2025-02-16 15:21:59:645	Fenix:buttonPresses	debug	0.0
2025-02-16 15:21:59:678	Fenix:drivetrain	debug	0.0,-0.0,-0.0,-0.0,0.0,0.0,7.0,3.0
2025-02-16 15:21:59:690	Fenix:arm	debug	0.0,13.0,1.0,3.0,0.0,1.0,123.0
2025-02-16 15:21:59:692	Fenix:endEffector	debug	0.0,-93.00000000000001,0.3788888888888889
2025-02-16 15:21:59:694	Fenix:stateModels	debug	START, START, START, START, START, START, START, START, START, START
2025-02-16 15:21:59:696	Fenix:buttonPresses	debug	0.0
2025-02-16 15:21:59:725	Fenix:drivetrain	debug	0.0,-0.0,-0.0,-0.0,0.0,0.0,3.0,0.0
2025-02-16 15:21:59:736	Fenix:arm	debug	0.0,13.0,1.0,3.0,0.0,1.0,123.0
2025-02-16 15:21:59:738	Fenix:endEffector	debug	0.0,-93.00000000000001,0.3788888888888889
2025-02-16 15:21:59:740	Fenix:stateModels	debug	START, START, START, START, START, START, START, START, START, START
2025-02-16 15:21:59:742	Fenix:buttonPresses	debug	0.0
2025-02-16 15:21:59:784	Fenix:drivetrain	debug	0.0,-0.0,-0.0,-0.0,0.0,0.0,3.0,0.0
2025-02-16 15:21:59:796	Fenix:arm	debug	0.0,13.0,1.0,10.0,0.0,1.0,123.0
2025-02-16 15:21:59:799	Fenix:endEffector	debug	0.0,-93.00000000000001,0.3788888888888889
2025-02-16 15:21:59:801	Fenix:stateModels	debug	START, START, START, START, START, START, START, START, START, START
2025-02-16 15:21:59:804	Fenix:buttonPresses	debug	0.0
2025-02-16 15:21:59:836	Fenix:drivetrain	debug	0.0,-0.0,-0.0,-0.0,0.0,3.0,3.0,18.0
2025-02-16 15:21:59:848	Fenix:arm	debug	0.0,13.0,1.0,7.0,0.0,1.0,120.0
2025-02-16 15:21:59:852	Fenix:endEffector	debug	0.0,-93.00000000000001,0.3788888888888889
2025-02-16 15:21:59:853	Fenix:stateModels	debug	START, START, START, START, START, START, START, START, START, START
2025-02-16 15:21:59:856	Fenix:buttonPresses	debug	0.0
2025-02-16 15:21:59:887	Fenix:drivetrain	debug	0.0,-0.0,-0.0,-0.0,0.0,0.0,3.0,0.0
2025-02-16 15:21:59:902	Fenix:arm	debug	0.0,13.0,1.0,7.0,0.0,1.0,120.0
2025-02-16 15:21:59:906	Fenix:endEffector	debug	0.0,-93.00000000000001,0.3788888888888889
2025-02-16 15:21:59:908	Fenix:stateModels	debug	START, START, START, START, START, START, START, START, START, START
2025-02-16 15:21:59:910	Fenix:buttonPresses	debug	0.0
2025-02-16 15:21:59:939	Fenix:drivetrain	debug	0.0,-0.0,-0.0,-0.0,3.0,0.0,3.0,0.0
2025-02-16 15:21:59:950	Fenix:arm	debug	0.0,13.0,1.0,0.0,0.0,1.0,127.0
2025-02-16 15:21:59:952	Fenix:endEffector	debug	0.0,-93.00000000000001,0.3788888888888889
2025-02-16 15:21:59:953	Fenix:stateModels	debug	START, START, START, START, START, START, START, START, START, START
2025-02-16 15:21:59:955	Fenix:buttonPresses	debug	0.0
2025-02-16 15:22:00:025	Fenix:drivetrain	debug	0.0,-0.0,-0.0,-0.0,0.0,0.0,3.0,3.0
2025-02-16 15:22:00:040	Fenix:arm	debug	0.0,13.0,1.0,0.0,0.0,1.0,127.0
2025-02-16 15:22:00:044	Fenix:endEffector	debug	0.0,-93.00000000000001,0.3788888888888889
2025-02-16 15:22:00:046	Fenix:stateModels	debug	START, START, START, START, START, START, START, START, START, START
2025-02-16 15:22:00:048	Fenix:buttonPresses	debug	0.0
2025-02-16 15:22:00:084	Fenix:drivetrain	debug	0.0,-0.0,-0.0,-0.0,0.0,0.0,7.0,7.0
2025-02-16 15:22:00:099	Fenix:arm	debug	0.0,13.0,1.0,0.0,0.0,1.0,127.0
2025-02-16 15:22:00:104	Fenix:endEffector	debug	0.0,-93.00000000000001,0.3788888888888889
2025-02-16 15:22:00:106	Fenix:stateModels	debug	START, START, START, START, START, START, START, START, START, START
2025-02-16 15:22:00:108	Fenix:buttonPresses	debug	0.0
2025-02-16 15:22:00:137	Fenix:drivetrain	debug	0.0,-0.0,-0.0,-0.0,3.0,0.0,3.0,0.0
2025-02-16 15:22:00:148	Fenix:arm	debug	0.0,13.0,1.0,0.0,0.0,1.0,123.0
2025-02-16 15:22:00:150	Fenix:endEffector	debug	0.0,-93.00000000000001,0.3788888888888889
2025-02-16 15:22:00:152	Fenix:stateModels	debug	START, START, START, START, START, START, START, START, START, START
2025-02-16 15:22:00:153	Fenix:buttonPresses	debug	0.0
2025-02-16 15:22:00:183	Fenix:drivetrain	debug	0.0,-0.0,-0.0,-0.0,0.0,0.0,3.0,0.0
2025-02-16 15:22:00:194	Fenix:arm	debug	0.0,13.0,1.0,10.0,0.0,1.0,123.0
2025-02-16 15:22:00:196	Fenix:endEffector	debug	0.0,-93.00000000000001,0.3788888888888889
2025-02-16 15:22:00:199	Fenix:stateModels	debug	START, START, START, START, START, START, START, START, START, START
2025-02-16 15:22:00:201	Fenix:buttonPresses	debug	0.0
2025-02-16 15:22:00:229	Fenix:drivetrain	debug	0.0,-0.0,-0.0,-0.0,0.0,0.0,3.0,3.0
2025-02-16 15:22:00:240	Fenix:arm	debug	0.0,13.0,1.0,3.0,0.0,1.0,123.0
2025-02-16 15:22:00:242	Fenix:endEffector	debug	0.0,-93.00000000000001,0.3788888888888889
2025-02-16 15:22:00:243	Fenix:stateModels	debug	START, START, START, START, START, START, START, START, START, START
2025-02-16 15:22:00:245	Fenix:buttonPresses	debug	0.0
2025-02-16 15:22:00:272	Fenix:drivetrain	debug	0.0,-0.0,-0.0,-0.0,0.0,0.0,3.0,3.0
2025-02-16 15:22:00:283	Fenix:arm	debug	0.0,13.0,1.0,7.0,0.0,1.0,123.0
2025-02-16 15:22:00:284	Fenix:endEffector	debug	0.0,-93.00000000000001,0.3788888888888889
2025-02-16 15:22:00:286	Fenix:stateModels	debug	START, START, START, START, START, START, START, START, START, START
2025-02-16 15:22:00:287	Fenix:buttonPresses	debug	0.0
2025-02-16 15:22:00:325	Fenix:drivetrain	debug	0.0,-0.0,-0.0,-0.0,3.0,3.0,3.0,0.0
2025-02-16 15:22:00:336	Fenix:arm	debug	0.0,13.0,1.0,10.0,0.0,1.0,127.0
2025-02-16 15:22:00:339	Fenix:endEffector	debug	0.0,-93.00000000000001,0.3788888888888889
2025-02-16 15:22:00:340	Fenix:stateModels	debug	START, START, START, START, START, START, START, START, START, START
2025-02-16 15:22:00:342	Fenix:buttonPresses	debug	0.0
2025-02-16 15:22:00:378	Fenix:drivetrain	debug	0.0,-0.0,-0.0,-0.0,0.0,0.0,3.0,3.0
2025-02-16 15:22:00:390	Fenix:arm	debug	0.0,13.0,1.0,3.0,0.0,1.0,123.0
2025-02-16 15:22:00:392	Fenix:endEffector	debug	0.0,-93.00000000000001,0.3788888888888889
2025-02-16 15:22:00:394	Fenix:stateModels	debug	START, START, START, START, START, START, START, START, START, START
2025-02-16 15:22:00:396	Fenix:buttonPresses	debug	0.0
2025-02-16 15:22:00:426	Fenix:drivetrain	debug	0.0,-0.0,-0.0,-0.0,0.0,3.0,3.0,0.0
2025-02-16 15:22:00:438	Fenix:arm	debug	0.0,13.0,1.0,7.0,0.0,1.0,120.0
2025-02-16 15:22:00:441	Fenix:endEffector	debug	0.0,-93.00000000000001,0.3788888888888889
2025-02-16 15:22:00:444	Fenix:stateModels	debug	START, START, START, START, START, START, START, START, START, START
2025-02-16 15:22:00:446	Fenix:buttonPresses	debug	0.0
2025-02-16 15:22:00:488	Fenix:drivetrain	debug	0.0,-0.0,-0.0,-0.0,0.0,0.0,7.0,3.0
2025-02-16 15:22:00:500	Fenix:arm	debug	0.0,13.0,1.0,7.0,0.0,1.0,123.0
2025-02-16 15:22:00:503	Fenix:endEffector	debug	0.0,-93.00000000000001,0.3788888888888889
2025-02-16 15:22:00:504	Fenix:stateModels	debug	START, START, START, START, START, START, START, START, START, START
2025-02-16 15:22:00:506	Fenix:buttonPresses	debug	0.0
2025-02-16 15:22:00:545	Fenix:drivetrain	debug	0.0,-0.0,-0.0,-0.0,0.0,3.0,3.0,3.0
2025-02-16 15:22:00:559	Fenix:arm	debug	0.0,13.0,1.0,3.0,0.0,1.0,123.0
2025-02-16 15:22:00:562	Fenix:endEffector	debug	0.0,-93.00000000000001,0.3788888888888889
2025-02-16 15:22:00:563	Fenix:stateModels	debug	START, START, START, START, START, START, START, START, START, START
2025-02-16 15:22:00:565	Fenix:buttonPresses	debug	0.0
2025-02-16 15:22:00:597	Fenix:drivetrain	debug	0.0,-0.0,-0.0,-0.0,0.0,0.0,3.0,0.0
2025-02-16 15:22:00:610	Fenix:arm	debug	0.0,13.0,1.0,7.0,0.0,1.0,127.0
2025-02-16 15:22:00:614	Fenix:endEffector	debug	0.0,-93.00000000000001,0.3788888888888889
2025-02-16 15:22:00:615	Fenix:stateModels	debug	START, START, START, START, START, START, START, START, START, START
2025-02-16 15:22:00:617	Fenix:buttonPresses	debug	0.0
2025-02-16 15:22:00:647	Fenix:drivetrain	debug	0.0,-0.0,-0.0,-0.0,0.0,0.0,3.0,0.0
2025-02-16 15:22:00:659	Fenix:arm	debug	0.0,13.0,1.0,7.0,0.0,1.0,123.0
2025-02-16 15:22:00:661	Fenix:endEffector	debug	0.0,-93.00000000000001,0.3788888888888889
2025-02-16 15:22:00:664	Fenix:stateModels	debug	START, START, START, START, START, START, START, START, START, START
2025-02-16 15:22:00:666	Fenix:buttonPresses	debug	0.0
2025-02-16 15:22:00:694	Fenix:drivetrain	debug	0.0,-0.0,-0.0,-0.0,0.0,0.0,3.0,0.0
2025-02-16 15:22:00:705	Fenix:arm	debug	0.0,13.0,1.0,0.0,0.0,1.0,127.0
2025-02-16 15:22:00:706	Fenix:endEffector	debug	0.0,-93.00000000000001,0.3788888888888889
2025-02-16 15:22:00:708	Fenix:stateModels	debug	START, START, START, START, START, START, START, START, START, START
2025-02-16 15:22:00:710	Fenix:buttonPresses	debug	0.0
2025-02-16 15:22:00:737	Fenix:drivetrain	debug	0.0,-0.0,-0.0,-0.0,3.0,3.0,3.0,7.0
2025-02-16 15:22:00:748	Fenix:arm	debug	0.0,13.0,1.0,0.0,0.0,1.0,123.0
2025-02-16 15:22:00:749	Fenix:endEffector	debug	0.0,-93.00000000000001,0.3788888888888889
2025-02-16 15:22:00:751	Fenix:stateModels	debug	START, START, START, START, START, START, START, START, START, START
2025-02-16 15:22:00:752	Fenix:buttonPresses	debug	0.0
2025-02-16 15:22:00:779	Fenix:drivetrain	debug	0.0,-0.0,-0.0,-0.0,0.0,0.0,3.0,0.0
2025-02-16 15:22:00:790	Fenix:arm	debug	0.0,13.0,1.0,10.0,0.0,1.0,123.0
2025-02-16 15:22:00:792	Fenix:endEffector	debug	0.0,-93.00000000000001,0.3788888888888889
2025-02-16 15:22:00:793	Fenix:stateModels	debug	START, START, START, START, START, START, START, START, START, START
2025-02-16 15:22:00:795	Fenix:buttonPresses	debug	0.0
2025-02-16 15:22:00:832	Fenix:drivetrain	debug	0.0,-0.0,-0.0,-0.0,3.0,0.0,3.0,3.0
2025-02-16 15:22:00:844	Fenix:arm	debug	0.0,13.0,1.0,0.0,0.0,1.0,123.0
2025-02-16 15:22:00:846	Fenix:endEffector	debug	0.0,-93.00000000000001,0.3788888888888889
2025-02-16 15:22:00:847	Fenix:stateModels	debug	START, START, START, START, START, START, START, START, START, START
2025-02-16 15:22:00:849	Fenix:buttonPresses	debug	0.0
2025-02-16 15:22:00:876	Fenix:drivetrain	debug	0.0,-0.0,-0.0,-0.0,0.0,3.0,3.0,0.0
2025-02-16 15:22:00:887	Fenix:arm	debug	0.0,13.0,1.0,7.0,0.0,1.0,123.0
2025-02-16 15:22:00:889	Fenix:endEffector	debug	0.0,-93.00000000000001,0.3788888888888889
2025-02-16 15:22:00:892	Fenix:stateModels	debug	START, START, START, START, START, START, START, START, START, START
2025-02-16 15:22:00:895	Fenix:buttonPresses	debug	0.0
2025-02-16 15:22:00:928	Fenix:drivetrain	debug	0.0,-0.0,-0.0,-0.0,0.0,0.0,3.0,0.0
2025-02-16 15:22:00:941	Fenix:arm	debug	0.0,13.0,1.0,10.0,0.0,1.0,127.0
2025-02-16 15:22:00:944	Fenix:endEffector	debug	0.0,-93.00000000000001,0.3788888888888889
2025-02-16 15:22:00:946	Fenix:stateModels	debug	START, START, START, START, START, START, START, START, START, START
2025-02-16 15:22:00:948	Fenix:buttonPresses	debug	0.0
2025-02-16 15:22:00:977	Fenix:drivetrain	debug	0.0,-0.0,-0.0,-0.0,3.0,0.0,3.0,3.0
2025-02-16 15:22:00:989	Fenix:arm	debug	0.0,13.0,1.0,3.0,0.0,1.0,127.0
2025-02-16 15:22:00:991	Fenix:endEffector	debug	0.0,-93.00000000000001,0.3788888888888889
2025-02-16 15:22:00:993	Fenix:stateModels	debug	START, START, START, START, START, START, START, START, START, START
2025-02-16 15:22:00:995	Fenix:buttonPresses	debug	0.0
2025-02-16 15:22:01:023	Fenix:drivetrain	debug	0.0,-0.0,-0.0,-0.0,0.0,0.0,0.0,3.0
2025-02-16 15:22:01:035	Fenix:arm	debug	0.0,13.0,1.0,0.0,0.0,1.0,123.0
2025-02-16 15:22:01:037	Fenix:endEffector	debug	0.0,-93.00000000000001,0.3788888888888889
2025-02-16 15:22:01:039	Fenix:stateModels	debug	START, START, START, START, START, START, START, START, START, START
2025-02-16 15:22:01:041	Fenix:buttonPresses	debug	0.0
2025-02-16 15:22:01:080	Fenix:drivetrain	debug	0.0,-0.0,-0.0,-0.0,3.0,0.0,3.0,0.0
2025-02-16 15:22:01:096	Fenix:arm	debug	0.0,13.0,1.0,0.0,0.0,1.0,127.0
2025-02-16 15:22:01:100	Fenix:endEffector	debug	0.0,-93.00000000000001,0.3788888888888889
2025-02-16 15:22:01:102	Fenix:stateModels	debug	START, START, START, START, START, START, START, START, START, START
2025-02-16 15:22:01:104	Fenix:buttonPresses	debug	0.0
2025-02-16 15:22:01:140	Fenix:drivetrain	debug	0.0,-0.0,-0.0,-0.0,3.0,0.0,7.0,0.0
2025-02-16 15:22:01:154	Fenix:arm	debug	0.0,13.0,1.0,3.0,0.0,1.0,123.0
2025-02-16 15:22:01:160	Fenix:endEffector	debug	0.0,-93.00000000000001,0.3788888888888889
2025-02-16 15:22:01:164	Fenix:stateModels	debug	START, START, START, START, START, START, START, START, START, START
2025-02-16 15:22:01:166	Fenix:buttonPresses	debug	0.0
2025-02-16 15:22:01:198	Fenix:drivetrain	debug	0.0,-0.0,-0.0,-0.0,3.0,0.0,3.0,0.0
2025-02-16 15:22:01:211	Fenix:arm	debug	0.0,13.0,1.0,7.0,0.0,1.0,120.0
2025-02-16 15:22:01:213	Fenix:endEffector	debug	0.0,-93.00000000000001,0.3788888888888889
2025-02-16 15:22:01:215	Fenix:stateModels	debug	START, START, START, START, START, START, START, START, START, START
2025-02-16 15:22:01:219	Fenix:buttonPresses	debug	0.0
2025-02-16 15:22:01:246	Fenix:drivetrain	debug	0.0,-0.0,-0.0,-0.0,0.0,0.0,3.0,3.0
2025-02-16 15:22:01:257	Fenix:arm	debug	0.0,13.0,1.0,0.0,0.0,1.0,127.0
2025-02-16 15:22:01:259	Fenix:endEffector	debug	0.0,-93.00000000000001,0.3788888888888889
2025-02-16 15:22:01:261	Fenix:stateModels	debug	START, START, START, START, START, START, START, START, START, START
2025-02-16 15:22:01:263	Fenix:buttonPresses	debug	0.0
2025-02-16 15:22:01:292	Fenix:drivetrain	debug	0.0,-0.0,-0.0,-0.0,7.0,3.0,3.0,3.0
2025-02-16 15:22:01:304	Fenix:arm	debug	0.0,13.0,1.0,7.0,0.0,1.0,127.0
2025-02-16 15:22:01:306	Fenix:endEffector	debug	0.0,-93.00000000000001,0.3788888888888889
2025-02-16 15:22:01:308	Fenix:stateModels	debug	START, START, START, START, START, START, START, START, START, START
2025-02-16 15:22:01:310	Fenix:buttonPresses	debug	0.0
2025-02-16 15:22:01:350	Fenix:drivetrain	debug	0.0,-0.0,-0.0,-0.0,0.0,0.0,3.0,3.0
2025-02-16 15:22:01:363	Fenix:arm	debug	0.0,13.0,1.0,3.0,0.0,1.0,127.0
2025-02-16 15:22:01:365	Fenix:endEffector	debug	0.0,-93.00000000000001,0.3788888888888889
2025-02-16 15:22:01:366	Fenix:stateModels	debug	START, START, START, START, START, START, START, START, START, START
2025-02-16 15:22:01:369	Fenix:buttonPresses	debug	0.0
2025-02-16 15:22:01:398	Fenix:drivetrain	debug	0.0,-0.0,-0.0,-0.0,3.0,0.0,7.0,0.0
2025-02-16 15:22:01:409	Fenix:arm	debug	0.0,13.0,1.0,3.0,0.0,1.0,127.0
2025-02-16 15:22:01:412	Fenix:endEffector	debug	0.0,-93.00000000000001,0.3788888888888889
2025-02-16 15:22:01:415	Fenix:stateModels	debug	START, START, START, START, START, START, START, START, START, START
2025-02-16 15:22:01:417	Fenix:buttonPresses	debug	0.0
2025-02-16 15:22:01:451	Fenix:drivetrain	debug	0.0,-0.0,-0.0,-0.0,3.0,0.0,3.0,3.0
2025-02-16 15:22:01:462	Fenix:arm	debug	0.0,13.0,1.0,7.0,0.0,1.0,127.0
2025-02-16 15:22:01:464	Fenix:endEffector	debug	0.0,-93.00000000000001,0.3788888888888889
2025-02-16 15:22:01:466	Fenix:stateModels	debug	START, START, START, START, START, START, START, START, START, START
2025-02-16 15:22:01:467	Fenix:buttonPresses	debug	0.0
2025-02-16 15:22:01:494	Fenix:drivetrain	debug	0.0,-0.0,-0.0,-0.0,0.0,0.0,3.0,3.0
2025-02-16 15:22:01:505	Fenix:arm	debug	0.0,13.0,1.0,0.0,0.0,1.0,131.0
2025-02-16 15:22:01:507	Fenix:endEffector	debug	0.0,-93.00000000000001,0.3788888888888889
2025-02-16 15:22:01:508	Fenix:stateModels	debug	START, START, START, START, START, START, START, START, START, START
2025-02-16 15:22:01:510	Fenix:buttonPresses	debug	0.0
2025-02-16 15:22:01:537	Fenix:drivetrain	debug	0.0,-0.0,-0.0,-0.0,3.0,0.0,3.0,3.0
2025-02-16 15:22:01:548	Fenix:arm	debug	0.0,13.0,1.0,10.0,0.0,1.0,131.0
2025-02-16 15:22:01:549	Fenix:endEffector	debug	0.0,-93.00000000000001,0.3788888888888889
2025-02-16 15:22:01:551	Fenix:stateModels	debug	START, START, START, START, START, START, START, START, START, START
2025-02-16 15:22:01:552	Fenix:buttonPresses	debug	0.0
2025-02-16 15:22:01:588	Fenix:drivetrain	debug	0.0,-0.0,-0.0,-0.0,0.0,0.0,3.0,0.0
2025-02-16 15:22:01:604	Fenix:arm	debug	0.0,13.0,1.0,0.0,0.0,1.0,127.0
2025-02-16 15:22:01:607	Fenix:endEffector	debug	0.0,-93.00000000000001,0.3788888888888889
2025-02-16 15:22:01:609	Fenix:stateModels	debug	START, START, START, START, START, START, START, START, START, START
2025-02-16 15:22:01:611	Fenix:buttonPresses	debug	0.0
2025-02-16 15:22:01:646	Fenix:drivetrain	debug	0.0,-0.0,-0.0,-0.0,0.0,0.0,3.0,3.0
2025-02-16 15:22:01:660	Fenix:arm	debug	0.0,13.0,1.0,10.0,0.0,1.0,127.0
2025-02-16 15:22:01:667	Fenix:endEffector	debug	0.0,-93.00000000000001,0.3788888888888889
2025-02-16 15:22:01:669	Fenix:stateModels	debug	START, START, START, START, START, START, START, START, START, START
2025-02-16 15:22:01:672	Fenix:buttonPresses	debug	0.0
2025-02-16 15:22:01:708	Fenix:drivetrain	debug	0.0,-0.0,-0.0,-0.0,3.0,3.0,3.0,0.0
2025-02-16 15:22:01:719	Fenix:arm	debug	0.0,13.0,1.0,3.0,0.0,1.0,123.0
2025-02-16 15:22:01:721	Fenix:endEffector	debug	0.0,-93.00000000000001,0.3788888888888889
2025-02-16 15:22:01:724	Fenix:stateModels	debug	START, START, START, START, START, START, START, START, START, START
2025-02-16 15:22:01:726	Fenix:buttonPresses	debug	0.0
2025-02-16 15:22:01:754	Fenix:drivetrain	debug	0.0,-0.0,-0.0,-0.0,3.0,3.0,3.0,10.0
2025-02-16 15:22:01:765	Fenix:arm	debug	0.0,13.0,1.0,7.0,0.0,1.0,131.0
2025-02-16 15:22:01:766	Fenix:endEffector	debug	0.0,-93.00000000000001,0.3788888888888889
2025-02-16 15:22:01:768	Fenix:stateModels	debug	START, START, START, START, START, START, START, START, START, START
2025-02-16 15:22:01:769	Fenix:buttonPresses	debug	0.0
2025-02-16 15:22:01:795	Fenix:drivetrain	debug	0.0,-0.0,-0.0,-0.0,0.0,3.0,3.0,3.0
2025-02-16 15:22:01:805	Fenix:arm	debug	0.0,13.0,1.0,3.0,0.0,1.0,134.0
2025-02-16 15:22:01:807	Fenix:endEffector	debug	0.0,-93.00000000000001,0.3788888888888889
2025-02-16 15:22:01:809	Fenix:stateModels	debug	START, START, START, START, START, START, START, START, START, START
2025-02-16 15:22:01:810	Fenix:buttonPresses	debug	0.0
2025-02-16 15:22:01:846	Fenix:drivetrain	debug	0.0,-0.0,-0.0,-0.0,0.0,0.0,3.0,0.0
2025-02-16 15:22:01:858	Fenix:arm	debug	0.0,13.0,1.0,10.0,0.0,1.0,127.0
2025-02-16 15:22:01:859	Fenix:endEffector	debug	0.0,-93.00000000000001,0.3788888888888889
2025-02-16 15:22:01:861	Fenix:stateModels	debug	START, START, START, START, START, START, START, START, START, START
2025-02-16 15:22:01:863	Fenix:buttonPresses	debug	0.0
2025-02-16 15:22:01:889	Fenix:drivetrain	debug	0.0,-0.0,-0.0,-0.0,3.0,0.0,3.0,0.0
2025-02-16 15:22:01:901	Fenix:arm	debug	0.0,13.0,1.0,3.0,0.0,1.0,127.0
2025-02-16 15:22:01:903	Fenix:endEffector	debug	0.0,-93.00000000000001,0.3788888888888889
2025-02-16 15:22:01:905	Fenix:stateModels	debug	START, START, START, START, START, START, START, START, START, START
2025-02-16 15:22:01:907	Fenix:buttonPresses	debug	0.0
2025-02-16 15:22:01:943	Fenix:drivetrain	debug	0.0,-0.0,-0.0,-0.0,3.0,0.0,3.0,0.0
2025-02-16 15:22:01:956	Fenix:arm	debug	0.0,13.0,1.0,0.0,0.0,1.0,127.0
2025-02-16 15:22:01:958	Fenix:endEffector	debug	0.0,-93.00000000000001,0.3788888888888889
2025-02-16 15:22:01:960	Fenix:stateModels	debug	START, START, START, START, START, START, START, START, START, START
2025-02-16 15:22:01:963	Fenix:buttonPresses	debug	0.0
2025-02-16 15:22:01:992	Fenix:drivetrain	debug	0.0,-0.0,-0.0,-0.0,0.0,0.0,3.0,0.0
2025-02-16 15:22:02:005	Fenix:arm	debug	0.0,13.0,1.0,3.0,0.0,1.0,131.0
2025-02-16 15:22:02:008	Fenix:endEffector	debug	0.0,-93.00000000000001,0.3788888888888889
2025-02-16 15:22:02:010	Fenix:stateModels	debug	START, START, START, START, START, START, START, START, START, START
2025-02-16 15:22:02:011	Fenix:buttonPresses	debug	0.0
2025-02-16 15:22:02:067	Fenix:drivetrain	debug	0.0,-0.0,-0.0,-0.0,0.0,3.0,7.0,0.0
2025-02-16 15:22:02:080	Fenix:arm	debug	0.0,13.0,1.0,10.0,0.0,1.0,123.0
2025-02-16 15:22:02:083	Fenix:endEffector	debug	0.0,-93.00000000000001,0.3788888888888889
2025-02-16 15:22:02:085	Fenix:stateModels	debug	START, START, START, START, START, START, START, START, START, START
2025-02-16 15:22:02:087	Fenix:buttonPresses	debug	0.0
2025-02-16 15:22:02:127	Fenix:drivetrain	debug	0.0,-0.0,-0.0,-0.0,0.0,0.0,3.0,0.0
2025-02-16 15:22:02:140	Fenix:arm	debug	0.0,13.0,1.0,0.0,0.0,1.0,127.0
2025-02-16 15:22:02:144	Fenix:endEffector	debug	0.0,-93.00000000000001,0.3788888888888889
2025-02-16 15:22:02:147	Fenix:stateModels	debug	START, START, START, START, START, START, START, START, START, START
2025-02-16 15:22:02:150	Fenix:buttonPresses	debug	0.0
2025-02-16 15:22:02:195	Fenix:drivetrain	debug	0.0,-0.0,-0.0,-0.0,3.0,0.0,3.0,0.0
2025-02-16 15:22:02:215	Fenix:arm	debug	0.0,13.0,1.0,0.0,0.0,1.0,131.0
2025-02-16 15:22:02:221	Fenix:endEffector	debug	0.0,-93.00000000000001,0.3788888888888889
2025-02-16 15:22:02:224	Fenix:stateModels	debug	START, START, START, START, START, START, START, START, START, START
2025-02-16 15:22:02:228	Fenix:buttonPresses	debug	0.0
2025-02-16 15:22:02:260	Fenix:drivetrain	debug	0.0,-0.0,-0.0,-0.0,0.0,0.0,7.0,3.0
2025-02-16 15:22:02:272	Fenix:arm	debug	0.0,13.0,1.0,3.0,0.0,1.0,127.0
2025-02-16 15:22:02:274	Fenix:endEffector	debug	0.0,-93.00000000000001,0.3788888888888889
2025-02-16 15:22:02:277	Fenix:stateModels	debug	START, START, START, START, START, START, START, START, START, START
2025-02-16 15:22:02:279	Fenix:buttonPresses	debug	0.0
2025-02-16 15:22:02:309	Fenix:drivetrain	debug	0.0,-0.0,-0.0,-0.0,0.0,0.0,7.0,7.0
2025-02-16 15:22:02:320	Fenix:arm	debug	0.0,13.0,1.0,0.0,0.0,1.0,127.0
2025-02-16 15:22:02:322	Fenix:endEffector	debug	0.0,-93.00000000000001,0.3788888888888889
2025-02-16 15:22:02:324	Fenix:stateModels	debug	START, START, START, START, START, START, START, START, START, START
2025-02-16 15:22:02:326	Fenix:buttonPresses	debug	0.0
2025-02-16 15:22:02:366	Fenix:drivetrain	debug	0.0,-0.0,-0.0,-0.0,0.0,3.0,3.0,3.0
2025-02-16 15:22:02:378	Fenix:arm	debug	0.0,13.0,1.0,10.0,0.0,1.0,123.0
2025-02-16 15:22:02:381	Fenix:endEffector	debug	0.0,-93.00000000000001,0.3788888888888889
2025-02-16 15:22:02:383	Fenix:stateModels	debug	START, START, START, START, START, START, START, START, START, START
2025-02-16 15:22:02:385	Fenix:buttonPresses	debug	0.0
2025-02-16 15:22:02:415	Fenix:drivetrain	debug	0.0,-0.0,-0.0,-0.0,3.0,0.0,3.0,3.0
2025-02-16 15:22:02:426	Fenix:arm	debug	0.0,13.0,1.0,0.0,0.0,1.0,123.0
2025-02-16 15:22:02:428	Fenix:endEffector	debug	0.0,-93.00000000000001,0.3788888888888889
2025-02-16 15:22:02:430	Fenix:stateModels	debug	START, START, START, START, START, START, START, START, START, START
2025-02-16 15:22:02:433	Fenix:buttonPresses	debug	0.0
2025-02-16 15:22:02:464	Fenix:drivetrain	debug	0.0,-0.0,-0.0,-0.0,0.0,0.0,3.0,3.0
2025-02-16 15:22:02:474	Fenix:arm	debug	0.0,13.0,1.0,0.0,0.0,1.0,127.0
2025-02-16 15:22:02:476	Fenix:endEffector	debug	0.0,-93.00000000000001,0.3788888888888889
2025-02-16 15:22:02:478	Fenix:stateModels	debug	START, START, START, START, START, START, START, START, START, START
2025-02-16 15:22:02:480	Fenix:buttonPresses	debug	0.0
2025-02-16 15:22:02:506	Fenix:drivetrain	debug	0.0,-0.0,-0.0,-0.0,3.0,3.0,3.0,3.0
2025-02-16 15:22:02:518	Fenix:arm	debug	0.0,13.0,1.0,10.0,0.0,1.0,123.0
2025-02-16 15:22:02:520	Fenix:endEffector	debug	0.0,-93.00000000000001,0.3788888888888889
2025-02-16 15:22:02:522	Fenix:stateModels	debug	START, START, START, START, START, START, START, START, START, START
2025-02-16 15:22:02:524	Fenix:buttonPresses	debug	0.0
2025-02-16 15:22:02:552	Fenix:drivetrain	debug	0.0,-0.0,-0.0,-0.0,3.0,0.0,3.0,0.0
2025-02-16 15:22:02:565	Fenix:arm	debug	0.0,13.0,1.0,7.0,0.0,1.0,127.0
2025-02-16 15:22:02:567	Fenix:endEffector	debug	0.0,-93.00000000000001,0.3788888888888889
2025-02-16 15:22:02:569	Fenix:stateModels	debug	START, START, START, START, START, START, START, START, START, START
2025-02-16 15:22:02:570	Fenix:buttonPresses	debug	0.0
2025-02-16 15:22:02:597	Fenix:drivetrain	debug	0.0,-0.0,-0.0,-0.0,3.0,3.0,3.0,7.0
2025-02-16 15:22:02:608	Fenix:arm	debug	0.0,13.0,1.0,3.0,0.0,1.0,120.0
2025-02-16 15:22:02:610	Fenix:endEffector	debug	0.0,-93.00000000000001,0.3788888888888889
2025-02-16 15:22:02:612	Fenix:stateModels	debug	START, START, START, START, START, START, START, START, START, START
2025-02-16 15:22:02:614	Fenix:buttonPresses	debug	0.0
2025-02-16 15:22:02:652	Fenix:drivetrain	debug	0.0,-0.0,-0.0,-0.0,0.0,3.0,3.0,0.0
2025-02-16 15:22:02:664	Fenix:arm	debug	0.0,13.0,1.0,3.0,0.0,1.0,120.0
2025-02-16 15:22:02:667	Fenix:endEffector	debug	0.0,-93.00000000000001,0.3788888888888889
2025-02-16 15:22:02:668	Fenix:stateModels	debug	START, START, START, START, START, START, START, START, START, START
2025-02-16 15:22:02:670	Fenix:buttonPresses	debug	0.0
2025-02-16 15:22:02:704	Fenix:drivetrain	debug	0.0,-0.0,-0.0,-0.0,0.0,0.0,3.0,3.0
2025-02-16 15:22:02:717	Fenix:arm	debug	0.0,13.0,1.0,10.0,0.0,1.0,127.0
2025-02-16 15:22:02:719	Fenix:endEffector	debug	0.0,-93.00000000000001,0.3788888888888889
2025-02-16 15:22:02:720	Fenix:stateModels	debug	START, START, START, START, START, START, START, START, START, START
2025-02-16 15:22:02:722	Fenix:buttonPresses	debug	0.0
2025-02-16 15:22:02:749	Fenix:drivetrain	debug	0.0,-0.0,-0.0,-0.0,3.0,0.0,3.0,0.0
2025-02-16 15:22:02:761	Fenix:arm	debug	0.0,13.0,1.0,3.0,0.0,1.0,123.0
2025-02-16 15:22:02:766	Fenix:endEffector	debug	0.0,-93.00000000000001,0.3788888888888889
2025-02-16 15:22:02:769	Fenix:stateModels	debug	START, START, START, START, START, START, START, START, START, START
2025-02-16 15:22:02:771	Fenix:buttonPresses	debug	0.0
2025-02-16 15:22:02:803	Fenix:drivetrain	debug	0.0,-0.0,-0.0,-0.0,0.0,3.0,3.0,3.0
2025-02-16 15:22:02:815	Fenix:arm	debug	0.0,13.0,1.0,3.0,0.0,1.0,123.0
2025-02-16 15:22:02:817	Fenix:endEffector	debug	0.0,-93.00000000000001,0.3788888888888889
2025-02-16 15:22:02:819	Fenix:stateModels	debug	START, START, START, START, START, START, START, START, START, START
2025-02-16 15:22:02:821	Fenix:buttonPresses	debug	0.0
2025-02-16 15:22:02:860	Fenix:drivetrain	debug	0.0,-0.0,-0.0,-0.0,0.0,3.0,3.0,3.0
2025-02-16 15:22:02:873	Fenix:arm	debug	0.0,13.0,1.0,7.0,0.0,1.0,127.0
2025-02-16 15:22:02:877	Fenix:endEffector	debug	0.0,-93.00000000000001,0.3788888888888889
2025-02-16 15:22:02:879	Fenix:stateModels	debug	START, START, START, START, START, START, START, START, START, START
2025-02-16 15:22:02:882	Fenix:buttonPresses	debug	0.0
2025-02-16 15:22:02:920	Fenix:drivetrain	debug	0.0,-0.0,-0.0,-0.0,0.0,0.0,3.0,0.0
2025-02-16 15:22:02:936	Fenix:arm	debug	0.0,13.0,1.0,0.0,0.0,1.0,123.0
2025-02-16 15:22:02:939	Fenix:endEffector	debug	0.0,-93.00000000000001,0.3788888888888889
2025-02-16 15:22:02:942	Fenix:stateModels	debug	START, START, START, START, START, START, START, START, START, START
2025-02-16 15:22:02:945	Fenix:buttonPresses	debug	0.0
2025-02-16 15:22:02:976	Fenix:drivetrain	debug	0.0,-0.0,-0.0,-0.0,0.0,0.0,3.0,3.0
2025-02-16 15:22:02:987	Fenix:arm	debug	0.0,13.0,1.0,7.0,0.0,1.0,127.0
2025-02-16 15:22:02:989	Fenix:endEffector	debug	0.0,-93.00000000000001,0.3788888888888889
2025-02-16 15:22:02:991	Fenix:stateModels	debug	START, START, START, START, START, START, START, START, START, START
2025-02-16 15:22:02:993	Fenix:buttonPresses	debug	0.0
2025-02-16 15:22:03:019	Fenix:drivetrain	debug	0.0,-0.0,-0.0,-0.0,3.0,0.0,3.0,0.0
2025-02-16 15:22:03:030	Fenix:arm	debug	0.0,13.0,1.0,0.0,0.0,1.0,131.0
2025-02-16 15:22:03:032	Fenix:endEffector	debug	0.0,-93.00000000000001,0.3788888888888889
2025-02-16 15:22:03:034	Fenix:stateModels	debug	START, START, START, START, START, START, START, START, START, START
2025-02-16 15:22:03:036	Fenix:buttonPresses	debug	0.0
2025-02-16 15:22:03:062	Fenix:drivetrain	debug	0.0,-0.0,-0.0,-0.0,0.0,0.0,3.0,3.0
2025-02-16 15:22:03:075	Fenix:arm	debug	0.0,13.0,1.0,3.0,0.0,1.0,120.0
2025-02-16 15:22:03:076	Fenix:endEffector	debug	0.0,-93.00000000000001,0.3788888888888889
2025-02-16 15:22:03:078	Fenix:stateModels	debug	START, START, START, START, START, START, START, START, START, START
2025-02-16 15:22:03:080	Fenix:buttonPresses	debug	0.0
2025-02-16 15:22:03:106	Fenix:drivetrain	debug	0.0,-0.0,-0.0,-0.0,3.0,3.0,3.0,3.0
2025-02-16 15:22:03:118	Fenix:arm	debug	0.0,13.0,1.0,0.0,0.0,1.0,127.0
2025-02-16 15:22:03:120	Fenix:endEffector	debug	0.0,-93.00000000000001,0.3788888888888889
2025-02-16 15:22:03:122	Fenix:stateModels	debug	START, START, START, START, START, START, START, START, START, START
2025-02-16 15:22:03:123	Fenix:buttonPresses	debug	0.0
2025-02-16 15:22:03:158	Fenix:drivetrain	debug	0.0,-0.0,-0.0,-0.0,3.0,3.0,3.0,0.0
2025-02-16 15:22:03:172	Fenix:arm	debug	0.0,13.0,1.0,0.0,0.0,1.0,123.0
2025-02-16 15:22:03:176	Fenix:endEffector	debug	0.0,-93.00000000000001,0.3788888888888889
2025-02-16 15:22:03:179	Fenix:stateModels	debug	START, START, START, START, START, START, START, START, START, START
2025-02-16 15:22:03:180	Fenix:buttonPresses	debug	0.0
2025-02-16 15:22:03:220	Fenix:drivetrain	debug	0.0,-0.0,-0.0,-0.0,0.0,0.0,3.0,0.0
2025-02-16 15:22:03:237	Fenix:arm	debug	0.0,13.0,1.0,3.0,0.0,1.0,127.0
2025-02-16 15:22:03:242	Fenix:endEffector	debug	0.0,-93.00000000000001,0.3788888888888889
2025-02-16 15:22:03:244	Fenix:stateModels	debug	START, START, START, START, START, START, START, START, START, START
2025-02-16 15:22:03:248	Fenix:buttonPresses	debug	0.0
2025-02-16 15:22:03:281	Fenix:drivetrain	debug	0.0,-0.0,-0.0,-0.0,3.0,0.0,3.0,3.0
2025-02-16 15:22:03:294	Fenix:arm	debug	0.0,13.0,1.0,10.0,0.0,1.0,123.0
2025-02-16 15:22:03:301	Fenix:endEffector	debug	0.0,-93.00000000000001,0.3788888888888889
2025-02-16 15:22:03:303	Fenix:stateModels	debug	START, START, START, START, START, START, START, START, START, START
2025-02-16 15:22:03:306	Fenix:buttonPresses	debug	0.0
2025-02-16 15:22:03:339	Fenix:drivetrain	debug	0.0,-0.0,-0.0,-0.0,3.0,0.0,3.0,3.0
2025-02-16 15:22:03:353	Fenix:arm	debug	0.0,13.0,1.0,3.0,0.0,1.0,127.0
2025-02-16 15:22:03:355	Fenix:endEffector	debug	0.0,-93.00000000000001,0.3788888888888889
2025-02-16 15:22:03:359	Fenix:stateModels	debug	START, START, START, START, START, START, START, START, START, START
2025-02-16 15:22:03:362	Fenix:buttonPresses	debug	0.0
2025-02-16 15:22:03:400	Fenix:drivetrain	debug	0.0,-0.0,-0.0,-0.0,0.0,0.0,3.0,3.0
2025-02-16 15:22:03:413	Fenix:arm	debug	0.0,13.0,1.0,0.0,0.0,1.0,123.0
2025-02-16 15:22:03:415	Fenix:endEffector	debug	0.0,-93.00000000000001,0.3788888888888889
2025-02-16 15:22:03:417	Fenix:stateModels	debug	START, START, START, START, START, START, START, START, START, START
2025-02-16 15:22:03:419	Fenix:buttonPresses	debug	0.0
2025-02-16 15:22:03:454	Fenix:drivetrain	debug	0.0,-0.0,-0.0,-0.0,3.0,0.0,3.0,0.0
2025-02-16 15:22:03:467	Fenix:arm	debug	0.0,13.0,1.0,10.0,0.0,1.0,123.0
2025-02-16 15:22:03:469	Fenix:endEffector	debug	0.0,-93.00000000000001,0.3788888888888889
2025-02-16 15:22:03:471	Fenix:stateModels	debug	START, START, START, START, START, START, START, START, START, START
2025-02-16 15:22:03:473	Fenix:buttonPresses	debug	0.0
2025-02-16 15:22:03:504	Fenix:drivetrain	debug	0.0,-0.0,-0.0,-0.0,0.0,0.0,3.0,7.0
2025-02-16 15:22:03:515	Fenix:arm	debug	0.0,13.0,1.0,0.0,0.0,1.0,123.0
2025-02-16 15:22:03:518	Fenix:endEffector	debug	0.0,-93.00000000000001,0.3788888888888889
2025-02-16 15:22:03:520	Fenix:stateModels	debug	START, START, START, START, START, START, START, START, START, START
2025-02-16 15:22:03:521	Fenix:buttonPresses	debug	0.0
2025-02-16 15:22:03:551	Fenix:drivetrain	debug	0.0,-0.0,-0.0,-0.0,3.0,0.0,3.0,0.0
2025-02-16 15:22:03:563	Fenix:arm	debug	0.0,13.0,1.0,3.0,0.0,1.0,120.0
2025-02-16 15:22:03:565	Fenix:endEffector	debug	0.0,-93.00000000000001,0.3788888888888889
2025-02-16 15:22:03:567	Fenix:stateModels	debug	START, START, START, START, START, START, START, START, START, START
2025-02-16 15:22:03:569	Fenix:buttonPresses	debug	0.0
2025-02-16 15:22:03:599	Fenix:drivetrain	debug	0.0,-0.0,-0.0,-0.0,3.0,0.0,3.0,0.0
2025-02-16 15:22:03:614	Fenix:arm	debug	0.0,13.0,1.0,7.0,0.0,1.0,123.0
2025-02-16 15:22:03:617	Fenix:endEffector	debug	0.0,-93.00000000000001,0.3788888888888889
2025-02-16 15:22:03:620	Fenix:stateModels	debug	START, START, START, START, START, START, START, START, START, START
2025-02-16 15:22:03:622	Fenix:buttonPresses	debug	0.0
2025-02-16 15:22:03:653	Fenix:drivetrain	debug	0.0,-0.0,-0.0,-0.0,0.0,0.0,3.0,3.0
2025-02-16 15:22:03:665	Fenix:arm	debug	0.0,13.0,1.0,3.0,0.0,1.0,123.0
2025-02-16 15:22:03:668	Fenix:endEffector	debug	0.0,-93.00000000000001,0.3788888888888889
2025-02-16 15:22:03:670	Fenix:stateModels	debug	START, START, START, START, START, START, START, START, START, START
2025-02-16 15:22:03:673	Fenix:buttonPresses	debug	0.0
2025-02-16 15:22:03:717	Fenix:drivetrain	debug	0.0,-0.0,-0.0,-0.0,7.0,0.0,3.0,0.0
2025-02-16 15:22:03:733	Fenix:arm	debug	0.0,13.0,1.0,3.0,0.0,1.0,123.0
2025-02-16 15:22:03:737	Fenix:endEffector	debug	0.0,-93.00000000000001,0.3788888888888889
2025-02-16 15:22:03:739	Fenix:stateModels	debug	START, START, START, START, START, START, START, START, START, START
2025-02-16 15:22:03:741	Fenix:buttonPresses	debug	0.0
2025-02-16 15:22:03:783	Fenix:drivetrain	debug	0.0,-0.0,-0.0,-0.0,0.0,0.0,3.0,7.0
2025-02-16 15:22:03:798	Fenix:arm	debug	0.0,13.0,1.0,0.0,0.0,1.0,120.0
2025-02-16 15:22:03:805	Fenix:endEffector	debug	0.0,-93.00000000000001,0.3788888888888889
2025-02-16 15:22:03:808	Fenix:stateModels	debug	START, START, START, START, START, START, START, START, START, START
2025-02-16 15:22:03:811	Fenix:buttonPresses	debug	0.0
2025-02-16 15:22:03:842	Fenix:drivetrain	debug	0.0,-0.0,-0.0,-0.0,3.0,3.0,3.0,0.0
2025-02-16 15:22:03:854	Fenix:arm	debug	0.0,13.0,1.0,10.0,0.0,1.0,120.0
2025-02-16 15:22:03:856	Fenix:endEffector	debug	0.0,-93.00000000000001,0.3788888888888889
2025-02-16 15:22:03:858	Fenix:stateModels	debug	START, START, START, START, START, START, START, START, START, START
2025-02-16 15:22:03:860	Fenix:buttonPresses	debug	0.0
2025-02-16 15:22:03:898	Fenix:drivetrain	debug	0.0,-0.0,-0.0,-0.0,3.0,3.0,3.0,3.0
2025-02-16 15:22:03:910	Fenix:arm	debug	0.0,13.0,1.0,7.0,0.0,1.0,127.0
2025-02-16 15:22:03:912	Fenix:endEffector	debug	0.0,-93.00000000000001,0.3788888888888889
2025-02-16 15:22:03:914	Fenix:stateModels	debug	START, START, START, START, START, START, START, START, START, START
2025-02-16 15:22:03:917	Fenix:buttonPresses	debug	0.0
2025-02-16 15:22:03:953	Fenix:drivetrain	debug	0.0,-0.0,-0.0,-0.0,3.0,0.0,3.0,0.0
2025-02-16 15:22:03:964	Fenix:arm	debug	0.0,13.0,1.0,10.0,0.0,1.0,123.0
2025-02-16 15:22:03:967	Fenix:endEffector	debug	0.0,-93.00000000000001,0.3788888888888889
2025-02-16 15:22:03:968	Fenix:stateModels	debug	START, START, START, START, START, START, START, START, START, START
2025-02-16 15:22:03:970	Fenix:buttonPresses	debug	0.0
2025-02-16 15:22:03:997	Fenix:drivetrain	debug	0.0,-0.0,-0.0,-0.0,0.0,0.0,3.0,0.0
2025-02-16 15:22:04:007	Fenix:arm	debug	0.0,13.0,1.0,3.0,0.0,1.0,120.0
2025-02-16 15:22:04:009	Fenix:endEffector	debug	0.0,-93.00000000000001,0.3788888888888889
2025-02-16 15:22:04:010	Fenix:stateModels	debug	START, START, START, START, START, START, START, START, START, START
2025-02-16 15:22:04:012	Fenix:buttonPresses	debug	0.0
2025-02-16 15:22:04:038	Fenix:drivetrain	debug	0.0,-0.0,-0.0,-0.0,0.0,0.0,3.0,3.0
2025-02-16 15:22:04:048	Fenix:arm	debug	0.0,13.0,1.0,3.0,0.0,1.0,116.0
2025-02-16 15:22:04:049	Fenix:endEffector	debug	0.0,-93.00000000000001,0.3788888888888889
2025-02-16 15:22:04:050	Fenix:stateModels	debug	START, START, START, START, START, START, START, START, START, START
2025-02-16 15:22:04:051	Fenix:buttonPresses	debug	0.0
2025-02-16 15:22:04:101	Fenix:drivetrain	debug	0.0,-0.0,-0.0,-0.0,3.0,0.0,3.0,3.0
2025-02-16 15:22:04:110	Fenix:arm	debug	0.0,13.0,1.0,3.0,0.0,1.0,120.0
2025-02-16 15:22:04:112	Fenix:endEffector	debug	0.0,-93.00000000000001,0.3788888888888889
2025-02-16 15:22:04:113	Fenix:stateModels	debug	START, START, START, START, START, START, START, START, START, START
2025-02-16 15:22:04:114	Fenix:buttonPresses	debug	0.0
2025-02-16 15:22:04:142	Fenix:drivetrain	debug	0.0,-0.0,-0.0,-0.0,3.0,0.0,3.0,0.0
2025-02-16 15:22:04:154	Fenix:arm	debug	0.0,13.0,1.0,10.0,0.0,1.0,120.0
2025-02-16 15:22:04:156	Fenix:endEffector	debug	0.0,-93.00000000000001,0.3788888888888889
2025-02-16 15:22:04:158	Fenix:stateModels	debug	START, START, START, START, START, START, START, START, START, START
2025-02-16 15:22:04:160	Fenix:buttonPresses	debug	0.0
2025-02-16 15:22:04:190	Fenix:drivetrain	debug	0.0,-0.0,-0.0,-0.0,0.0,3.0,3.0,3.0
2025-02-16 15:22:04:204	Fenix:arm	debug	0.0,13.0,1.0,10.0,0.0,1.0,116.0
2025-02-16 15:22:04:206	Fenix:endEffector	debug	0.0,-93.00000000000001,0.3788888888888889
2025-02-16 15:22:04:208	Fenix:stateModels	debug	START, START, START, START, START, START, START, START, START, START
2025-02-16 15:22:04:210	Fenix:buttonPresses	debug	0.0
2025-02-16 15:22:04:247	Fenix:drivetrain	debug	0.0,-0.0,-0.0,-0.0,0.0,3.0,7.0,3.0
2025-02-16 15:22:04:259	Fenix:arm	debug	0.0,13.0,1.0,3.0,0.0,1.0,123.0
2025-02-16 15:22:04:262	Fenix:endEffector	debug	0.0,-93.00000000000001,0.3788888888888889
2025-02-16 15:22:04:264	Fenix:stateModels	debug	START, START, START, START, START, START, START, START, START, START
2025-02-16 15:22:04:265	Fenix:buttonPresses	debug	0.0
2025-02-16 15:22:04:299	Fenix:drivetrain	debug	0.0,-0.0,-0.0,-0.0,0.0,0.0,3.0,3.0
2025-02-16 15:22:04:312	Fenix:arm	debug	0.0,13.0,1.0,3.0,0.0,1.0,120.0
2025-02-16 15:22:04:317	Fenix:endEffector	debug	0.0,-93.00000000000001,0.3788888888888889
2025-02-16 15:22:04:319	Fenix:stateModels	debug	START, START, START, START, START, START, START, START, START, START
2025-02-16 15:22:04:320	Fenix:buttonPresses	debug	0.0
2025-02-16 15:22:04:348	Fenix:drivetrain	debug	0.0,-0.0,-0.0,-0.0,0.0,0.0,7.0,3.0
2025-02-16 15:22:04:359	Fenix:arm	debug	0.0,13.0,1.0,7.0,0.0,1.0,123.0
2025-02-16 15:22:04:361	Fenix:endEffector	debug	0.0,-93.00000000000001,0.3788888888888889
2025-02-16 15:22:04:362	Fenix:stateModels	debug	START, START, START, START, START, START, START, START, START, START
2025-02-16 15:22:04:364	Fenix:buttonPresses	debug	0.0
2025-02-16 15:22:04:390	Fenix:drivetrain	debug	0.0,-0.0,-0.0,-0.0,0.0,0.0,3.0,0.0
2025-02-16 15:22:04:401	Fenix:arm	debug	0.0,13.0,1.0,3.0,0.0,1.0,123.0
2025-02-16 15:22:04:403	Fenix:endEffector	debug	0.0,-93.00000000000001,0.3788888888888889
2025-02-16 15:22:04:405	Fenix:stateModels	debug	START, START, START, START, START, START, START, START, START, START
2025-02-16 15:22:04:407	Fenix:buttonPresses	debug	0.0
2025-02-16 15:22:04:444	Fenix:drivetrain	debug	0.0,-0.0,-0.0,-0.0,0.0,0.0,3.0,0.0
2025-02-16 15:22:04:455	Fenix:arm	debug	0.0,13.0,1.0,10.0,0.0,1.0,120.0
2025-02-16 15:22:04:457	Fenix:endEffector	debug	0.0,-93.00000000000001,0.3788888888888889
2025-02-16 15:22:04:459	Fenix:stateModels	debug	START, START, START, START, START, START, START, START, START, START
2025-02-16 15:22:04:461	Fenix:buttonPresses	debug	0.0
2025-02-16 15:22:04:492	Fenix:drivetrain	debug	0.0,-0.0,-0.0,-0.0,3.0,0.0,3.0,3.0
2025-02-16 15:22:04:503	Fenix:arm	debug	0.0,13.0,1.0,0.0,0.0,1.0,123.0
2025-02-16 15:22:04:505	Fenix:endEffector	debug	0.0,-93.00000000000001,0.3788888888888889
2025-02-16 15:22:04:506	Fenix:stateModels	debug	START, START, START, START, START, START, START, START, START, START
2025-02-16 15:22:04:508	Fenix:buttonPresses	debug	0.0
2025-02-16 15:22:04:534	Fenix:drivetrain	debug	0.0,-0.0,-0.0,-0.0,3.0,0.0,7.0,3.0
2025-02-16 15:22:04:545	Fenix:arm	debug	0.0,13.0,1.0,0.0,0.0,1.0,120.0
2025-02-16 15:22:04:547	Fenix:endEffector	debug	0.0,-93.00000000000001,0.3788888888888889
2025-02-16 15:22:04:548	Fenix:stateModels	debug	START, START, START, START, START, START, START, START, START, START
2025-02-16 15:22:04:550	Fenix:buttonPresses	debug	0.0
2025-02-16 15:22:04:576	Fenix:drivetrain	debug	0.0,-0.0,-0.0,-0.0,3.0,0.0,3.0,0.0
2025-02-16 15:22:04:587	Fenix:arm	debug	0.0,13.0,1.0,3.0,0.0,1.0,123.0
2025-02-16 15:22:04:589	Fenix:endEffector	debug	0.0,-93.00000000000001,0.3788888888888889
2025-02-16 15:22:04:590	Fenix:stateModels	debug	START, START, START, START, START, START, START, START, START, START
2025-02-16 15:22:04:592	Fenix:buttonPresses	debug	0.0
2025-02-16 15:22:04:619	Fenix:drivetrain	debug	0.0,-0.0,-0.0,-0.0,3.0,0.0,3.0,0.0
2025-02-16 15:22:04:633	Fenix:arm	debug	0.0,13.0,1.0,0.0,0.0,1.0,123.0
2025-02-16 15:22:04:634	Fenix:endEffector	debug	0.0,-93.00000000000001,0.3788888888888889
2025-02-16 15:22:04:636	Fenix:stateModels	debug	START, START, START, START, START, START, START, START, START, START
2025-02-16 15:22:04:637	Fenix:buttonPresses	debug	0.0
2025-02-16 15:22:04:665	Fenix:drivetrain	debug	0.0,-0.0,-0.0,-0.0,3.0,0.0,3.0,3.0
2025-02-16 15:22:04:676	Fenix:arm	debug	0.0,13.0,1.0,0.0,0.0,1.0,123.0
2025-02-16 15:22:04:679	Fenix:endEffector	debug	0.0,-93.00000000000001,0.3788888888888889
2025-02-16 15:22:04:680	Fenix:stateModels	debug	START, START, START, START, START, START, START, START, START, START
2025-02-16 15:22:04:683	Fenix:buttonPresses	debug	0.0
2025-02-16 15:22:04:711	Fenix:drivetrain	debug	0.0,-0.0,-0.0,-0.0,0.0,3.0,3.0,3.0
2025-02-16 15:22:04:722	Fenix:arm	debug	0.0,13.0,1.0,10.0,0.0,1.0,123.0
2025-02-16 15:22:04:724	Fenix:endEffector	debug	0.0,-93.00000000000001,0.3788888888888889
2025-02-16 15:22:04:725	Fenix:stateModels	debug	START, START, START, START, START, START, START, START, START, START
2025-02-16 15:22:04:727	Fenix:buttonPresses	debug	0.0
2025-02-16 15:22:04:763	Fenix:drivetrain	debug	0.0,-0.0,-0.0,-0.0,0.0,3.0,3.0,3.0
2025-02-16 15:22:04:776	Fenix:arm	debug	0.0,13.0,1.0,14.0,0.0,1.0,127.0
2025-02-16 15:22:04:779	Fenix:endEffector	debug	0.0,-93.00000000000001,0.3788888888888889
2025-02-16 15:22:04:780	Fenix:stateModels	debug	START, START, START, START, START, START, START, START, START, START
2025-02-16 15:22:04:782	Fenix:buttonPresses	debug	0.0
2025-02-16 15:22:04:816	Fenix:drivetrain	debug	0.0,-0.0,-0.0,-0.0,3.0,3.0,3.0,3.0
2025-02-16 15:22:04:830	Fenix:arm	debug	0.0,13.0,1.0,3.0,0.0,1.0,123.0
2025-02-16 15:22:04:835	Fenix:endEffector	debug	0.0,-93.00000000000001,0.3788888888888889
2025-02-16 15:22:04:837	Fenix:stateModels	debug	START, START, START, START, START, START, START, START, START, START
2025-02-16 15:22:04:839	Fenix:buttonPresses	debug	0.0
2025-02-16 15:22:04:866	Fenix:drivetrain	debug	0.0,-0.0,-0.0,-0.0,0.0,0.0,7.0,3.0
2025-02-16 15:22:04:878	Fenix:arm	debug	0.0,13.0,1.0,3.0,0.0,1.0,123.0
2025-02-16 15:22:04:880	Fenix:endEffector	debug	0.0,-93.00000000000001,0.3788888888888889
2025-02-16 15:22:04:882	Fenix:stateModels	debug	START, START, START, START, START, START, START, START, START, START
2025-02-16 15:22:04:884	Fenix:buttonPresses	debug	0.0
2025-02-16 15:22:04:914	Fenix:drivetrain	debug	0.0,-0.0,-0.0,-0.0,3.0,0.0,3.0,3.0
2025-02-16 15:22:04:926	Fenix:arm	debug	0.0,13.0,1.0,3.0,0.0,1.0,123.0
2025-02-16 15:22:04:929	Fenix:endEffector	debug	0.0,-93.00000000000001,0.3788888888888889
2025-02-16 15:22:04:931	Fenix:stateModels	debug	START, START, START, START, START, START, START, START, START, START
2025-02-16 15:22:04:933	Fenix:buttonPresses	debug	0.0
2025-02-16 15:22:04:973	Fenix:drivetrain	debug	0.0,-0.0,-0.0,-0.0,3.0,0.0,3.0,0.0
2025-02-16 15:22:04:987	Fenix:arm	debug	0.0,13.0,1.0,0.0,0.0,1.0,123.0
2025-02-16 15:22:04:989	Fenix:endEffector	debug	0.0,-93.00000000000001,0.3788888888888889
2025-02-16 15:22:04:992	Fenix:stateModels	debug	START, START, START, START, START, START, START, START, START, START
2025-02-16 15:22:04:994	Fenix:buttonPresses	debug	0.0
2025-02-16 15:22:05:027	Fenix:drivetrain	debug	0.0,-0.0,-0.0,-0.0,3.0,0.0,3.0,0.0
2025-02-16 15:22:05:042	Fenix:arm	debug	0.0,13.0,1.0,0.0,0.0,1.0,120.0
2025-02-16 15:22:05:044	Fenix:endEffector	debug	0.0,-93.00000000000001,0.3788888888888889
2025-02-16 15:22:05:047	Fenix:stateModels	debug	START, START, START, START, START, START, START, START, START, START
2025-02-16 15:22:05:049	Fenix:buttonPresses	debug	0.0
2025-02-16 15:22:05:079	Fenix:drivetrain	debug	0.0,-0.0,-0.0,-0.0,0.0,0.0,3.0,0.0
2025-02-16 15:22:05:090	Fenix:arm	debug	0.0,13.0,1.0,3.0,0.0,1.0,120.0
2025-02-16 15:22:05:092	Fenix:endEffector	debug	0.0,-93.00000000000001,0.3788888888888889
2025-02-16 15:22:05:095	Fenix:stateModels	debug	START, START, START, START, START, START, START, START, START, START
2025-02-16 15:22:05:096	Fenix:buttonPresses	debug	0.0
2025-02-16 15:22:05:124	Fenix:drivetrain	debug	0.0,-0.0,-0.0,-0.0,0.0,0.0,3.0,0.0
2025-02-16 15:22:05:139	Fenix:arm	debug	0.0,13.0,1.0,3.0,0.0,1.0,120.0
2025-02-16 15:22:05:140	Fenix:endEffector	debug	0.0,-93.00000000000001,0.3788888888888889
2025-02-16 15:22:05:142	Fenix:stateModels	debug	START, START, START, START, START, START, START, START, START, START
2025-02-16 15:22:05:144	Fenix:buttonPresses	debug	0.0
2025-02-16 15:22:05:172	Fenix:drivetrain	debug	0.0,-0.0,-0.0,-0.0,3.0,0.0,3.0,0.0
2025-02-16 15:22:05:183	Fenix:arm	debug	0.0,13.0,1.0,10.0,0.0,1.0,123.0
2025-02-16 15:22:05:185	Fenix:endEffector	debug	0.0,-93.00000000000001,0.3788888888888889
2025-02-16 15:22:05:187	Fenix:stateModels	debug	START, START, START, START, START, START, START, START, START, START
2025-02-16 15:22:05:188	Fenix:buttonPresses	debug	0.0
2025-02-16 15:22:05:215	Fenix:drivetrain	debug	0.0,-0.0,-0.0,-0.0,3.0,3.0,3.0,3.0
2025-02-16 15:22:05:226	Fenix:arm	debug	0.0,13.0,1.0,7.0,0.0,1.0,123.0
2025-02-16 15:22:05:229	Fenix:endEffector	debug	0.0,-93.00000000000001,0.3788888888888889
2025-02-16 15:22:05:231	Fenix:stateModels	debug	START, START, START, START, START, START, START, START, START, START
2025-02-16 15:22:05:233	Fenix:buttonPresses	debug	0.0
2025-02-16 15:22:05:271	Fenix:drivetrain	debug	0.0,-0.0,-0.0,-0.0,3.0,0.0,3.0,3.0
2025-02-16 15:22:05:287	Fenix:arm	debug	0.0,13.0,1.0,10.0,0.0,1.0,120.0
2025-02-16 15:22:05:291	Fenix:endEffector	debug	0.0,-93.00000000000001,0.3788888888888889
2025-02-16 15:22:05:293	Fenix:stateModels	debug	START, START, START, START, START, START, START, START, START, START
2025-02-16 15:22:05:294	Fenix:buttonPresses	debug	0.0
2025-02-16 15:22:05:330	Fenix:drivetrain	debug	0.0,-0.0,-0.0,-0.0,3.0,0.0,3.0,0.0
2025-02-16 15:22:05:344	Fenix:arm	debug	0.0,13.0,1.0,0.0,0.0,1.0,123.0
2025-02-16 15:22:05:349	Fenix:endEffector	debug	0.0,-93.00000000000001,0.3788888888888889
2025-02-16 15:22:05:350	Fenix:stateModels	debug	START, START, START, START, START, START, START, START, START, START
2025-02-16 15:22:05:352	Fenix:buttonPresses	debug	0.0
2025-02-16 15:22:05:381	Fenix:drivetrain	debug	0.0,-0.0,-0.0,-0.0,0.0,0.0,3.0,3.0
2025-02-16 15:22:05:393	Fenix:arm	debug	0.0,13.0,1.0,7.0,0.0,1.0,116.0
2025-02-16 15:22:05:395	Fenix:endEffector	debug	0.0,-93.00000000000001,0.3788888888888889
2025-02-16 15:22:05:397	Fenix:stateModels	debug	START, START, START, START, START, START, START, START, START, START
2025-02-16 15:22:05:399	Fenix:buttonPresses	debug	0.0
2025-02-16 15:22:05:429	Fenix:drivetrain	debug	0.0,-0.0,-0.0,-0.0,0.0,0.0,3.0,0.0
2025-02-16 15:22:05:441	Fenix:arm	debug	0.0,13.0,1.0,7.0,0.0,1.0,127.0
2025-02-16 15:22:05:443	Fenix:endEffector	debug	0.0,-93.00000000000001,0.3788888888888889
2025-02-16 15:22:05:445	Fenix:stateModels	debug	START, START, START, START, START, START, START, START, START, START
2025-02-16 15:22:05:447	Fenix:buttonPresses	debug	0.0
2025-02-16 15:22:05:489	Fenix:drivetrain	debug	0.0,-0.0,-0.0,-0.0,3.0,0.0,7.0,0.0
2025-02-16 15:22:05:500	Fenix:arm	debug	0.0,13.0,1.0,3.0,0.0,1.0,127.0
2025-02-16 15:22:05:502	Fenix:endEffector	debug	0.0,-93.00000000000001,0.3788888888888889
2025-02-16 15:22:05:503	Fenix:stateModels	debug	START, START, START, START, START, START, START, START, START, START
2025-02-16 15:22:05:505	Fenix:buttonPresses	debug	0.0
2025-02-16 15:22:05:535	Fenix:drivetrain	debug	0.0,-0.0,-0.0,-0.0,0.0,0.0,3.0,0.0
2025-02-16 15:22:05:545	Fenix:arm	debug	0.0,13.0,1.0,3.0,0.0,1.0,123.0
2025-02-16 15:22:05:547	Fenix:endEffector	debug	0.0,-93.00000000000001,0.3788888888888889
2025-02-16 15:22:05:548	Fenix:stateModels	debug	START, START, START, START, START, START, START, START, START, START
2025-02-16 15:22:05:550	Fenix:buttonPresses	debug	0.0
2025-02-16 15:22:05:577	Fenix:drivetrain	debug	0.0,-0.0,-0.0,-0.0,3.0,0.0,3.0,7.0
2025-02-16 15:22:05:588	Fenix:arm	debug	0.0,13.0,1.0,0.0,0.0,1.0,120.0
2025-02-16 15:22:05:590	Fenix:endEffector	debug	0.0,-93.00000000000001,0.3788888888888889
2025-02-16 15:22:05:592	Fenix:stateModels	debug	START, START, START, START, START, START, START, START, START, START
2025-02-16 15:22:05:593	Fenix:buttonPresses	debug	0.0
2025-02-16 15:22:05:620	Fenix:drivetrain	debug	0.0,-0.0,-0.0,-0.0,3.0,0.0,3.0,0.0
2025-02-16 15:22:05:630	Fenix:arm	debug	0.0,13.0,1.0,3.0,0.0,1.0,120.0
2025-02-16 15:22:05:632	Fenix:endEffector	debug	0.0,-93.00000000000001,0.3788888888888889
2025-02-16 15:22:05:634	Fenix:stateModels	debug	START, START, START, START, START, START, START, START, START, START
2025-02-16 15:22:05:636	Fenix:buttonPresses	debug	0.0
2025-02-16 15:22:05:662	Fenix:drivetrain	debug	0.0,-0.0,-0.0,-0.0,3.0,0.0,7.0,0.0
2025-02-16 15:22:05:677	Fenix:arm	debug	0.0,13.0,1.0,3.0,0.0,1.0,123.0
2025-02-16 15:22:05:679	Fenix:endEffector	debug	0.0,-93.00000000000001,0.3788888888888889
2025-02-16 15:22:05:681	Fenix:stateModels	debug	START, START, START, START, START, START, START, START, START, START
2025-02-16 15:22:05:683	Fenix:buttonPresses	debug	0.0
2025-02-16 15:22:05:713	Fenix:drivetrain	debug	0.0,-0.0,-0.0,-0.0,3.0,0.0,3.0,0.0
2025-02-16 15:22:05:727	Fenix:arm	debug	0.0,13.0,1.0,0.0,0.0,1.0,120.0
2025-02-16 15:22:05:730	Fenix:endEffector	debug	0.0,-93.00000000000001,0.3788888888888889
2025-02-16 15:22:05:733	Fenix:stateModels	debug	START, START, START, START, START, START, START, START, START, START
2025-02-16 15:22:05:735	Fenix:buttonPresses	debug	0.0
2025-02-16 15:22:05:777	Fenix:drivetrain	debug	0.0,-0.0,-0.0,-0.0,3.0,0.0,7.0,3.0
2025-02-16 15:22:05:790	Fenix:arm	debug	0.0,13.0,1.0,3.0,0.0,1.0,123.0
2025-02-16 15:22:05:794	Fenix:endEffector	debug	0.0,-93.00000000000001,0.3788888888888889
2025-02-16 15:22:05:796	Fenix:stateModels	debug	START, START, START, START, START, START, START, START, START, START
2025-02-16 15:22:05:798	Fenix:buttonPresses	debug	0.0
2025-02-16 15:22:05:833	Fenix:drivetrain	debug	0.0,-0.0,-0.0,-0.0,3.0,0.0,3.0,0.0
2025-02-16 15:22:05:847	Fenix:arm	debug	0.0,13.0,1.0,3.0,0.0,1.0,123.0
2025-02-16 15:22:05:854	Fenix:endEffector	debug	0.0,-93.00000000000001,0.3788888888888889
2025-02-16 15:22:05:856	Fenix:stateModels	debug	START, START, START, START, START, START, START, START, START, START
2025-02-16 15:22:05:858	Fenix:buttonPresses	debug	0.0
2025-02-16 15:22:05:890	Fenix:drivetrain	debug	0.0,-0.0,-0.0,-0.0,3.0,3.0,3.0,7.0
2025-02-16 15:22:05:902	Fenix:arm	debug	0.0,13.0,1.0,3.0,0.0,1.0,123.0
2025-02-16 15:22:05:904	Fenix:endEffector	debug	0.0,-93.00000000000001,0.3788888888888889
2025-02-16 15:22:05:907	Fenix:stateModels	debug	START, START, START, START, START, START, START, START, START, START
2025-02-16 15:22:05:909	Fenix:buttonPresses	debug	0.0
2025-02-16 15:22:05:939	Fenix:drivetrain	debug	0.0,-0.0,-0.0,-0.0,3.0,0.0,3.0,3.0
2025-02-16 15:22:05:952	Fenix:arm	debug	0.0,13.0,1.0,7.0,0.0,1.0,123.0
2025-02-16 15:22:05:954	Fenix:endEffector	debug	0.0,-93.00000000000001,0.3788888888888889
2025-02-16 15:22:05:956	Fenix:stateModels	debug	START, START, START, START, START, START, START, START, START, START
2025-02-16 15:22:05:959	Fenix:buttonPresses	debug	0.0
2025-02-16 15:22:06:000	Fenix:drivetrain	debug	0.0,-0.0,-0.0,-0.0,0.0,3.0,3.0,0.0
2025-02-16 15:22:06:013	Fenix:arm	debug	0.0,13.0,1.0,3.0,0.0,1.0,120.0
2025-02-16 15:22:06:015	Fenix:endEffector	debug	0.0,-93.00000000000001,0.3788888888888889
2025-02-16 15:22:06:018	Fenix:stateModels	debug	START, START, START, START, START, START, START, START, START, START
2025-02-16 15:22:06:021	Fenix:buttonPresses	debug	0.0
2025-02-16 15:22:06:054	Fenix:drivetrain	debug	0.0,-0.0,-0.0,-0.0,0.0,3.0,3.0,0.0
2025-02-16 15:22:06:065	Fenix:arm	debug	0.0,13.0,1.0,0.0,0.0,1.0,123.0
2025-02-16 15:22:06:068	Fenix:endEffector	debug	0.0,-93.00000000000001,0.3788888888888889
2025-02-16 15:22:06:070	Fenix:stateModels	debug	START, START, START, START, START, START, START, START, START, START
2025-02-16 15:22:06:072	Fenix:buttonPresses	debug	0.0
2025-02-16 15:22:06:137	Fenix:drivetrain	debug	0.0,-0.0,-0.0,-0.0,0.0,3.0,7.0,3.0
2025-02-16 15:22:06:149	Fenix:arm	debug	0.0,13.0,1.0,10.0,0.0,1.0,120.0
2025-02-16 15:22:06:151	Fenix:endEffector	debug	0.0,-93.00000000000001,0.3788888888888889
2025-02-16 15:22:06:154	Fenix:stateModels	debug	START, START, START, START, START, START, START, START, START, START
2025-02-16 15:22:06:156	Fenix:buttonPresses	debug	0.0
2025-02-16 15:22:06:186	Fenix:drivetrain	debug	0.0,-0.0,-0.0,-0.0,0.0,0.0,3.0,3.0
2025-02-16 15:22:06:197	Fenix:arm	debug	0.0,13.0,1.0,14.0,0.0,1.0,123.0
2025-02-16 15:22:06:199	Fenix:endEffector	debug	0.0,-93.00000000000001,0.3788888888888889
2025-02-16 15:22:06:201	Fenix:stateModels	debug	START, START, START, START, START, START, START, START, START, START
2025-02-16 15:22:06:203	Fenix:buttonPresses	debug	0.0
2025-02-16 15:22:06:239	Fenix:drivetrain	debug	0.0,-0.0,-0.0,-0.0,0.0,0.0,3.0,3.0
2025-02-16 15:22:06:253	Fenix:arm	debug	0.0,13.0,1.0,10.0,0.0,1.0,123.0
2025-02-16 15:22:06:255	Fenix:endEffector	debug	0.0,-93.00000000000001,0.3788888888888889
2025-02-16 15:22:06:257	Fenix:stateModels	debug	START, START, START, START, START, START, START, START, START, START
2025-02-16 15:22:06:259	Fenix:buttonPresses	debug	0.0
2025-02-16 15:22:06:298	Fenix:drivetrain	debug	0.0,-0.0,-0.0,-0.0,3.0,0.0,3.0,3.0
2025-02-16 15:22:06:312	Fenix:arm	debug	0.0,13.0,1.0,3.0,0.0,1.0,120.0
2025-02-16 15:22:06:315	Fenix:endEffector	debug	0.0,-93.00000000000001,0.3788888888888889
2025-02-16 15:22:06:317	Fenix:stateModels	debug	START, START, START, START, START, START, START, START, START, START
2025-02-16 15:22:06:319	Fenix:buttonPresses	debug	0.0
2025-02-16 15:22:06:357	Fenix:drivetrain	debug	0.0,-0.0,-0.0,-0.0,3.0,0.0,3.0,3.0
2025-02-16 15:22:06:371	Fenix:arm	debug	0.0,13.0,1.0,0.0,0.0,1.0,123.0
2025-02-16 15:22:06:376	Fenix:endEffector	debug	0.0,-93.00000000000001,0.3788888888888889
2025-02-16 15:22:06:378	Fenix:stateModels	debug	START, START, START, START, START, START, START, START, START, START
2025-02-16 15:22:06:380	Fenix:buttonPresses	debug	0.0
2025-02-16 15:22:06:411	Fenix:drivetrain	debug	0.0,-0.0,-0.0,-0.0,3.0,0.0,3.0,3.0
2025-02-16 15:22:06:424	Fenix:arm	debug	0.0,13.0,1.0,3.0,0.0,1.0,123.0
2025-02-16 15:22:06:426	Fenix:endEffector	debug	0.0,-93.00000000000001,0.3788888888888889
2025-02-16 15:22:06:428	Fenix:stateModels	debug	START, START, START, START, START, START, START, START, START, START
2025-02-16 15:22:06:430	Fenix:buttonPresses	debug	0.0
2025-02-16 15:22:06:458	Fenix:drivetrain	debug	0.0,-0.0,-0.0,-0.0,0.0,0.0,3.0,3.0
2025-02-16 15:22:06:470	Fenix:arm	debug	0.0,13.0,1.0,3.0,0.0,1.0,123.0
2025-02-16 15:22:06:472	Fenix:endEffector	debug	0.0,-93.00000000000001,0.3788888888888889
2025-02-16 15:22:06:474	Fenix:stateModels	debug	START, START, START, START, START, START, START, START, START, START
2025-02-16 15:22:06:476	Fenix:buttonPresses	debug	0.0
2025-02-16 15:22:06:518	Fenix:drivetrain	debug	0.0,-0.0,-0.0,-0.0,3.0,0.0,3.0,0.0
2025-02-16 15:22:06:530	Fenix:arm	debug	0.0,13.0,1.0,7.0,0.0,1.0,123.0
2025-02-16 15:22:06:532	Fenix:endEffector	debug	0.0,-93.00000000000001,0.3788888888888889
2025-02-16 15:22:06:534	Fenix:stateModels	debug	START, START, START, START, START, START, START, START, START, START
2025-02-16 15:22:06:536	Fenix:buttonPresses	debug	0.0
2025-02-16 15:22:06:567	Fenix:drivetrain	debug	0.0,-0.0,-0.0,-0.0,0.0,3.0,3.0,7.0
2025-02-16 15:22:06:579	Fenix:arm	debug	0.0,13.0,1.0,3.0,0.0,1.0,120.0
2025-02-16 15:22:06:581	Fenix:endEffector	debug	0.0,-93.00000000000001,0.3788888888888889
2025-02-16 15:22:06:583	Fenix:stateModels	debug	START, START, START, START, START, START, START, START, START, START
2025-02-16 15:22:06:585	Fenix:buttonPresses	debug	0.0
2025-02-16 15:22:06:618	Fenix:drivetrain	debug	0.0,-0.0,-0.0,-0.0,0.0,3.0,3.0,3.0
2025-02-16 15:22:06:634	Fenix:arm	debug	0.0,13.0,1.0,7.0,0.0,1.0,123.0
2025-02-16 15:22:06:638	Fenix:endEffector	debug	0.0,-93.00000000000001,0.3788888888888889
2025-02-16 15:22:06:640	Fenix:stateModels	debug	START, START, START, START, START, START, START, START, START, START
2025-02-16 15:22:06:643	Fenix:buttonPresses	debug	0.0
2025-02-16 15:22:06:674	Fenix:drivetrain	debug	0.0,-0.0,-0.0,-0.0,3.0,0.0,0.0,3.0
2025-02-16 15:22:06:686	Fenix:arm	debug	0.0,13.0,1.0,0.0,0.0,1.0,123.0
2025-02-16 15:22:06:688	Fenix:endEffector	debug	0.0,-93.00000000000001,0.3788888888888889
2025-02-16 15:22:06:690	Fenix:stateModels	debug	START, START, START, START, START, START, START, START, START, START
2025-02-16 15:22:06:692	Fenix:buttonPresses	debug	0.0
2025-02-16 15:22:06:722	Fenix:drivetrain	debug	0.0,-0.0,-0.0,-0.0,0.0,3.0,3.0,3.0
2025-02-16 15:22:06:736	Fenix:arm	debug	0.0,13.0,1.0,0.0,0.0,1.0,123.0
2025-02-16 15:22:06:738	Fenix:endEffector	debug	0.0,-93.00000000000001,0.3788888888888889
2025-02-16 15:22:06:740	Fenix:stateModels	debug	START, START, START, START, START, START, START, START, START, START
2025-02-16 15:22:06:744	Fenix:buttonPresses	debug	0.0
2025-02-16 15:22:06:772	Fenix:drivetrain	debug	0.0,-0.0,-0.0,-0.0,0.0,0.0,3.0,0.0
2025-02-16 15:22:06:784	Fenix:arm	debug	0.0,13.0,1.0,7.0,0.0,1.0,120.0
2025-02-16 15:22:06:787	Fenix:endEffector	debug	0.0,-93.00000000000001,0.3788888888888889
2025-02-16 15:22:06:789	Fenix:stateModels	debug	START, START, START, START, START, START, START, START, START, START
2025-02-16 15:22:06:792	Fenix:buttonPresses	debug	0.0
2025-02-16 15:22:06:828	Fenix:drivetrain	debug	0.0,-0.0,-0.0,-0.0,0.0,0.0,3.0,0.0
2025-02-16 15:22:06:844	Fenix:arm	debug	0.0,13.0,1.0,0.0,0.0,1.0,123.0
2025-02-16 15:22:06:847	Fenix:endEffector	debug	0.0,-93.00000000000001,0.3788888888888889
2025-02-16 15:22:06:849	Fenix:stateModels	debug	START, START, START, START, START, START, START, START, START, START
2025-02-16 15:22:06:851	Fenix:buttonPresses	debug	0.0
2025-02-16 15:22:06:888	Fenix:drivetrain	debug	0.0,-0.0,-0.0,-0.0,3.0,3.0,3.0,3.0
2025-02-16 15:22:06:900	Fenix:arm	debug	0.0,13.0,1.0,0.0,0.0,1.0,123.0
2025-02-16 15:22:06:904	Fenix:endEffector	debug	0.0,-93.00000000000001,0.3788888888888889
2025-02-16 15:22:06:905	Fenix:stateModels	debug	START, START, START, START, START, START, START, START, START, START
2025-02-16 15:22:06:906	Fenix:buttonPresses	debug	0.0
2025-02-16 15:22:06:933	Fenix:drivetrain	debug	0.0,-0.0,-0.0,-0.0,0.0,0.0,7.0,0.0
2025-02-16 15:22:06:944	Fenix:arm	debug	0.0,13.0,1.0,0.0,0.0,1.0,123.0
2025-02-16 15:22:06:946	Fenix:endEffector	debug	0.0,-93.00000000000001,0.3788888888888889
2025-02-16 15:22:06:947	Fenix:stateModels	debug	START, START, START, START, START, START, START, START, START, START
2025-02-16 15:22:06:949	Fenix:buttonPresses	debug	0.0
2025-02-16 15:22:06:976	Fenix:drivetrain	debug	0.0,-0.0,-0.0,-0.0,3.0,0.0,3.0,3.0
2025-02-16 15:22:06:988	Fenix:arm	debug	0.0,13.0,1.0,3.0,0.0,1.0,127.0
2025-02-16 15:22:06:991	Fenix:endEffector	debug	0.0,-93.00000000000001,0.3788888888888889
2025-02-16 15:22:06:993	Fenix:stateModels	debug	START, START, START, START, START, START, START, START, START, START
2025-02-16 15:22:06:995	Fenix:buttonPresses	debug	0.0
2025-02-16 15:22:07:030	Fenix:drivetrain	debug	0.0,-0.0,-0.0,-0.0,0.0,0.0,3.0,3.0
2025-02-16 15:22:07:041	Fenix:arm	debug	0.0,13.0,1.0,3.0,0.0,1.0,123.0
2025-02-16 15:22:07:043	Fenix:endEffector	debug	0.0,-93.00000000000001,0.3788888888888889
2025-02-16 15:22:07:044	Fenix:stateModels	debug	START, START, START, START, START, START, START, START, START, START
2025-02-16 15:22:07:046	Fenix:buttonPresses	debug	0.0
2025-02-16 15:22:07:076	Fenix:drivetrain	debug	0.0,-0.0,-0.0,-0.0,3.0,0.0,3.0,3.0
2025-02-16 15:22:07:087	Fenix:arm	debug	0.0,13.0,1.0,10.0,0.0,1.0,120.0
2025-02-16 15:22:07:089	Fenix:endEffector	debug	0.0,-93.00000000000001,0.3788888888888889
2025-02-16 15:22:07:091	Fenix:stateModels	debug	START, START, START, START, START, START, START, START, START, START
2025-02-16 15:22:07:092	Fenix:buttonPresses	debug	0.0
2025-02-16 15:22:07:127	Fenix:drivetrain	debug	0.0,-0.0,-0.0,-0.0,0.0,3.0,3.0,0.0
2025-02-16 15:22:07:141	Fenix:arm	debug	0.0,13.0,1.0,3.0,0.0,1.0,123.0
2025-02-16 15:22:07:143	Fenix:endEffector	debug	0.0,-93.00000000000001,0.3788888888888889
2025-02-16 15:22:07:144	Fenix:stateModels	debug	START, START, START, START, START, START, START, START, START, START
2025-02-16 15:22:07:146	Fenix:buttonPresses	debug	0.0
2025-02-16 15:22:07:175	Fenix:drivetrain	debug	0.0,-0.0,-0.0,-0.0,0.0,0.0,3.0,0.0
2025-02-16 15:22:07:185	Fenix:arm	debug	0.0,13.0,1.0,0.0,0.0,1.0,123.0
2025-02-16 15:22:07:187	Fenix:endEffector	debug	0.0,-93.00000000000001,0.3788888888888889
2025-02-16 15:22:07:188	Fenix:stateModels	debug	START, START, START, START, START, START, START, START, START, START
2025-02-16 15:22:07:190	Fenix:buttonPresses	debug	0.0
2025-02-16 15:22:07:214	Fenix:drivetrain	debug	0.0,-0.0,-0.0,-0.0,3.0,3.0,3.0,0.0
2025-02-16 15:22:07:224	Fenix:arm	debug	0.0,13.0,1.0,10.0,0.0,1.0,127.0
2025-02-16 15:22:07:225	Fenix:endEffector	debug	0.0,-93.00000000000001,0.3788888888888889
2025-02-16 15:22:07:227	Fenix:stateModels	debug	START, START, START, START, START, START, START, START, START, START
2025-02-16 15:22:07:228	Fenix:buttonPresses	debug	0.0
2025-02-16 15:22:07:254	Fenix:drivetrain	debug	0.0,-0.0,-0.0,-0.0,3.0,0.0,7.0,0.0
2025-02-16 15:22:07:266	Fenix:arm	debug	0.0,13.0,1.0,3.0,0.0,1.0,123.0
2025-02-16 15:22:07:268	Fenix:endEffector	debug	0.0,-93.00000000000001,0.3788888888888889
2025-02-16 15:22:07:269	Fenix:stateModels	debug	START, START, START, START, START, START, START, START, START, START
2025-02-16 15:22:07:271	Fenix:buttonPresses	debug	0.0
2025-02-16 15:22:07:296	Fenix:drivetrain	debug	0.0,-0.0,-0.0,-0.0,3.0,0.0,3.0,3.0
2025-02-16 15:22:07:307	Fenix:arm	debug	0.0,13.0,1.0,3.0,0.0,1.0,127.0
2025-02-16 15:22:07:308	Fenix:endEffector	debug	0.0,-93.00000000000001,0.3788888888888889
2025-02-16 15:22:07:309	Fenix:stateModels	debug	START, START, START, START, START, START, START, START, START, START
2025-02-16 15:22:07:311	Fenix:buttonPresses	debug	0.0
2025-02-16 15:22:07:346	Fenix:drivetrain	debug	0.0,-0.0,-0.0,-0.0,3.0,0.0,3.0,0.0
2025-02-16 15:22:07:358	Fenix:arm	debug	0.0,13.0,1.0,3.0,0.0,1.0,120.0
2025-02-16 15:22:07:361	Fenix:endEffector	debug	0.0,-93.00000000000001,0.3788888888888889
2025-02-16 15:22:07:362	Fenix:stateModels	debug	START, START, START, START, START, START, START, START, START, START
2025-02-16 15:22:07:364	Fenix:buttonPresses	debug	0.0
2025-02-16 15:22:07:395	Fenix:drivetrain	debug	0.0,-0.0,-0.0,-0.0,3.0,0.0,3.0,0.0
2025-02-16 15:22:07:408	Fenix:arm	debug	0.0,13.0,1.0,3.0,0.0,1.0,123.0
2025-02-16 15:22:07:413	Fenix:endEffector	debug	0.0,-93.00000000000001,0.3788888888888889
2025-02-16 15:22:07:416	Fenix:stateModels	debug	START, START, START, START, START, START, START, START, START, START
2025-02-16 15:22:07:418	Fenix:buttonPresses	debug	0.0
2025-02-16 15:22:07:450	Fenix:drivetrain	debug	0.0,-0.0,-0.0,-0.0,3.0,0.0,3.0,0.0
2025-02-16 15:22:07:462	Fenix:arm	debug	0.0,13.0,1.0,3.0,0.0,1.0,123.0
2025-02-16 15:22:07:464	Fenix:endEffector	debug	0.0,-93.00000000000001,0.3788888888888889
2025-02-16 15:22:07:466	Fenix:stateModels	debug	START, START, START, START, START, START, START, START, START, START
2025-02-16 15:22:07:467	Fenix:buttonPresses	debug	0.0
2025-02-16 15:22:07:495	Fenix:drivetrain	debug	0.0,-0.0,-0.0,-0.0,0.0,0.0,3.0,0.0
2025-02-16 15:22:07:506	Fenix:arm	debug	0.0,13.0,1.0,3.0,0.0,1.0,123.0
2025-02-16 15:22:07:508	Fenix:endEffector	debug	0.0,-93.00000000000001,0.3788888888888889
2025-02-16 15:22:07:510	Fenix:stateModels	debug	START, START, START, START, START, START, START, START, START, START
2025-02-16 15:22:07:512	Fenix:buttonPresses	debug	0.0
2025-02-16 15:22:07:548	Fenix:drivetrain	debug	0.0,-0.0,-0.0,-0.0,0.0,0.0,3.0,0.0
2025-02-16 15:22:07:561	Fenix:arm	debug	0.0,13.0,1.0,0.0,0.0,1.0,123.0
2025-02-16 15:22:07:563	Fenix:endEffector	debug	0.0,-93.00000000000001,0.3788888888888889
2025-02-16 15:22:07:565	Fenix:stateModels	debug	START, START, START, START, START, START, START, START, START, START
2025-02-16 15:22:07:567	Fenix:buttonPresses	debug	0.0
2025-02-16 15:22:07:600	Fenix:drivetrain	debug	0.0,-0.0,-0.0,-0.0,3.0,0.0,3.0,0.0
2025-02-16 15:22:07:612	Fenix:arm	debug	0.0,13.0,1.0,0.0,0.0,1.0,127.0
2025-02-16 15:22:07:615	Fenix:endEffector	debug	0.0,-93.00000000000001,0.3788888888888889
2025-02-16 15:22:07:617	Fenix:stateModels	debug	START, START, START, START, START, START, START, START, START, START
2025-02-16 15:22:07:619	Fenix:buttonPresses	debug	0.0
2025-02-16 15:22:07:650	Fenix:drivetrain	debug	0.0,-0.0,-0.0,-0.0,0.0,3.0,3.0,3.0
2025-02-16 15:22:07:664	Fenix:arm	debug	0.0,13.0,1.0,0.0,0.0,1.0,120.0
2025-02-16 15:22:07:665	Fenix:endEffector	debug	0.0,-93.00000000000001,0.3788888888888889
2025-02-16 15:22:07:667	Fenix:stateModels	debug	START, START, START, START, START, START, START, START, START, START
2025-02-16 15:22:07:668	Fenix:buttonPresses	debug	0.0
2025-02-16 15:22:07:695	Fenix:drivetrain	debug	0.0,-0.0,-0.0,-0.0,3.0,0.0,7.0,3.0
2025-02-16 15:22:07:706	Fenix:arm	debug	0.0,13.0,1.0,0.0,0.0,1.0,123.0
2025-02-16 15:22:07:707	Fenix:endEffector	debug	0.0,-93.00000000000001,0.3788888888888889
2025-02-16 15:22:07:709	Fenix:stateModels	debug	START, START, START, START, START, START, START, START, START, START
2025-02-16 15:22:07:710	Fenix:buttonPresses	debug	0.0
2025-02-16 15:22:07:739	Fenix:drivetrain	debug	0.0,-0.0,-0.0,-0.0,3.0,0.0,3.0,0.0
2025-02-16 15:22:07:752	Fenix:arm	debug	0.0,13.0,1.0,0.0,0.0,1.0,127.0
2025-02-16 15:22:07:754	Fenix:endEffector	debug	0.0,-93.00000000000001,0.3788888888888889
2025-02-16 15:22:07:756	Fenix:stateModels	debug	START, START, START, START, START, START, START, START, START, START
2025-02-16 15:22:07:757	Fenix:buttonPresses	debug	0.0
2025-02-16 15:22:07:784	Fenix:drivetrain	debug	0.0,-0.0,-0.0,-0.0,0.0,0.0,3.0,3.0
2025-02-16 15:22:07:796	Fenix:arm	debug	0.0,13.0,1.0,7.0,0.0,1.0,127.0
2025-02-16 15:22:07:798	Fenix:endEffector	debug	0.0,-93.00000000000001,0.3788888888888889
2025-02-16 15:22:07:800	Fenix:stateModels	debug	START, START, START, START, START, START, START, START, START, START
2025-02-16 15:22:07:801	Fenix:buttonPresses	debug	0.0
2025-02-16 15:22:07:828	Fenix:drivetrain	debug	0.0,-0.0,-0.0,-0.0,0.0,0.0,7.0,3.0
2025-02-16 15:22:07:839	Fenix:arm	debug	0.0,13.0,1.0,0.0,0.0,1.0,123.0
2025-02-16 15:22:07:841	Fenix:endEffector	debug	0.0,-93.00000000000001,0.3788888888888889
2025-02-16 15:22:07:843	Fenix:stateModels	debug	START, START, START, START, START, START, START, START, START, START
2025-02-16 15:22:07:844	Fenix:buttonPresses	debug	0.0
2025-02-16 15:22:07:880	Fenix:drivetrain	debug	0.0,-0.0,-0.0,-0.0,0.0,3.0,7.0,3.0
2025-02-16 15:22:07:892	Fenix:arm	debug	0.0,13.0,1.0,3.0,0.0,1.0,127.0
2025-02-16 15:22:07:895	Fenix:endEffector	debug	0.0,-93.00000000000001,0.3788888888888889
2025-02-16 15:22:07:897	Fenix:stateModels	debug	START, START, START, START, START, START, START, START, START, START
2025-02-16 15:22:07:898	Fenix:buttonPresses	debug	0.0
2025-02-16 15:22:07:931	Fenix:drivetrain	debug	0.0,-0.0,-0.0,-0.0,3.0,0.0,3.0,0.0
2025-02-16 15:22:07:944	Fenix:arm	debug	0.0,13.0,1.0,3.0,0.0,1.0,127.0
2025-02-16 15:22:07:949	Fenix:endEffector	debug	0.0,-93.00000000000001,0.3788888888888889
2025-02-16 15:22:07:951	Fenix:stateModels	debug	START, START, START, START, START, START, START, START, START, START
2025-02-16 15:22:07:953	Fenix:buttonPresses	debug	0.0
2025-02-16 15:22:07:983	Fenix:drivetrain	debug	0.0,-0.0,-0.0,-0.0,3.0,0.0,3.0,3.0
2025-02-16 15:22:07:995	Fenix:arm	debug	0.0,13.0,1.0,3.0,0.0,1.0,127.0
2025-02-16 15:22:07:997	Fenix:endEffector	debug	0.0,-93.00000000000001,0.3788888888888889
2025-02-16 15:22:07:999	Fenix:stateModels	debug	START, START, START, START, START, START, START, START, START, START
2025-02-16 15:22:08:001	Fenix:buttonPresses	debug	0.0
2025-02-16 15:22:08:042	Fenix:drivetrain	debug	0.0,-0.0,-0.0,-0.0,3.0,0.0,3.0,3.0
2025-02-16 15:22:08:054	Fenix:arm	debug	0.0,13.0,1.0,10.0,0.0,1.0,123.0
2025-02-16 15:22:08:056	Fenix:endEffector	debug	0.0,-93.00000000000001,0.3788888888888889
2025-02-16 15:22:08:059	Fenix:stateModels	debug	START, START, START, START, START, START, START, START, START, START
2025-02-16 15:22:08:061	Fenix:buttonPresses	debug	0.0
2025-02-16 15:22:08:090	Fenix:drivetrain	debug	0.0,-0.0,-0.0,-0.0,0.0,0.0,3.0,3.0
2025-02-16 15:22:08:102	Fenix:arm	debug	0.0,13.0,1.0,10.0,0.0,1.0,127.0
2025-02-16 15:22:08:104	Fenix:endEffector	debug	0.0,-93.00000000000001,0.3788888888888889
2025-02-16 15:22:08:105	Fenix:stateModels	debug	START, START, START, START, START, START, START, START, START, START
2025-02-16 15:22:08:107	Fenix:buttonPresses	debug	0.0
2025-02-16 15:22:08:134	Fenix:drivetrain	debug	0.0,-0.0,-0.0,-0.0,3.0,0.0,3.0,3.0
2025-02-16 15:22:08:145	Fenix:arm	debug	0.0,13.0,1.0,10.0,0.0,1.0,123.0
2025-02-16 15:22:08:147	Fenix:endEffector	debug	0.0,-93.00000000000001,0.3788888888888889
2025-02-16 15:22:08:149	Fenix:stateModels	debug	START, START, START, START, START, START, START, START, START, START
2025-02-16 15:22:08:151	Fenix:buttonPresses	debug	0.0
2025-02-16 15:22:08:206	Fenix:drivetrain	debug	0.0,-0.0,-0.0,-0.0,0.0,0.0,3.0,3.0
2025-02-16 15:22:08:216	Fenix:arm	debug	0.0,13.0,1.0,0.0,0.0,1.0,123.0
2025-02-16 15:22:08:218	Fenix:endEffector	debug	0.0,-93.00000000000001,0.3788888888888889
2025-02-16 15:22:08:220	Fenix:stateModels	debug	START, START, START, START, START, START, START, START, START, START
2025-02-16 15:22:08:221	Fenix:buttonPresses	debug	0.0
2025-02-16 15:22:08:250	Fenix:drivetrain	debug	0.0,-0.0,-0.0,-0.0,3.0,0.0,3.0,0.0
2025-02-16 15:22:08:261	Fenix:arm	debug	0.0,13.0,1.0,3.0,0.0,1.0,123.0
2025-02-16 15:22:08:264	Fenix:endEffector	debug	0.0,-93.00000000000001,0.3788888888888889
2025-02-16 15:22:08:266	Fenix:stateModels	debug	START, START, START, START, START, START, START, START, START, START
2025-02-16 15:22:08:268	Fenix:buttonPresses	debug	0.0
2025-02-16 15:22:08:299	Fenix:drivetrain	debug	0.0,-0.0,-0.0,-0.0,3.0,0.0,7.0,3.0
2025-02-16 15:22:08:312	Fenix:arm	debug	0.0,13.0,1.0,3.0,0.0,1.0,131.0
2025-02-16 15:22:08:314	Fenix:endEffector	debug	0.0,-93.00000000000001,0.3788888888888889
2025-02-16 15:22:08:316	Fenix:stateModels	debug	START, START, START, START, START, START, START, START, START, START
2025-02-16 15:22:08:318	Fenix:buttonPresses	debug	0.0
2025-02-16 15:22:08:347	Fenix:drivetrain	debug	0.0,-0.0,-0.0,-0.0,0.0,0.0,3.0,0.0
2025-02-16 15:22:08:359	Fenix:arm	debug	0.0,13.0,1.0,3.0,0.0,1.0,131.0
2025-02-16 15:22:08:362	Fenix:endEffector	debug	0.0,-93.00000000000001,0.3788888888888889
2025-02-16 15:22:08:364	Fenix:stateModels	debug	START, START, START, START, START, START, START, START, START, START
2025-02-16 15:22:08:366	Fenix:buttonPresses	debug	0.0
2025-02-16 15:22:08:405	Fenix:drivetrain	debug	0.0,-0.0,-0.0,-0.0,0.0,3.0,3.0,0.0
2025-02-16 15:22:08:419	Fenix:arm	debug	0.0,13.0,1.0,10.0,0.0,1.0,127.0
2025-02-16 15:22:08:422	Fenix:endEffector	debug	0.0,-93.00000000000001,0.3788888888888889
2025-02-16 15:22:08:424	Fenix:stateModels	debug	START, START, START, START, START, START, START, START, START, START
2025-02-16 15:22:08:426	Fenix:buttonPresses	debug	0.0
2025-02-16 15:22:08:462	Fenix:drivetrain	debug	0.0,-0.0,-0.0,-0.0,3.0,0.0,3.0,0.0
2025-02-16 15:22:08:476	Fenix:arm	debug	0.0,13.0,1.0,10.0,0.0,1.0,123.0
2025-02-16 15:22:08:481	Fenix:endEffector	debug	0.0,-93.00000000000001,0.3788888888888889
2025-02-16 15:22:08:483	Fenix:stateModels	debug	START, START, START, START, START, START, START, START, START, START
2025-02-16 15:22:08:485	Fenix:buttonPresses	debug	0.0
2025-02-16 15:22:08:519	Fenix:drivetrain	debug	0.0,-0.0,-0.0,-0.0,0.0,0.0,3.0,0.0
2025-02-16 15:22:08:531	Fenix:arm	debug	0.0,13.0,1.0,3.0,0.0,1.0,123.0
2025-02-16 15:22:08:533	Fenix:endEffector	debug	0.0,-93.00000000000001,0.3788888888888889
2025-02-16 15:22:08:535	Fenix:stateModels	debug	START, START, START, START, START, START, START, START, START, START
2025-02-16 15:22:08:537	Fenix:buttonPresses	debug	0.0
2025-02-16 15:22:08:576	Fenix:drivetrain	debug	0.0,-0.0,-0.0,-0.0,3.0,0.0,3.0,10.0
2025-02-16 15:22:08:588	Fenix:arm	debug	0.0,13.0,1.0,0.0,0.0,1.0,127.0
2025-02-16 15:22:08:591	Fenix:endEffector	debug	0.0,-93.00000000000001,0.3788888888888889
2025-02-16 15:22:08:594	Fenix:stateModels	debug	START, START, START, START, START, START, START, START, START, START
2025-02-16 15:22:08:596	Fenix:buttonPresses	debug	0.0
2025-02-16 15:22:08:629	Fenix:drivetrain	debug	0.0,-0.0,-0.0,-0.0,3.0,3.0,3.0,3.0
2025-02-16 15:22:08:643	Fenix:arm	debug	0.0,13.0,1.0,0.0,0.0,1.0,127.0
2025-02-16 15:22:08:645	Fenix:endEffector	debug	0.0,-93.00000000000001,0.3788888888888889
2025-02-16 15:22:08:647	Fenix:stateModels	debug	START, START, START, START, START, START, START, START, START, START
2025-02-16 15:22:08:649	Fenix:buttonPresses	debug	0.0
2025-02-16 15:22:08:698	Fenix:drivetrain	debug	-0.9999999999999997,-0.9999999999999997,1.0,-0.9999999999999997,4005.0,3553.0,4410.0,3182.0
2025-02-16 15:22:08:712	Fenix:arm	debug	0.0,13.0,1.0,3.0,0.0,1.0,40.0
2025-02-16 15:22:08:715	Fenix:endEffector	debug	0.0,-93.00000000000001,0.3788888888888889
2025-02-16 15:22:08:717	Fenix:stateModels	debug	START, START, START, START, START, START, START, START, START, START
2025-02-16 15:22:08:720	Fenix:buttonPresses	debug	0.0
2025-02-16 15:22:08:754	Fenix:drivetrain	debug	-0.9895602269029563,-0.9895602269029563,1.0,-0.9895602269029563,4363.0,4228.0,6320.0,5496.0
2025-02-16 15:22:08:767	Fenix:arm	debug	0.024576109232769833,13.0,1.0,14.0,0.0,1.0,32.0
2025-02-16 15:22:08:770	Fenix:endEffector	debug	0.0,-93.00000000000001,0.3788888888888889
2025-02-16 15:22:08:772	Fenix:stateModels	debug	START, START, START, START, START, START, START, START, START, START
2025-02-16 15:22:08:774	Fenix:buttonPresses	debug	0.0
2025-02-16 15:22:08:804	Fenix:drivetrain	debug	-0.9895602269029563,-0.9895602269029563,1.0,-0.9895602269029563,5161.0,4253.0,5726.0,5493.0
2025-02-16 15:22:08:816	Fenix:arm	debug	0.024576109232769833,13.0,1.0,14.0,0.0,1.0,29.0
2025-02-16 15:22:08:819	Fenix:endEffector	debug	0.0,-93.00000000000001,0.3788888888888889
2025-02-16 15:22:08:820	Fenix:stateModels	debug	START, START, START, START, START, START, START, START, START, START
2025-02-16 15:22:08:823	Fenix:buttonPresses	debug	0.0
2025-02-16 15:22:08:856	Fenix:drivetrain	debug	-1.0,-1.0,1.0,-1.0,4658.0,4049.0000000000005,5292.0,4665.0
2025-02-16 15:22:08:868	Fenix:arm	debug	0.024576109232769833,13.0,1.0,174.0,0.0,1.0,32.0
2025-02-16 15:22:08:870	Fenix:endEffector	debug	0.0,-93.00000000000001,0.3788888888888889
2025-02-16 15:22:08:873	Fenix:stateModels	debug	START, START, START, START, START, START, START, START, START, START
2025-02-16 15:22:08:875	Fenix:buttonPresses	debug	0.0
2025-02-16 15:22:08:913	Fenix:drivetrain	debug	-1.0,-1.0,1.0,-1.0,3943.0,3743.0,4873.0,4403.0
2025-02-16 15:22:08:929	Fenix:arm	debug	0.024576109232769833,13.0,1.0,207.0,0.0,1.0,32.0
2025-02-16 15:22:08:934	Fenix:endEffector	debug	0.0,-93.00000000000001,0.3788888888888889
2025-02-16 15:22:08:937	Fenix:stateModels	debug	START, START, START, START, START, START, START, START, START, START
2025-02-16 15:22:08:941	Fenix:buttonPresses	debug	0.0
2025-02-16 15:22:08:978	Fenix:drivetrain	debug	-1.0,-1.0,1.0,-1.0,3725.0,3940.0,4228.0,3998.0
2025-02-16 15:22:08:992	Fenix:arm	debug	0.024576109232769833,13.0,1.0,218.0,0.0,1.0,36.0
2025-02-16 15:22:08:999	Fenix:endEffector	debug	0.0,-93.00000000000001,0.3788888888888889
2025-02-16 15:22:09:001	Fenix:stateModels	debug	START, START, START, START, START, START, START, START, START, START
2025-02-16 15:22:09:003	Fenix:buttonPresses	debug	0.0
2025-02-16 15:22:09:037	Fenix:drivetrain	debug	-1.0,-1.0,1.0,-1.0,3517.0,3597.0,3860.0,3641.0
2025-02-16 15:22:09:053	Fenix:arm	debug	0.024576109232769833,13.0,1.0,225.0,0.0,1.0,40.0
2025-02-16 15:22:09:055	Fenix:endEffector	debug	0.0,-93.00000000000001,0.3788888888888889
2025-02-16 15:22:09:058	Fenix:stateModels	debug	START, START, START, START, START, START, START, START, START, START
2025-02-16 15:22:09:061	Fenix:buttonPresses	debug	0.0
2025-02-16 15:22:09:097	Fenix:drivetrain	debug	-1.0,-1.0,1.0,-1.0,3499.0,3222.0,3517.0,3480.0
2025-02-16 15:22:09:108	Fenix:arm	debug	0.024576109232769833,13.0,1.0,225.0,0.0,1.0,36.0
2025-02-16 15:22:09:110	Fenix:endEffector	debug	0.0,-93.00000000000001,0.3788888888888889
2025-02-16 15:22:09:112	Fenix:stateModels	debug	START, START, START, START, START, START, START, START, START, START
2025-02-16 15:22:09:114	Fenix:buttonPresses	debug	0.0
2025-02-16 15:22:09:152	Fenix:drivetrain	debug	-0.0,-0.0,-0.0,-0.0,1213.0,1341.0,1585.0,1126.0
2025-02-16 15:22:09:164	Fenix:arm	debug	0.024576109232769833,13.0,1.0,302.0,0.0,1.0,102.0
2025-02-16 15:22:09:167	Fenix:endEffector	debug	0.0,-93.00000000000001,0.3788888888888889
2025-02-16 15:22:09:169	Fenix:stateModels	debug	START, START, START, START, START, START, START, START, START, START
2025-02-16 15:22:09:171	Fenix:buttonPresses	debug	0.0
2025-02-16 15:22:09:201	Fenix:drivetrain	debug	-0.0,-0.0,-0.0,-0.0,83.0,98.0,123.0,134.0
2025-02-16 15:22:09:213	Fenix:arm	debug	0.024576109232769833,13.0,1.0,200.0,0.0,1.0,105.0
2025-02-16 15:22:09:215	Fenix:endEffector	debug	0.0,-93.00000000000001,0.3788888888888889
2025-02-16 15:22:09:217	Fenix:stateModels	debug	START, START, START, START, START, START, START, START, START, START
2025-02-16 15:22:09:219	Fenix:buttonPresses	debug	0.0
2025-02-16 15:22:09:261	Fenix:drivetrain	debug	0.9880400641908026,0.9880400641908026,1.0,0.9880400641908026,5748.0,2044.0,2598.0,3572.0
2025-02-16 15:22:09:276	Fenix:arm	debug	0.024576109232769833,13.0,1.0,149.0,0.0,1.0,36.0
2025-02-16 15:22:09:278	Fenix:endEffector	debug	0.0,-93.00000000000001,0.3788888888888889
2025-02-16 15:22:09:280	Fenix:stateModels	debug	START, START, START, START, START, START, START, START, START, START
2025-02-16 15:22:09:281	Fenix:buttonPresses	debug	0.0
2025-02-16 15:22:09:312	Fenix:drivetrain	debug	0.9681727797413746,0.9681727797413746,1.0,0.9681727797413746,6054.0,4246.0,2591.0,6407.0
2025-02-16 15:22:09:322	Fenix:arm	debug	0.012288054616384917,13.0,1.0,185.0,0.0,1.0,32.0
2025-02-16 15:22:09:325	Fenix:endEffector	debug	0.0,-93.00000000000001,0.3788888888888889
2025-02-16 15:22:09:326	Fenix:stateModels	debug	START, START, START, START, START, START, START, START, START, START
2025-02-16 15:22:09:328	Fenix:buttonPresses	debug	0.0
2025-02-16 15:22:09:362	Fenix:drivetrain	debug	0.9789877782246637,0.9789877782246637,1.0,0.9789877782246637,4858.0,5066.0,1472.0,5915.0
2025-02-16 15:22:09:372	Fenix:arm	debug	0.012288054616384917,13.0,1.0,207.0,0.0,1.0,32.0
2025-02-16 15:22:09:374	Fenix:endEffector	debug	0.0,-93.00000000000001,0.3788888888888889
2025-02-16 15:22:09:375	Fenix:stateModels	debug	START, START, START, START, START, START, START, START, START, START
2025-02-16 15:22:09:377	Fenix:buttonPresses	debug	0.0
2025-02-16 15:22:09:405	Fenix:drivetrain	debug	0.9789877782246637,0.9789877782246637,1.0,0.9789877782246637,4319.0,5081.0,1581.0,5281.0
2025-02-16 15:22:09:417	Fenix:arm	debug	0.012288054616384917,13.0,1.0,218.0,0.0,1.0,32.0
2025-02-16 15:22:09:419	Fenix:endEffector	debug	0.0,-93.00000000000001,0.3788888888888889
2025-02-16 15:22:09:421	Fenix:stateModels	debug	START, START, START, START, START, START, START, START, START, START
2025-02-16 15:22:09:424	Fenix:buttonPresses	debug	0.0
2025-02-16 15:22:09:469	Fenix:drivetrain	debug	0.9920421829192981,0.9920421829192981,1.0,0.9920421829192981,3790.0,4330.0,3641.0,4100.0
2025-02-16 15:22:09:486	Fenix:arm	debug	0.012288054616384917,13.0,1.0,240.0,0.0,1.0,32.0
2025-02-16 15:22:09:490	Fenix:endEffector	debug	0.0,-93.00000000000001,0.3788888888888889
2025-02-16 15:22:09:492	Fenix:stateModels	debug	START, START, START, START, START, START, START, START, START, START
2025-02-16 15:22:09:495	Fenix:buttonPresses	debug	0.0
2025-02-16 15:22:09:538	Fenix:drivetrain	debug	0.9920421829192981,0.9920421829192981,0.9857185825001149,0.9920421829192981,3218.0,3546.0,3010.0,3178.0
2025-02-16 15:22:09:553	Fenix:arm	debug	0.0,13.0,1.0,273.0,0.0,1.0,36.0
2025-02-16 15:22:09:559	Fenix:endEffector	debug	0.0,-93.00000000000001,0.3788888888888889
2025-02-16 15:22:09:561	Fenix:stateModels	debug	START, START, START, START, START, START, START, START, START, START
2025-02-16 15:22:09:563	Fenix:buttonPresses	debug	0.0
2025-02-16 15:22:09:608	Fenix:drivetrain	debug	-0.0,-0.0,-0.0,-0.0,973.0,809.0,645.0,984.0
2025-02-16 15:22:09:620	Fenix:arm	debug	0.0,13.0,1.0,145.0,0.0,1.0,83.0
2025-02-16 15:22:09:622	Fenix:endEffector	debug	0.0,-93.00000000000001,0.3788888888888889
2025-02-16 15:22:09:624	Fenix:stateModels	debug	START, START, START, START, START, START, START, START, START, START
2025-02-16 15:22:09:626	Fenix:buttonPresses	debug	0.0
2025-02-16 15:22:09:655	Fenix:drivetrain	debug	-0.0,-0.0,-0.0,-0.0,72.0,61.0,43.0,76.0
2025-02-16 15:22:09:666	Fenix:arm	debug	0.012288054616384917,13.00000238416429,1.0,167.0,0.03343810606567244,1.0,156.0
2025-02-16 15:22:09:668	Fenix:endEffector	debug	0.0,-93.00000000000001,0.3788888888888889
2025-02-16 15:22:09:670	Fenix:stateModels	debug	START, START, START, START, START, START, START, START, START, START
2025-02-16 15:22:09:671	Fenix:buttonPresses	debug	0.0
2025-02-16 15:22:09:698	Fenix:drivetrain	debug	-0.0,-0.0,-0.0,-0.0,14.0,10.0,10.0,10.0
2025-02-16 15:22:09:710	Fenix:arm	debug	0.024576109232769833,13.00000238416429,1.0,379.0,0.03343810606567244,1.0,251.0
2025-02-16 15:22:09:712	Fenix:endEffector	debug	0.0,-93.00000000000001,0.3788888888888889
2025-02-16 15:22:09:713	Fenix:stateModels	debug	START, START, START, START, START, START, START, START, START, START
2025-02-16 15:22:09:715	Fenix:buttonPresses	debug	0.0
2025-02-16 15:22:09:742	Fenix:drivetrain	debug	-0.0,-0.0,-0.0,-0.0,3.0,3.0,3.0,3.0
2025-02-16 15:22:09:754	Fenix:arm	debug	0.024576109232769833,13.00000238416429,1.0,400.0,0.03343810606567244,1.0,207.0
2025-02-16 15:22:09:756	Fenix:endEffector	debug	0.0,-93.00000000000001,0.3788888888888889
2025-02-16 15:22:09:758	Fenix:stateModels	debug	START, START, START, START, START, START, START, START, START, START
2025-02-16 15:22:09:759	Fenix:buttonPresses	debug	0.0
2025-02-16 15:22:09:788	Fenix:drivetrain	debug	-0.0,-0.0,-0.0,-0.0,3.0,3.0,7.0,7.0
2025-02-16 15:22:09:800	Fenix:arm	debug	0.024576109232769833,13.00000238416429,1.0,382.0,0.03343810606567244,1.0,196.0
2025-02-16 15:22:09:802	Fenix:endEffector	debug	0.0,-93.00000000000001,0.3788888888888889
2025-02-16 15:22:09:804	Fenix:stateModels	debug	START, START, START, START, START, START, START, START, START, START
2025-02-16 15:22:09:806	Fenix:buttonPresses	debug	0.0
2025-02-16 15:22:09:832	Fenix:drivetrain	debug	-0.0,-0.0,-0.0,-0.0,3.0,3.0,3.0,3.0
2025-02-16 15:22:09:845	Fenix:arm	debug	0.024576109232769833,13.00000238416429,1.0,411.0,0.03343810606567244,1.0,207.0
2025-02-16 15:22:09:847	Fenix:endEffector	debug	0.0,-93.00000000000001,0.3788888888888889
2025-02-16 15:22:09:849	Fenix:stateModels	debug	START, START, START, START, START, START, START, START, START, START
2025-02-16 15:22:09:850	Fenix:buttonPresses	debug	0.0
2025-02-16 15:22:09:877	Fenix:drivetrain	debug	-0.0,-0.0,-0.0,-0.0,3.0,3.0,3.0,3.0
2025-02-16 15:22:09:888	Fenix:arm	debug	0.024576109232769833,13.00000238416429,1.0,426.0,0.03343810606567244,1.0,218.0
2025-02-16 15:22:09:890	Fenix:endEffector	debug	0.0,-93.00000000000001,0.3788888888888889
2025-02-16 15:22:09:891	Fenix:stateModels	debug	START, START, START, START, START, START, START, START, START, START
2025-02-16 15:22:09:893	Fenix:buttonPresses	debug	0.0
2025-02-16 15:22:09:920	Fenix:drivetrain	debug	-0.0,-0.0,-0.0,-0.0,3.0,3.0,3.0,3.0
2025-02-16 15:22:09:931	Fenix:arm	debug	0.024576109232769833,13.00000238416429,1.0,419.0,0.03343810606567244,1.0,247.0
2025-02-16 15:22:09:934	Fenix:endEffector	debug	0.0,-93.00000000000001,0.3788888888888889
2025-02-16 15:22:09:935	Fenix:stateModels	debug	START, START, START, START, START, START, START, START, START, START
2025-02-16 15:22:09:937	Fenix:buttonPresses	debug	0.0
2025-02-16 15:22:09:979	Fenix:drivetrain	debug	-0.0,-0.0,-0.0,-0.0,3.0,3.0,7.0,3.0
2025-02-16 15:22:09:992	Fenix:arm	debug	0.024576109232769833,13.00000238416429,1.0,422.0,0.03343810606567244,1.0,258.0
2025-02-16 15:22:09:996	Fenix:endEffector	debug	0.0,-93.00000000000001,0.3788888888888889
2025-02-16 15:22:09:997	Fenix:stateModels	debug	START, START, START, START, START, START, START, START, START, START
2025-02-16 15:22:09:999	Fenix:buttonPresses	debug	0.0
2025-02-16 15:22:10:026	Fenix:drivetrain	debug	-0.0,-0.0,-0.0,-0.0,0.0,0.0,3.0,0.0
2025-02-16 15:22:10:038	Fenix:arm	debug	0.024576109232769833,13.00000238416429,1.0,400.0,0.03343810606567244,1.0,251.0
2025-02-16 15:22:10:039	Fenix:endEffector	debug	0.0,-93.00000000000001,0.3788888888888889
2025-02-16 15:22:10:041	Fenix:stateModels	debug	START, START, START, START, START, START, START, START, START, START
2025-02-16 15:22:10:043	Fenix:buttonPresses	debug	0.0
2025-02-16 15:22:10:090	Fenix:drivetrain	debug	-0.9983596773043069,-0.9983596773043069,1.0,-0.9983596773043069,4953.0,3007.0,4140.0,3499.0
2025-02-16 15:22:10:103	Fenix:arm	debug	0.024576109232769833,13.00000238416429,1.0,200.0,0.03343810606567244,1.0,80.0
2025-02-16 15:22:10:107	Fenix:endEffector	debug	0.0,-93.00000000000001,0.3788888888888889
2025-02-16 15:22:10:109	Fenix:stateModels	debug	START, START, START, START, START, START, START, START, START, START
2025-02-16 15:22:10:111	Fenix:buttonPresses	debug	0.0
2025-02-16 15:22:10:147	Fenix:drivetrain	debug	-0.9774281058367418,-0.9774281058367418,1.0,-0.9774281058367418,4585.0,2934.0,6229.0,6047.0
2025-02-16 15:22:10:158	Fenix:arm	debug	0.024576109232769833,13.00000238416429,1.0,182.0,0.03343810606567244,1.0,138.0
2025-02-16 15:22:10:159	Fenix:endEffector	debug	0.0,-93.00000000000001,0.3788888888888889
2025-02-16 15:22:10:161	Fenix:stateModels	debug	START, START, START, START, START, START, START, START, START, START
2025-02-16 15:22:10:163	Fenix:buttonPresses	debug	0.0
2025-02-16 15:22:10:190	Fenix:drivetrain	debug	-0.9774281058367418,-0.9774281058367418,1.0,-0.9774281058367418,4512.0,4217.0,5580.0,5376.0
2025-02-16 15:22:10:204	Fenix:arm	debug	0.024576109232769833,13.00000238416429,1.0,193.0,0.03343810606567244,1.0,164.0
2025-02-16 15:22:10:206	Fenix:endEffector	debug	0.0,-93.00000000000001,0.3788888888888889
2025-02-16 15:22:10:208	Fenix:stateModels	debug	START, START, START, START, START, START, START, START, START, START
2025-02-16 15:22:10:210	Fenix:buttonPresses	debug	0.0
2025-02-16 15:22:10:268	Fenix:drivetrain	debug	-0.9774281058367418,-0.9774281058367418,1.0,-0.9774281058367418,3801.0,4184.0,4920.0,4439.0
2025-02-16 15:22:10:280	Fenix:arm	debug	0.0,13.00000238416429,1.0,47.0,0.03343810606567244,1.0,196.0
2025-02-16 15:22:10:281	Fenix:endEffector	debug	0.0,-93.00000000000001,0.3788888888888889
2025-02-16 15:22:10:283	Fenix:stateModels	debug	START, START, START, START, START, START, START, START, START, START
2025-02-16 15:22:10:285	Fenix:buttonPresses	debug	0.0
2025-02-16 15:22:10:311	Fenix:drivetrain	debug	-0.9774281058367418,-0.9774281058367418,1.0,-0.9774281058367418,3539.0,4173.0,4516.0,4060.0000000000005
2025-02-16 15:22:10:323	Fenix:arm	debug	0.0,13.00000238416429,1.0,3.0,0.03343810606567244,1.0,204.0
2025-02-16 15:22:10:325	Fenix:endEffector	debug	0.0,-93.00000000000001,0.3788888888888889
2025-02-16 15:22:10:327	Fenix:stateModels	debug	START, START, START, START, START, START, START, START, START, START
2025-02-16 15:22:10:329	Fenix:buttonPresses	debug	0.0
2025-02-16 15:22:10:363	Fenix:drivetrain	debug	-0.9913934216716097,-0.9913934216716097,1.0,-0.9913934216716097,3371.0,4005.0,4188.0,3615.0
2025-02-16 15:22:10:375	Fenix:arm	debug	0.0,13.00000238416429,1.0,7.0,0.03343810606567244,1.0,211.0
2025-02-16 15:22:10:378	Fenix:endEffector	debug	0.0,-93.00000000000001,0.3788888888888889
2025-02-16 15:22:10:380	Fenix:stateModels	debug	START, START, START, START, START, START, START, START, START, START
2025-02-16 15:22:10:383	Fenix:buttonPresses	debug	0.0
2025-02-16 15:22:10:416	Fenix:drivetrain	debug	-0.872947338289597,-0.872947338289597,0.8803068122293971,-0.872947338289597,2908.0,3557.0,3557.0,3061.0
2025-02-16 15:22:10:428	Fenix:arm	debug	0.0,13.00000238416429,1.0,14.0,0.03343810606567244,1.0,244.0
2025-02-16 15:22:10:430	Fenix:endEffector	debug	0.0,-93.00000000000001,0.3788888888888889
2025-02-16 15:22:10:431	Fenix:stateModels	debug	START, START, START, START, START, START, START, START, START, START
2025-02-16 15:22:10:433	Fenix:buttonPresses	debug	0.0
2025-02-16 15:22:10:470	Fenix:drivetrain	debug	-0.0,-0.0,-0.0,-0.0,936.0,1476.0,1443.0,1443.0
2025-02-16 15:22:10:481	Fenix:arm	debug	0.0,13.00000238416429,1.0,7.0,0.03343810606567244,1.0,320.0
2025-02-16 15:22:10:483	Fenix:endEffector	debug	0.0,-93.00000000000001,0.3788888888888889
2025-02-16 15:22:10:485	Fenix:stateModels	debug	START, START, START, START, START, START, START, START, START, START
2025-02-16 15:22:10:486	Fenix:buttonPresses	debug	0.0
2025-02-16 15:22:10:526	Fenix:drivetrain	debug	-0.0,-0.0,-0.0,-0.0,69.0,109.0,116.0,65.0
2025-02-16 15:22:10:541	Fenix:arm	debug	0.0,13.0,1.0,3.0,0.0,1.0,204.0
2025-02-16 15:22:10:545	Fenix:endEffector	debug	0.0,-93.00000000000001,0.3788888888888889
2025-02-16 15:22:10:547	Fenix:stateModels	debug	START, START, START, START, START, START, START, START, START, START
2025-02-16 15:22:10:548	Fenix:buttonPresses	debug	0.0
2025-02-16 15:22:10:578	Fenix:drivetrain	debug	-0.0,-0.0,-0.0,-0.0,10.0,10.0,10.0,10.0
2025-02-16 15:22:10:589	Fenix:arm	debug	0.0,13.00000238416429,1.0,0.0,0.03343810606567244,1.0,10.0
2025-02-16 15:22:10:591	Fenix:endEffector	debug	0.0,-93.00000000000001,0.3788888888888889
2025-02-16 15:22:10:593	Fenix:stateModels	debug	START, START, START, START, START, START, START, START, START, START
2025-02-16 15:22:10:595	Fenix:buttonPresses	debug	0.0
2025-02-16 15:22:10:627	Fenix:drivetrain	debug	-0.0,-0.0,-0.0,-0.0,7.0,3.0,7.0,3.0
2025-02-16 15:22:10:640	Fenix:arm	debug	0.0,13.00000238416429,1.0,0.0,0.03343810606567244,1.0,375.0
2025-02-16 15:22:10:645	Fenix:endEffector	debug	0.0,-93.00000000000001,0.3788888888888889
2025-02-16 15:22:10:647	Fenix:stateModels	debug	START, START, START, START, START, START, START, START, START, START
2025-02-16 15:22:10:648	Fenix:buttonPresses	debug	0.0
2025-02-16 15:22:10:680	Fenix:drivetrain	debug	-0.0,-0.0,-0.0,-0.0,3.0,0.0,7.0,3.0
2025-02-16 15:22:10:691	Fenix:arm	debug	0.0,13.00000238416429,1.0,0.0,0.03343810606567244,1.0,393.0
2025-02-16 15:22:10:693	Fenix:endEffector	debug	0.0,-93.00000000000001,0.3788888888888889
2025-02-16 15:22:10:695	Fenix:stateModels	debug	START, START, START, START, START, START, START, START, START, START
2025-02-16 15:22:10:697	Fenix:buttonPresses	debug	0.0
2025-02-16 15:22:10:724	Fenix:drivetrain	debug	-0.0,-0.0,-0.0,-0.0,3.0,3.0,3.0,3.0
2025-02-16 15:22:10:735	Fenix:arm	debug	0.0,13.00000238416429,1.0,0.0,0.03343810606567244,1.0,393.0
2025-02-16 15:22:10:737	Fenix:endEffector	debug	0.0,-93.00000000000001,0.3788888888888889
2025-02-16 15:22:10:738	Fenix:stateModels	debug	START, START, START, START, START, START, START, START, START, START
2025-02-16 15:22:10:740	Fenix:buttonPresses	debug	0.0
2025-02-16 15:22:10:770	Fenix:drivetrain	debug	-0.0,-0.0,-0.0,-0.0,3.0,3.0,3.0,3.0
2025-02-16 15:22:10:784	Fenix:arm	debug	0.0,13.00000238416429,1.0,3.0,0.03343810606567244,1.0,353.0
2025-02-16 15:22:10:787	Fenix:endEffector	debug	0.0,-93.00000000000001,0.3788888888888889
2025-02-16 15:22:10:790	Fenix:stateModels	debug	START, START, START, START, START, START, START, START, START, START
2025-02-16 15:22:10:792	Fenix:buttonPresses	debug	0.0
2025-02-16 15:22:10:837	Fenix:drivetrain	debug	0.999317935146576,0.999317935146576,1.0,0.999317935146576,4020.0000000000005,3007.0,4326.0,3262.0
2025-02-16 15:22:10:850	Fenix:arm	debug	0.0,13.00000238416429,1.0,7.0,0.03343810606567244,1.0,156.0
2025-02-16 15:22:10:853	Fenix:endEffector	debug	0.0,-93.00000000000001,0.3788888888888889
2025-02-16 15:22:10:855	Fenix:stateModels	debug	START, START, START, START, START, START, START, START, START, START
2025-02-16 15:22:10:857	Fenix:buttonPresses	debug	0.0
2025-02-16 15:22:10:891	Fenix:drivetrain	debug	0.9811173600018762,0.9811173600018762,1.0,0.9811173600018762,4516.0,5893.0,4096.0,5853.0
2025-02-16 15:22:10:903	Fenix:arm	debug	0.0,13.00000238416429,1.0,21.0,0.03343810606567244,1.0,142.0
2025-02-16 15:22:10:905	Fenix:endEffector	debug	0.0,-93.00000000000001,0.3788888888888889
2025-02-16 15:22:10:907	Fenix:stateModels	debug	START, START, START, START, START, START, START, START, START, START
2025-02-16 15:22:10:909	Fenix:buttonPresses	debug	0.0
2025-02-16 15:22:10:939	Fenix:drivetrain	debug	0.9811173600018762,0.9811173600018762,1.0,0.9811173600018762,3838.0,5726.0,3648.0,5310.0
2025-02-16 15:22:10:950	Fenix:arm	debug	0.0,13.00000238416429,1.0,7.0,0.03343810606567244,1.0,171.0
2025-02-16 15:22:10:952	Fenix:endEffector	debug	0.0,-93.00000000000001,0.3788888888888889
2025-02-16 15:22:10:954	Fenix:stateModels	debug	START, START, START, START, START, START, START, START, START, START
2025-02-16 15:22:10:957	Fenix:buttonPresses	debug	0.0
2025-02-16 15:22:10:989	Fenix:drivetrain	debug	0.9955161539598892,0.9955161539598892,1.0,0.9955161539598892,3109.0,5237.0,4045.0,4636.0
2025-02-16 15:22:11:002	Fenix:arm	debug	0.0,13.00000238416429,1.0,14.0,0.03343810606567244,1.0,193.0
2025-02-16 15:22:11:004	Fenix:endEffector	debug	0.0,-93.00000000000001,0.3788888888888889
2025-02-16 15:22:11:006	Fenix:stateModels	debug	START, START, START, START, START, START, START, START, START, START
2025-02-16 15:22:11:008	Fenix:buttonPresses	debug	0.0
2025-02-16 15:22:11:054	Fenix:drivetrain	debug	0.9955161539598892,0.9955161539598892,1.0,0.9955161539598892,3590.0,4333.0,3863.0,3510.0
2025-02-16 15:22:11:070	Fenix:arm	debug	0.0,13.00000238416429,1.0,3.0,0.03343810606567244,1.0,225.0
2025-02-16 15:22:11:073	Fenix:endEffector	debug	0.0,-93.00000000000001,0.3788888888888889
2025-02-16 15:22:11:076	Fenix:stateModels	debug	START, START, START, START, START, START, START, START, START, START
2025-02-16 15:22:11:078	Fenix:buttonPresses	debug	0.0
2025-02-16 15:22:11:116	Fenix:drivetrain	debug	0.9955161539598892,0.9955161539598892,0.9864335239670147,0.9955161539598892,3094.0,3757.0,3098.0,3149.0
2025-02-16 15:22:11:127	Fenix:arm	debug	0.0,13.00000238416429,1.0,3.0,0.03343810606567244,1.0,244.0
2025-02-16 15:22:11:130	Fenix:endEffector	debug	0.0,-93.00000000000001,0.3788888888888889
2025-02-16 15:22:11:132	Fenix:stateModels	debug	START, START, START, START, START, START, START, START, START, START
2025-02-16 15:22:11:134	Fenix:buttonPresses	debug	0.0
2025-02-16 15:22:11:173	Fenix:drivetrain	debug	0.9955161539598892,0.9955161539598892,0.9864335239670147,0.9955161539598892,2759.0,3397.0,2846.0,2722.0
2025-02-16 15:22:11:188	Fenix:arm	debug	0.0,13.00000238416429,1.0,10.0,0.03343810606567244,1.0,247.0
2025-02-16 15:22:11:195	Fenix:endEffector	debug	0.0,-93.00000000000001,0.3788888888888889
2025-02-16 15:22:11:198	Fenix:stateModels	debug	START, START, START, START, START, START, START, START, START, START
2025-02-16 15:22:11:201	Fenix:buttonPresses	debug	0.0
2025-02-16 15:22:11:230	Fenix:drivetrain	debug	0.9955161539598892,0.9955161539598892,0.9864335239670147,0.9955161539598892,2394.0,2996.0,2547.0,2398.0
2025-02-16 15:22:11:243	Fenix:arm	debug	0.0,13.00000238416429,1.0,3.0,0.03343810606567244,1.0,262.0
2025-02-16 15:22:11:246	Fenix:endEffector	debug	0.0,-93.00000000000001,0.3788888888888889
2025-02-16 15:22:11:249	Fenix:stateModels	debug	START, START, START, START, START, START, START, START, START, START
2025-02-16 15:22:11:252	Fenix:buttonPresses	debug	0.0
2025-02-16 15:22:11:293	Fenix:drivetrain	debug	0.9955161539598892,0.9955161539598892,0.9864335239670147,0.9955161539598892,2183.0,2711.0,2259.0,2059.0
2025-02-16 15:22:11:311	Fenix:arm	debug	0.0,13.00000238416429,1.0,3.0,0.03343810606567244,1.0,284.0
2025-02-16 15:22:11:314	Fenix:endEffector	debug	0.0,-93.00000000000001,0.3788888888888889
2025-02-16 15:22:11:317	Fenix:stateModels	debug	START, START, START, START, START, START, START, START, START, START
2025-02-16 15:22:11:319	Fenix:buttonPresses	debug	0.0
2025-02-16 15:22:11:358	Fenix:drivetrain	debug	0.9955161539598892,0.9955161539598892,0.975902305396293,0.9955161539598892,1931.0,2511.0,2095.0,1822.0
2025-02-16 15:22:11:373	Fenix:arm	debug	0.0,13.00000238416429,1.0,0.0,0.03343810606567244,1.0,287.0
2025-02-16 15:22:11:376	Fenix:endEffector	debug	0.0,-93.00000000000001,0.3788888888888889
2025-02-16 15:22:11:379	Fenix:stateModels	debug	START, START, START, START, START, START, START, START, START, START
2025-02-16 15:22:11:381	Fenix:buttonPresses	debug	0.0
2025-02-16 15:22:11:413	Fenix:drivetrain	debug	0.9955161539598892,0.9955161539598892,0.975902305396293,0.9955161539598892,1811.0,2343.0,1931.0,1516.0
2025-02-16 15:22:11:424	Fenix:arm	debug	0.0,13.00000238416429,1.0,0.0,0.03343810606567244,1.0,291.0
2025-02-16 15:22:11:427	Fenix:endEffector	debug	0.0,-93.00000000000001,0.3788888888888889
2025-02-16 15:22:11:429	Fenix:stateModels	debug	START, START, START, START, START, START, START, START, START, START
2025-02-16 15:22:11:431	Fenix:buttonPresses	debug	0.0
2025-02-16 15:22:11:461	Fenix:drivetrain	debug	0.9955161539598892,0.9955161539598892,0.975902305396293,0.9955161539598892,1509.0,2074.0,1818.0,1432.0
2025-02-16 15:22:11:473	Fenix:arm	debug	0.0,13.00000238416429,1.0,14.0,0.03343810606567244,1.0,306.0
2025-02-16 15:22:11:475	Fenix:endEffector	debug	0.0,-93.00000000000001,0.3788888888888889
2025-02-16 15:22:11:477	Fenix:stateModels	debug	START, START, START, START, START, START, START, START, START, START
2025-02-16 15:22:11:479	Fenix:buttonPresses	debug	0.0
2025-02-16 15:22:11:530	Fenix:drivetrain	debug	-0.0,-0.0,-0.0,-0.0,273.0,554.0,484.0,521.0
2025-02-16 15:22:11:544	Fenix:arm	debug	0.0,13.00000238416429,1.0,3.0,0.03343810606567244,1.0,335.0
2025-02-16 15:22:11:546	Fenix:endEffector	debug	0.0,-93.00000000000001,0.3788888888888889
2025-02-16 15:22:11:548	Fenix:stateModels	debug	START, START, START, START, START, START, START, START, START, START
2025-02-16 15:22:11:550	Fenix:buttonPresses	debug	0.0
2025-02-16 15:22:11:588	Fenix:drivetrain	debug	-0.0,-0.0,-0.0,-0.0,21.0,29.0,25.0,21.0
2025-02-16 15:22:11:600	Fenix:arm	debug	0.03686416384915475,13.00000238416429,1.0,0.0,0.03343810606567244,1.0,506.0
2025-02-16 15:22:11:603	Fenix:endEffector	debug	0.0,-93.00000000000001,0.3788888888888889
2025-02-16 15:22:11:605	Fenix:stateModels	debug	START, START, START, START, START, START, START, START, START, START
2025-02-16 15:22:11:606	Fenix:buttonPresses	debug	0.0
2025-02-16 15:22:11:645	Fenix:drivetrain	debug	0.8098723071842759,-0.809872307184276,-0.7930732378398003,-0.809872307184276,492.0,2325.0,4825.0,2905.0
2025-02-16 15:22:11:656	Fenix:arm	debug	0.03686416384915475,13.00000238416429,1.0,240.0,0.03343810606567244,1.0,375.0
2025-02-16 15:22:11:658	Fenix:endEffector	debug	0.0,-93.00000000000001,0.3788888888888889
2025-02-16 15:22:11:660	Fenix:stateModels	debug	START, START, START, START, START, START, START, START, START, START
2025-02-16 15:22:11:662	Fenix:buttonPresses	debug	0.0
2025-02-16 15:22:11:707	Fenix:drivetrain	debug	0.9644774237980844,-0.9644774237980844,-0.9999999999999998,-0.9644774237980844,1443.0,1720.0,7720.0,1297.0
2025-02-16 15:22:11:725	Fenix:arm	debug	0.024576109232769833,13.00000238416429,1.0,324.0,0.03343810606567244,1.0,357.0
2025-02-16 15:22:11:732	Fenix:endEffector	debug	0.0,-93.00000000000001,0.3788888888888889
2025-02-16 15:22:11:735	Fenix:stateModels	debug	START, START, START, START, START, START, START, START, START, START
2025-02-16 15:22:11:737	Fenix:buttonPresses	debug	0.0
2025-02-16 15:22:11:776	Fenix:drivetrain	debug	0.7177070718414524,-0.7177070718414525,-0.9999999999999998,-0.7177070718414525,554.0,1348.0,7330.0,4406.0
2025-02-16 15:22:11:792	Fenix:arm	debug	0.024576109232769833,13.00000238416429,1.0,167.0,0.03343810606567244,1.0,346.0
2025-02-16 15:22:11:795	Fenix:endEffector	debug	0.0,-93.00000000000001,0.3788888888888889
2025-02-16 15:22:11:797	Fenix:stateModels	debug	START, START, START, START, START, START, START, START, START, START
2025-02-16 15:22:11:799	Fenix:buttonPresses	debug	0.0
2025-02-16 15:22:11:838	Fenix:drivetrain	debug	0.47818992108712166,-0.478189921087122,-0.8551792280813819,-0.478189921087122,164.0,426.0,5770.0,794.0
2025-02-16 15:22:11:853	Fenix:arm	debug	0.024576109232769833,13.00000238416429,1.0,317.0,0.03343810606567244,1.0,441.0
2025-02-16 15:22:11:855	Fenix:endEffector	debug	0.0,-93.00000000000001,0.3788888888888889
2025-02-16 15:22:11:857	Fenix:stateModels	debug	START, START, START, START, START, START, START, START, START, START
2025-02-16 15:22:11:859	Fenix:buttonPresses	debug	0.0
2025-02-16 15:22:11:902	Fenix:drivetrain	debug	-0.0,-0.0,-0.0,-0.0,21.0,112.0,2190.0,112.0
2025-02-16 15:22:11:914	Fenix:arm	debug	0.03686416384915475,13.00000238416429,1.0,280.0,0.03343810606567244,1.0,477.0
2025-02-16 15:22:11:916	Fenix:endEffector	debug	0.0,-93.00000000000001,0.3788888888888889
2025-02-16 15:22:11:918	Fenix:stateModels	debug	START, START, START, START, START, START, START, START, START, START
2025-02-16 15:22:11:920	Fenix:buttonPresses	debug	0.0
2025-02-16 15:22:11:949	Fenix:drivetrain	debug	-0.0,-0.0,-0.0,-0.0,3.0,10.0,189.0,14.0
2025-02-16 15:22:11:962	Fenix:arm	debug	0.04915221846553967,13.00000238416429,1.0,386.0,0.03343810606567244,1.0,477.0
2025-02-16 15:22:11:966	Fenix:endEffector	debug	0.0,-93.00000000000001,0.3788888888888889
2025-02-16 15:22:11:968	Fenix:stateModels	debug	START, START, START, START, START, START, START, START, START, START
2025-02-16 15:22:11:970	Fenix:buttonPresses	debug	0.0
2025-02-16 15:22:12:003	Fenix:drivetrain	debug	-0.0,-0.0,-0.0,-0.0,3.0,3.0,21.0,3.0
2025-02-16 15:22:12:014	Fenix:arm	debug	0.024576109232769833,13.00000238416429,1.0,174.0,0.03343810606567244,1.0,528.0
2025-02-16 15:22:12:016	Fenix:endEffector	debug	0.0,-93.00000000000001,0.3788888888888889
2025-02-16 15:22:12:018	Fenix:stateModels	debug	START, START, START, START, START, START, START, START, START, START
2025-02-16 15:22:12:020	Fenix:buttonPresses	debug	0.0
2025-02-16 15:22:12:053	Fenix:drivetrain	debug	-0.0,-0.0,-0.0,-0.0,3.0,3.0,7.0,3.0
2025-02-16 15:22:12:067	Fenix:arm	debug	0.012288054616384917,13.00000238416429,1.0,18.0,0.03343810606567244,1.0,572.0
2025-02-16 15:22:12:069	Fenix:endEffector	debug	0.0,-93.00000000000001,0.3788888888888889
2025-02-16 15:22:12:071	Fenix:stateModels	debug	START, START, START, START, START, START, START, START, START, START
2025-02-16 15:22:12:073	Fenix:buttonPresses	debug	0.0
2025-02-16 15:22:12:111	Fenix:drivetrain	debug	-0.0,-0.0,-0.0,-0.0,3.0,3.0,7.0,0.0
2025-02-16 15:22:12:124	Fenix:arm	debug	0.012288054616384917,13.00000238416429,1.0,3.0,0.03343810606567244,1.0,572.0
2025-02-16 15:22:12:127	Fenix:endEffector	debug	0.0,-93.00000000000001,0.3788888888888889
2025-02-16 15:22:12:129	Fenix:stateModels	debug	START, START, START, START, START, START, START, START, START, START
2025-02-16 15:22:12:130	Fenix:buttonPresses	debug	0.0
2025-02-16 15:22:12:159	Fenix:drivetrain	debug	-0.0,-0.0,-0.0,-0.0,0.0,3.0,7.0,3.0
2025-02-16 15:22:12:171	Fenix:arm	debug	0.012288054616384917,13.00000238416429,1.0,3.0,0.03343810606567244,1.0,554.0
2025-02-16 15:22:12:175	Fenix:endEffector	debug	0.0,-93.00000000000001,0.3788888888888889
2025-02-16 15:22:12:176	Fenix:stateModels	debug	START, START, START, START, START, START, START, START, START, START
2025-02-16 15:22:12:178	Fenix:buttonPresses	debug	0.0
2025-02-16 15:22:12:211	Fenix:drivetrain	debug	-0.0,-0.0,-0.0,-0.0,3.0,3.0,7.0,3.0
2025-02-16 15:22:12:221	Fenix:arm	debug	0.012288054616384917,13.00000238416429,1.0,0.0,0.03343810606567244,1.0,557.0
2025-02-16 15:22:12:223	Fenix:endEffector	debug	0.0,-93.00000000000001,0.3788888888888889
2025-02-16 15:22:12:224	Fenix:stateModels	debug	START, START, START, START, START, START, START, START, START, START
2025-02-16 15:22:12:226	Fenix:buttonPresses	debug	0.0
2025-02-16 15:22:12:252	Fenix:drivetrain	debug	-0.0,-0.0,-0.0,-0.0,3.0,0.0,7.0,3.0
2025-02-16 15:22:12:264	Fenix:arm	debug	0.012288054616384917,13.00000238416429,1.0,10.0,0.03343810606567244,1.0,561.0
2025-02-16 15:22:12:268	Fenix:endEffector	debug	0.0,-93.00000000000001,0.3788888888888889
2025-02-16 15:22:12:270	Fenix:stateModels	debug	START, START, START, START, START, START, START, START, START, START
2025-02-16 15:22:12:271	Fenix:buttonPresses	debug	0.0
2025-02-16 15:22:12:338	Fenix:drivetrain	debug	0.811124216062804,-0.8111242160628039,-0.8132941879181903,-0.8111242160628039,5000.0,4093.0,4392.0,4374.0
2025-02-16 15:22:12:348	Fenix:arm	debug	-0.03686416384915475,13.0,1.0,18.0,0.0,1.0,287.0
2025-02-16 15:22:12:350	Fenix:endEffector	debug	0.0,-93.00000000000001,0.3788888888888889
2025-02-16 15:22:12:352	Fenix:stateModels	debug	START, START, START, START, START, START, START, START, START, START
2025-02-16 15:22:12:353	Fenix:buttonPresses	debug	0.0
2025-02-16 15:22:12:388	Fenix:drivetrain	debug	0.7960331033945676,-0.7960331033945675,-0.9726089303471761,-0.7960331033945675,4188.0,4188.0,4446.0,3189.0
2025-02-16 15:22:12:398	Fenix:arm	debug	-0.03686416384915475,13.0,1.0,98.0,0.0,1.0,277.0
2025-02-16 15:22:12:400	Fenix:endEffector	debug	0.0,-93.00000000000001,0.3788888888888889
2025-02-16 15:22:12:402	Fenix:stateModels	debug	START, START, START, START, START, START, START, START, START, START
2025-02-16 15:22:12:404	Fenix:buttonPresses	debug	0.0
2025-02-16 15:22:12:447	Fenix:drivetrain	debug	0.0,0.0,0.0,0.0,1108.0,998.0,1166.0,987.0
2025-02-16 15:22:12:459	Fenix:arm	debug	0.012288054616384917,13.00000238416429,1.0,236.0,0.03343810606567244,1.0,466.0
2025-02-16 15:22:12:462	Fenix:endEffector	debug	0.0,-93.00000000000001,0.3788888888888889
2025-02-16 15:22:12:464	Fenix:stateModels	debug	START, START, START, START, START, START, START, START, START, START
2025-02-16 15:22:12:466	Fenix:buttonPresses	debug	0.0
2025-02-16 15:22:12:500	Fenix:drivetrain	debug	0.0,0.0,0.0,0.0,47.0,72.0,83.0,65.0
2025-02-16 15:22:12:512	Fenix:arm	debug	0.12288054616384916,13.00000238416429,1.0,10.0,0.03343810606567244,1.0,513.0
2025-02-16 15:22:12:514	Fenix:endEffector	debug	0.0,-93.00000000000001,0.3788888888888889
2025-02-16 15:22:12:516	Fenix:stateModels	debug	START, START, START, START, START, START, START, START, START, START
2025-02-16 15:22:12:519	Fenix:buttonPresses	debug	0.0
2025-02-16 15:22:12:553	Fenix:drivetrain	debug	0.0,0.0,0.0,0.0,7.0,7.0,10.0,10.0
2025-02-16 15:22:12:567	Fenix:arm	debug	0.09830443693107933,13.00000238416429,1.0,360.0,0.03343810606567244,1.0,517.0
2025-02-16 15:22:12:569	Fenix:endEffector	debug	0.0,-93.00000000000001,0.3788888888888889
2025-02-16 15:22:12:572	Fenix:stateModels	debug	START, START, START, START, START, START, START, START, START, START
2025-02-16 15:22:12:575	Fenix:buttonPresses	debug	0.0
2025-02-16 15:22:12:604	Fenix:drivetrain	debug	0.0,0.0,0.0,0.0,3.0,3.0,7.0,3.0
2025-02-16 15:22:12:615	Fenix:arm	debug	0.08601638231469441,13.00000238416429,1.0,342.0,0.03343810606567244,1.0,539.0
2025-02-16 15:22:12:617	Fenix:endEffector	debug	0.0,-93.00000000000001,0.3788888888888889
2025-02-16 15:22:12:619	Fenix:stateModels	debug	START, START, START, START, START, START, START, START, START, START
2025-02-16 15:22:12:620	Fenix:buttonPresses	debug	0.0
2025-02-16 15:22:12:657	Fenix:drivetrain	debug	0.0,0.0,0.0,0.0,3.0,3.0,7.0,3.0
2025-02-16 15:22:12:670	Fenix:arm	debug	0.08601638231469441,13.00000238416429,1.0,342.0,0.03343810606567244,1.0,535.0
2025-02-16 15:22:12:673	Fenix:endEffector	debug	0.0,-93.00000000000001,0.3788888888888889
2025-02-16 15:22:12:674	Fenix:stateModels	debug	START, START, START, START, START, START, START, START, START, START
2025-02-16 15:22:12:676	Fenix:buttonPresses	debug	0.0
2025-02-16 15:22:12:709	Fenix:drivetrain	debug	0.0,0.0,0.0,0.0,3.0,3.0,7.0,3.0
2025-02-16 15:22:12:720	Fenix:arm	debug	0.08601638231469441,13.00000238416429,1.0,346.0,0.03343810606567244,1.0,543.0
2025-02-16 15:22:12:722	Fenix:endEffector	debug	0.0,-93.00000000000001,0.3788888888888889
2025-02-16 15:22:12:724	Fenix:stateModels	debug	START, START, START, START, START, START, START, START, START, START
2025-02-16 15:22:12:726	Fenix:buttonPresses	debug	0.0
2025-02-16 15:22:12:755	Fenix:drivetrain	debug	0.0,0.0,0.0,0.0,3.0,3.0,7.0,7.0
2025-02-16 15:22:12:769	Fenix:arm	debug	0.08601638231469441,13.00000238416429,1.0,346.0,0.03343810606567244,1.0,564.0
2025-02-16 15:22:12:773	Fenix:endEffector	debug	0.0,-93.00000000000001,0.3788888888888889
2025-02-16 15:22:12:775	Fenix:stateModels	debug	START, START, START, START, START, START, START, START, START, START
2025-02-16 15:22:12:776	Fenix:buttonPresses	debug	0.0
2025-02-16 15:22:12:804	Fenix:drivetrain	debug	0.0,0.0,0.0,0.0,0.0,3.0,3.0,3.0
2025-02-16 15:22:12:817	Fenix:arm	debug	0.08601638231469441,13.00000238416429,1.0,346.0,0.03343810606567244,1.0,572.0
2025-02-16 15:22:12:819	Fenix:endEffector	debug	0.0,-93.00000000000001,0.3788888888888889
2025-02-16 15:22:12:821	Fenix:stateModels	debug	START, START, START, START, START, START, START, START, START, START
2025-02-16 15:22:12:823	Fenix:buttonPresses	debug	0.0
2025-02-16 15:22:12:851	Fenix:drivetrain	debug	0.0,0.0,0.0,0.0,3.0,3.0,3.0,0.0
2025-02-16 15:22:12:865	Fenix:arm	debug	0.08601638231469441,13.00000238416429,1.0,346.0,0.03343810606567244,1.0,575.0
2025-02-16 15:22:12:867	Fenix:endEffector	debug	0.0,-93.00000000000001,0.3788888888888889
2025-02-16 15:22:12:869	Fenix:stateModels	debug	START, START, START, START, START, START, START, START, START, START
2025-02-16 15:22:12:871	Fenix:buttonPresses	debug	0.0
2025-02-16 15:22:12:899	Fenix:drivetrain	debug	0.0,0.0,0.0,0.0,3.0,0.0,7.0,0.0
2025-02-16 15:22:12:911	Fenix:arm	debug	0.0737283276983095,13.00000238416429,1.0,335.0,0.03343810606567244,1.0,575.0
2025-02-16 15:22:12:913	Fenix:endEffector	debug	0.0,-93.00000000000001,0.3788888888888889
2025-02-16 15:22:12:915	Fenix:stateModels	debug	START, START, START, START, START, START, START, START, START, START
2025-02-16 15:22:12:917	Fenix:buttonPresses	debug	0.0
2025-02-16 15:22:12:951	Fenix:drivetrain	debug	0.0,-0.0,-0.0,-0.0,3.0,3.0,3.0,0.0
2025-02-16 15:22:12:963	Fenix:arm	debug	0.04915221846553967,13.00000238416429,1.0,328.0,0.03343810606567244,1.0,688.0
2025-02-16 15:22:12:965	Fenix:endEffector	debug	0.0,-93.00000000000001,0.3788888888888889
2025-02-16 15:22:12:966	Fenix:stateModels	debug	START, START, START, START, START, START, START, START, START, START
2025-02-16 15:22:12:968	Fenix:buttonPresses	debug	0.0
2025-02-16 15:22:12:995	Fenix:drivetrain	debug	0.0,-0.0,-0.0,-0.0,0.0,0.0,3.0,3.0
2025-02-16 15:22:13:006	Fenix:arm	debug	0.04915221846553967,13.00000238416429,1.0,444.0,0.03343810606567244,1.0,696.0
2025-02-16 15:22:13:008	Fenix:endEffector	debug	0.0,-93.00000000000001,0.3788888888888889
2025-02-16 15:22:13:009	Fenix:stateModels	debug	START, START, START, START, START, START, START, START, START, START
2025-02-16 15:22:13:010	Fenix:buttonPresses	debug	0.0
2025-02-16 15:22:13:037	Fenix:drivetrain	debug	0.0,-0.0,-0.0,-0.0,3.0,3.0,3.0,0.0
2025-02-16 15:22:13:051	Fenix:arm	debug	0.04915221846553967,13.00000238416429,1.0,470.0,0.03343810606567244,1.0,696.0
2025-02-16 15:22:13:053	Fenix:endEffector	debug	0.0,-93.00000000000001,0.3788888888888889
2025-02-16 15:22:13:055	Fenix:stateModels	debug	START, START, START, START, START, START, START, START, START, START
2025-02-16 15:22:13:056	Fenix:buttonPresses	debug	0.0
2025-02-16 15:22:13:105	Fenix:drivetrain	debug	0.9830815895722833,0.9830815895722833,-0.9830887540817084,0.9830815895722833,4319.0,3757.0,4239.0,3353.0
2025-02-16 15:22:13:116	Fenix:arm	debug	0.04915221846553967,13.00000238416429,1.0,266.0,0.03343810606567244,1.0,379.0
2025-02-16 15:22:13:118	Fenix:endEffector	debug	0.0,-93.00000000000001,0.3788888888888889
2025-02-16 15:22:13:120	Fenix:stateModels	debug	START, START, START, START, START, START, START, START, START, START
2025-02-16 15:22:13:122	Fenix:buttonPresses	debug	0.0
2025-02-16 15:22:13:165	Fenix:drivetrain	debug	1.0,1.0,-0.9830887540817084,1.0,6185.0,6309.0,4308.0,3404.0
2025-02-16 15:22:13:180	Fenix:arm	debug	0.04915221846553967,13.00000238416429,1.0,255.0,0.03343810606567244,1.0,375.0
2025-02-16 15:22:13:184	Fenix:endEffector	debug	0.0,-93.00000000000001,0.3788888888888889
2025-02-16 15:22:13:186	Fenix:stateModels	debug	START, START, START, START, START, START, START, START, START, START
2025-02-16 15:22:13:188	Fenix:buttonPresses	debug	0.0
2025-02-16 15:22:13:224	Fenix:drivetrain	debug	1.0,1.0,-0.9830887540817084,1.0,5354.0,5587.0,4472.0,3922.0
2025-02-16 15:22:13:236	Fenix:arm	debug	0.04915221846553967,13.00000238416429,1.0,247.0,0.03343810606567244,1.0,408.0
2025-02-16 15:22:13:239	Fenix:endEffector	debug	0.0,-93.00000000000001,0.3788888888888889
2025-02-16 15:22:13:241	Fenix:stateModels	debug	START, START, START, START, START, START, START, START, START, START
2025-02-16 15:22:13:243	Fenix:buttonPresses	debug	0.0
2025-02-16 15:22:13:280	Fenix:drivetrain	debug	1.0,1.0,-0.995213424049365,1.0,4887.0,4782.0,4151.0,3645.0
2025-02-16 15:22:13:295	Fenix:arm	debug	0.04915221846553967,13.00000238416429,1.0,262.0,0.03343810606567244,1.0,437.0
2025-02-16 15:22:13:299	Fenix:endEffector	debug	0.0,-93.00000000000001,0.3788888888888889
2025-02-16 15:22:13:301	Fenix:stateModels	debug	START, START, START, START, START, START, START, START, START, START
2025-02-16 15:22:13:304	Fenix:buttonPresses	debug	0.0
2025-02-16 15:22:13:338	Fenix:drivetrain	debug	1.0,1.0,-0.995213424049365,1.0,4359.0,4501.0,3725.0,3375.0
2025-02-16 15:22:13:350	Fenix:arm	debug	0.024576109232769833,13.00000238416429,1.0,287.0,0.03343810606567244,1.0,459.0
2025-02-16 15:22:13:352	Fenix:endEffector	debug	0.0,-93.00000000000001,0.3788888888888889
2025-02-16 15:22:13:354	Fenix:stateModels	debug	START, START, START, START, START, START, START, START, START, START
2025-02-16 15:22:13:357	Fenix:buttonPresses	debug	0.0
2025-02-16 15:22:13:385	Fenix:drivetrain	debug	1.0,1.0,-0.995213424049365,1.0,4067.0,4264.0,3557.0,3149.0
2025-02-16 15:22:13:398	Fenix:arm	debug	0.024576109232769833,13.00000238416429,1.0,291.0,0.03343810606567244,1.0,481.0
2025-02-16 15:22:13:400	Fenix:endEffector	debug	0.0,-93.00000000000001,0.3788888888888889
2025-02-16 15:22:13:403	Fenix:stateModels	debug	START, START, START, START, START, START, START, START, START, START
2025-02-16 15:22:13:405	Fenix:buttonPresses	debug	0.0
2025-02-16 15:22:13:442	Fenix:drivetrain	debug	0.0,0.0,0.0,0.0,1366.0,1858.0,1519.0,1720.0
2025-02-16 15:22:13:454	Fenix:arm	debug	0.024576109232769833,13.00000238416429,1.0,320.0,0.03343810606567244,1.0,667.0
2025-02-16 15:22:13:457	Fenix:endEffector	debug	0.0,-93.00000000000001,0.3788888888888889
2025-02-16 15:22:13:459	Fenix:stateModels	debug	START, START, START, START, START, START, START, START, START, START
2025-02-16 15:22:13:461	Fenix:buttonPresses	debug	0.0
2025-02-16 15:22:13:491	Fenix:drivetrain	debug	0.0,0.0,0.0,0.0,102.0,142.0,112.0,109.0
2025-02-16 15:22:13:504	Fenix:arm	debug	0.024576109232769833,13.00000238416429,1.0,357.0,0.03343810606567244,1.0,652.0
2025-02-16 15:22:13:506	Fenix:endEffector	debug	0.0,-93.00000000000001,0.3788888888888889
2025-02-16 15:22:13:508	Fenix:stateModels	debug	START, START, START, START, START, START, START, START, START, START
2025-02-16 15:22:13:510	Fenix:buttonPresses	debug	0.0
2025-02-16 15:22:13:539	Fenix:drivetrain	debug	0.0,0.0,0.0,0.0,10.0,14.0,10.0,10.0
2025-02-16 15:22:13:551	Fenix:arm	debug	0.024576109232769833,13.00000238416429,1.0,371.0,0.03343810606567244,1.0,725.0
2025-02-16 15:22:13:553	Fenix:endEffector	debug	0.0,-93.00000000000001,0.3788888888888889
2025-02-16 15:22:13:555	Fenix:stateModels	debug	START, START, START, START, START, START, START, START, START, START
2025-02-16 15:22:13:557	Fenix:buttonPresses	debug	0.0
2025-02-16 15:22:13:591	Fenix:drivetrain	debug	0.0,0.0,0.0,0.0,3.0,3.0,7.0,3.0
2025-02-16 15:22:13:608	Fenix:arm	debug	0.012288054616384917,13.00000238416429,1.0,364.0,0.03343810606567244,1.0,889.0
2025-02-16 15:22:13:611	Fenix:endEffector	debug	0.0,-93.00000000000001,0.3788888888888889
2025-02-16 15:22:13:613	Fenix:stateModels	debug	START, START, START, START, START, START, START, START, START, START
2025-02-16 15:22:13:615	Fenix:buttonPresses	debug	0.0
2025-02-16 15:22:13:645	Fenix:drivetrain	debug	0.0,0.0,0.0,0.0,3.0,3.0,7.0,14.0
2025-02-16 15:22:13:656	Fenix:arm	debug	0.012288054616384917,13.00000238416429,1.0,360.0,0.03343810606567244,1.0,867.0
2025-02-16 15:22:13:658	Fenix:endEffector	debug	0.0,-93.00000000000001,0.3788888888888889
2025-02-16 15:22:13:660	Fenix:stateModels	debug	START, START, START, START, START, START, START, START, START, START
2025-02-16 15:22:13:662	Fenix:buttonPresses	debug	0.0
2025-02-16 15:22:13:696	Fenix:drivetrain	debug	0.0,0.0,0.0,0.0,3.0,3.0,3.0,3.0
2025-02-16 15:22:13:709	Fenix:arm	debug	0.012288054616384917,13.00000238416429,1.0,364.0,0.03343810606567244,1.0,885.0
2025-02-16 15:22:13:711	Fenix:endEffector	debug	0.0,-93.00000000000001,0.3788888888888889
2025-02-16 15:22:13:713	Fenix:stateModels	debug	START, START, START, START, START, START, START, START, START, START
2025-02-16 15:22:13:714	Fenix:buttonPresses	debug	0.0
2025-02-16 15:22:13:747	Fenix:drivetrain	debug	0.0,0.0,0.0,0.0,3.0,0.0,3.0,3.0
2025-02-16 15:22:13:759	Fenix:arm	debug	0.012288054616384917,13.00000238416429,1.0,364.0,0.03343810606567244,1.0,874.0
2025-02-16 15:22:13:760	Fenix:endEffector	debug	0.0,-93.00000000000001,0.3788888888888889
2025-02-16 15:22:13:763	Fenix:stateModels	debug	START, START, START, START, START, START, START, START, START, START
2025-02-16 15:22:13:764	Fenix:buttonPresses	debug	0.0
2025-02-16 15:22:13:801	Fenix:drivetrain	debug	0.0,0.0,0.0,0.0,3.0,3.0,3.0,7.0
2025-02-16 15:22:13:816	Fenix:arm	debug	0.012288054616384917,13.00000238416429,1.0,364.0,0.03343810606567244,1.0,900.0
2025-02-16 15:22:13:821	Fenix:endEffector	debug	0.0,-93.00000000000001,0.3788888888888889
2025-02-16 15:22:13:824	Fenix:stateModels	debug	START, START, START, START, START, START, START, START, START, START
2025-02-16 15:22:13:826	Fenix:buttonPresses	debug	0.0
2025-02-16 15:22:13:861	Fenix:drivetrain	debug	0.0,0.0,0.0,0.0,0.0,3.0,3.0,0.0
2025-02-16 15:22:13:874	Fenix:arm	debug	0.012288054616384917,13.00000238416429,1.0,382.0,0.03343810606567244,1.0,918.0
2025-02-16 15:22:13:878	Fenix:endEffector	debug	0.0,-93.00000000000001,0.3788888888888889
2025-02-16 15:22:13:880	Fenix:stateModels	debug	START, START, START, START, START, START, START, START, START, START
2025-02-16 15:22:13:883	Fenix:buttonPresses	debug	0.0
2025-02-16 15:22:13:915	Fenix:drivetrain	debug	0.0,0.0,0.0,0.0,3.0,0.0,3.0,3.0
2025-02-16 15:22:13:931	Fenix:arm	debug	0.012288054616384917,13.00000238416429,1.0,375.0,0.03343810606567244,1.0,925.0
2025-02-16 15:22:13:934	Fenix:endEffector	debug	0.0,-93.00000000000001,0.3788888888888889
2025-02-16 15:22:13:937	Fenix:stateModels	debug	START, START, START, START, START, START, START, START, START, START
2025-02-16 15:22:13:939	Fenix:buttonPresses	debug	0.0
2025-02-16 15:22:13:991	Fenix:drivetrain	debug	0.6837132802049571,0.6837132802049571,0.6837053769755737,0.6837132802049571,3685.0,3313.0,3200.0,2238.0
2025-02-16 15:22:14:004	Fenix:arm	debug	0.0,13.00000238416429,1.0,280.0,0.03343810606567244,1.0,648.0
2025-02-16 15:22:14:006	Fenix:endEffector	debug	0.0,-93.00000000000001,0.3788888888888889
2025-02-16 15:22:14:008	Fenix:stateModels	debug	START, START, START, START, START, START, START, START, START, START
2025-02-16 15:22:14:010	Fenix:buttonPresses	debug	0.0
2025-02-16 15:22:14:048	Fenix:drivetrain	debug	0.9868742602841505,0.9868742602841505,1.0,0.9868742602841505,4960.0,5675.0,4177.0,5314.0
2025-02-16 15:22:14:061	Fenix:arm	debug	-0.012288054616384917,13.00000238416429,1.0,174.0,0.03343810606567244,1.0,473.0
2025-02-16 15:22:14:064	Fenix:endEffector	debug	0.0,-93.00000000000001,0.3788888888888889
2025-02-16 15:22:14:066	Fenix:stateModels	debug	START, START, START, START, START, START, START, START, START, START
2025-02-16 15:22:14:068	Fenix:buttonPresses	debug	0.0
2025-02-16 15:22:14:100	Fenix:drivetrain	debug	0.9868742602841505,0.9868742602841505,1.0,0.9868742602841505,4414.0,5832.0,2737.0,5482.0
2025-02-16 15:22:14:112	Fenix:arm	debug	-0.012288054616384917,13.00000238416429,1.0,182.0,0.03343810606567244,1.0,510.0
2025-02-16 15:22:14:114	Fenix:endEffector	debug	0.0,-93.00000000000001,0.3788888888888889
2025-02-16 15:22:14:116	Fenix:stateModels	debug	START, START, START, START, START, START, START, START, START, START
2025-02-16 15:22:14:118	Fenix:buttonPresses	debug	0.0
2025-02-16 15:22:14:146	Fenix:drivetrain	debug	0.9868742602841505,0.9868742602841505,1.0,0.9868742602841505,4228.0,5230.0,3597.0,4858.0
2025-02-16 15:22:14:160	Fenix:arm	debug	-0.012288054616384917,13.00000238416429,1.0,182.0,0.03343810606567244,1.0,594.0
2025-02-16 15:22:14:162	Fenix:endEffector	debug	0.0,-93.00000000000001,0.3788888888888889
2025-02-16 15:22:14:164	Fenix:stateModels	debug	START, START, START, START, START, START, START, START, START, START
2025-02-16 15:22:14:166	Fenix:buttonPresses	debug	0.0
2025-02-16 15:22:14:207	Fenix:drivetrain	debug	0.9868742602841505,0.9868742602841505,1.0,0.9868742602841505,3878.0,4414.0,3823.0,3892.0
2025-02-16 15:22:14:222	Fenix:arm	debug	-0.012288054616384917,13.00000238416429,1.0,215.0,0.03343810606567244,1.0,619.0
2025-02-16 15:22:14:225	Fenix:endEffector	debug	0.0,-93.00000000000001,0.3788888888888889
2025-02-16 15:22:14:227	Fenix:stateModels	debug	START, START, START, START, START, START, START, START, START, START
2025-02-16 15:22:14:229	Fenix:buttonPresses	debug	0.0
2025-02-16 15:22:14:268	Fenix:drivetrain	debug	1.0,1.0,1.0,1.0,3415.0,3994.0,3222.0,3331.0
2025-02-16 15:22:14:283	Fenix:arm	debug	-0.012288054616384917,13.00000238416429,1.0,207.0,0.03343810606567244,1.0,648.0
2025-02-16 15:22:14:286	Fenix:endEffector	debug	0.0,-93.00000000000001,0.3788888888888889
2025-02-16 15:22:14:289	Fenix:stateModels	debug	START, START, START, START, START, START, START, START, START, START
2025-02-16 15:22:14:291	Fenix:buttonPresses	debug	0.0
2025-02-16 15:22:14:334	Fenix:drivetrain	debug	1.0,1.0,0.9814536279749062,1.0,2974.0,3466.0,2886.0,2781.0
2025-02-16 15:22:14:349	Fenix:arm	debug	-0.012288054616384917,13.00000238416429,1.0,247.0,0.03343810606567244,1.0,667.0
2025-02-16 15:22:14:354	Fenix:endEffector	debug	0.0,-93.00000000000001,0.3788888888888889
2025-02-16 15:22:14:357	Fenix:stateModels	debug	START, START, START, START, START, START, START, START, START, START
2025-02-16 15:22:14:359	Fenix:buttonPresses	debug	0.0
2025-02-16 15:22:14:429	Fenix:drivetrain	debug	0.0,0.0,0.0,0.0,156.0,266.0,204.0,236.0
2025-02-16 15:22:14:442	Fenix:arm	debug	0.0,13.00000238416429,1.0,357.0,0.03343810606567244,1.0,834.0
2025-02-16 15:22:14:444	Fenix:endEffector	debug	0.0,-93.00000000000001,0.3788888888888889
2025-02-16 15:22:14:446	Fenix:stateModels	debug	START, START, START, START, START, START, START, START, START, START
2025-02-16 15:22:14:448	Fenix:buttonPresses	debug	0.0
2025-02-16 15:22:14:477	Fenix:drivetrain	debug	0.0,0.0,0.0,0.0,25.0,25.0,25.0,21.0
2025-02-16 15:22:14:488	Fenix:arm	debug	0.04915221846553967,13.00000238416429,1.0,14.0,0.03343810606567244,1.0,834.0
2025-02-16 15:22:14:490	Fenix:endEffector	debug	0.0,-93.00000000000001,0.3788888888888889
2025-02-16 15:22:14:492	Fenix:stateModels	debug	START, START, START, START, START, START, START, START, START, START
2025-02-16 15:22:14:494	Fenix:buttonPresses	debug	0.0
2025-02-16 15:22:14:521	Fenix:drivetrain	debug	0.0,0.0,0.0,0.0,3.0,7.0,7.0,7.0
2025-02-16 15:22:14:532	Fenix:arm	debug	0.04915221846553967,13.00000238416429,1.0,441.0,0.03343810606567244,1.0,885.0
2025-02-16 15:22:14:534	Fenix:endEffector	debug	0.0,-93.00000000000001,0.3788888888888889
2025-02-16 15:22:14:535	Fenix:stateModels	debug	START, START, START, START, START, START, START, START, START, START
2025-02-16 15:22:14:537	Fenix:buttonPresses	debug	0.0
2025-02-16 15:22:14:566	Fenix:drivetrain	debug	0.0,0.0,0.0,0.0,3.0,3.0,7.0,7.0
2025-02-16 15:22:14:577	Fenix:arm	debug	0.04915221846553967,13.00000238416429,1.0,324.0,0.03343810606567244,1.0,893.0
2025-02-16 15:22:14:579	Fenix:endEffector	debug	0.0,-93.00000000000001,0.3788888888888889
2025-02-16 15:22:14:580	Fenix:stateModels	debug	START, START, START, START, START, START, START, START, START, START
2025-02-16 15:22:14:582	Fenix:buttonPresses	debug	0.0
2025-02-16 15:22:14:609	Fenix:drivetrain	debug	0.0,0.0,0.0,0.0,3.0,3.0,7.0,0.0
2025-02-16 15:22:14:620	Fenix:arm	debug	0.04915221846553967,13.00000238416429,1.0,306.0,0.03343810606567244,1.0,871.0
2025-02-16 15:22:14:622	Fenix:endEffector	debug	0.0,-93.00000000000001,0.3788888888888889
2025-02-16 15:22:14:624	Fenix:stateModels	debug	START, START, START, START, START, START, START, START, START, START
2025-02-16 15:22:14:626	Fenix:buttonPresses	debug	0.0
2025-02-16 15:22:14:656	Fenix:drivetrain	debug	0.0,0.0,0.0,0.0,3.0,3.0,7.0,3.0
2025-02-16 15:22:14:667	Fenix:arm	debug	0.03686416384915475,13.00000238416429,1.0,320.0,0.03343810606567244,1.0,882.0
2025-02-16 15:22:14:669	Fenix:endEffector	debug	0.0,-93.00000000000001,0.3788888888888889
2025-02-16 15:22:14:670	Fenix:stateModels	debug	START, START, START, START, START, START, START, START, START, START
2025-02-16 15:22:14:672	Fenix:buttonPresses	debug	0.0
2025-02-16 15:22:14:701	Fenix:drivetrain	debug	0.0,0.0,0.0,0.0,0.0,3.0,3.0,3.0
2025-02-16 15:22:14:712	Fenix:arm	debug	0.03686416384915475,13.00000238416429,1.0,397.0,0.03343810606567244,1.0,885.0
2025-02-16 15:22:14:714	Fenix:endEffector	debug	0.0,-93.00000000000001,0.3788888888888889
2025-02-16 15:22:14:716	Fenix:stateModels	debug	START, START, START, START, START, START, START, START, START, START
2025-02-16 15:22:14:717	Fenix:buttonPresses	debug	0.0
2025-02-16 15:22:14:757	Fenix:drivetrain	debug	0.0,0.0,0.0,0.0,3.0,0.0,3.0,7.0
2025-02-16 15:22:14:771	Fenix:arm	debug	0.03686416384915475,13.00000238416429,1.0,342.0,0.03343810606567244,1.0,1038.0
2025-02-16 15:22:14:774	Fenix:endEffector	debug	0.0,-93.00000000000001,0.3788888888888889
2025-02-16 15:22:14:776	Fenix:stateModels	debug	START, START, START, START, START, START, START, START, START, START
2025-02-16 15:22:14:777	Fenix:buttonPresses	debug	0.0
2025-02-16 15:22:14:806	Fenix:drivetrain	debug	0.0,0.0,0.0,0.0,3.0,3.0,3.0,3.0
2025-02-16 15:22:14:817	Fenix:arm	debug	0.03686416384915475,13.00000238416429,1.0,309.0,0.03343810606567244,1.0,1038.0
2025-02-16 15:22:14:819	Fenix:endEffector	debug	0.0,-93.00000000000001,0.3788888888888889
2025-02-16 15:22:14:822	Fenix:stateModels	debug	START, START, START, START, START, START, START, START, START, START
2025-02-16 15:22:14:824	Fenix:buttonPresses	debug	0.0
2025-02-16 15:22:14:861	Fenix:drivetrain	debug	0.0,0.0,0.0,0.0,3.0,3.0,3.0,3.0
2025-02-16 15:22:14:878	Fenix:arm	debug	0.03686416384915475,13.00000238416429,1.0,375.0,0.03343810606567244,1.0,1027.0
2025-02-16 15:22:14:883	Fenix:endEffector	debug	0.0,-93.00000000000001,0.3788888888888889
2025-02-16 15:22:14:884	Fenix:stateModels	debug	START, START, START, START, START, START, START, START, START, START
2025-02-16 15:22:14:886	Fenix:buttonPresses	debug	0.0
2025-02-16 15:22:14:923	Fenix:drivetrain	debug	0.0,-0.0,-0.0,-0.0,0.0,3.0,3.0,0.0
2025-02-16 15:22:14:937	Fenix:arm	debug	0.03686416384915475,13.00000238416429,1.0,430.0,0.03343810606567244,1.0,1042.0
2025-02-16 15:22:14:938	Fenix:endEffector	debug	0.0,-93.00000000000001,0.3788888888888889
2025-02-16 15:22:14:940	Fenix:stateModels	debug	START, START, START, START, START, START, START, START, START, START
2025-02-16 15:22:14:942	Fenix:buttonPresses	debug	0.0
2025-02-16 15:22:14:970	Fenix:drivetrain	debug	0.0,-0.0,-0.0,-0.0,0.0,3.0,3.0,7.0
2025-02-16 15:22:14:983	Fenix:arm	debug	0.03686416384915475,13.00000238416429,1.0,397.0,0.03343810606567244,1.0,1042.0
2025-02-16 15:22:14:985	Fenix:endEffector	debug	0.0,-93.00000000000001,0.3788888888888889
2025-02-16 15:22:14:987	Fenix:stateModels	debug	START, START, START, START, START, START, START, START, START, START
2025-02-16 15:22:14:989	Fenix:buttonPresses	debug	0.0
2025-02-16 15:22:15:021	Fenix:drivetrain	debug	0.0,-0.0,-0.0,-0.0,3.0,0.0,3.0,3.0
2025-02-16 15:22:15:033	Fenix:arm	debug	0.03686416384915475,13.00000238416429,1.0,386.0,0.03343810606567244,1.0,1053.0
2025-02-16 15:22:15:035	Fenix:endEffector	debug	0.0,-93.00000000000001,0.3788888888888889
2025-02-16 15:22:15:037	Fenix:stateModels	debug	START, START, START, START, START, START, START, START, START, START
2025-02-16 15:22:15:041	Fenix:buttonPresses	debug	0.0
2025-02-16 15:22:15:072	Fenix:drivetrain	debug	0.0,-0.0,-0.0,-0.0,3.0,0.0,7.0,7.0
2025-02-16 15:22:15:086	Fenix:arm	debug	0.03686416384915475,13.00000238416429,1.0,448.0,0.03343810606567244,1.0,1057.0
2025-02-16 15:22:15:089	Fenix:endEffector	debug	0.0,-93.00000000000001,0.3788888888888889
2025-02-16 15:22:15:091	Fenix:stateModels	debug	START, START, START, START, START, START, START, START, START, START
2025-02-16 15:22:15:093	Fenix:buttonPresses	debug	0.0
2025-02-16 15:22:15:141	Fenix:drivetrain	debug	-0.6837614554179144,-0.6837614554179144,-0.6837405815137327,-0.6837614554179144,3779.0,3123.0,3550.0,2646.0
2025-02-16 15:22:15:154	Fenix:arm	debug	0.03686416384915475,13.00000238416429,1.0,379.0,0.03343810606567244,1.0,707.0
2025-02-16 15:22:15:157	Fenix:endEffector	debug	0.0,-93.00000000000001,0.3788888888888889
2025-02-16 15:22:15:159	Fenix:stateModels	debug	START, START, START, START, START, START, START, START, START, START
2025-02-16 15:22:15:161	Fenix:buttonPresses	debug	0.0
2025-02-16 15:22:15:202	Fenix:drivetrain	debug	-1.0,-1.0,-0.9940504523279182,-1.0,5715.0,3710.0,5562.0,2952.0
2025-02-16 15:22:15:215	Fenix:arm	debug	0.03686416384915475,13.00000238416429,1.0,233.0,0.03343810606567244,1.0,732.0
2025-02-16 15:22:15:218	Fenix:endEffector	debug	0.0,-93.00000000000001,0.3788888888888889
2025-02-16 15:22:15:221	Fenix:stateModels	debug	START, START, START, START, START, START, START, START, START, START
2025-02-16 15:22:15:224	Fenix:buttonPresses	debug	0.0
2025-02-16 15:22:15:272	Fenix:drivetrain	debug	-1.0,-1.0,-0.9940504523279182,-1.0,5518.0,3535.0,5445.0,2730.0
2025-02-16 15:22:15:287	Fenix:arm	debug	0.03686416384915475,13.00000238416429,1.0,222.0,0.03343810606567244,1.0,801.0
2025-02-16 15:22:15:291	Fenix:endEffector	debug	0.0,-93.00000000000001,0.3788888888888889
2025-02-16 15:22:15:293	Fenix:stateModels	debug	START, START, START, START, START, START, START, START, START, START
2025-02-16 15:22:15:295	Fenix:buttonPresses	debug	0.0
2025-02-16 15:22:15:331	Fenix:drivetrain	debug	-0.988146673099897,-0.988146673099897,-0.9940504523279182,-0.988146673099897,4603.0,3958.0,4742.0,2431.0
2025-02-16 15:22:15:344	Fenix:arm	debug	0.03686416384915475,13.00000238416429,1.0,262.0,0.03343810606567244,1.0,805.0
2025-02-16 15:22:15:346	Fenix:endEffector	debug	0.0,-93.00000000000001,0.3788888888888889
2025-02-16 15:22:15:349	Fenix:stateModels	debug	START, START, START, START, START, START, START, START, START, START
2025-02-16 15:22:15:351	Fenix:buttonPresses	debug	0.0
2025-02-16 15:22:15:385	Fenix:drivetrain	debug	-0.988146673099897,-0.988146673099897,-0.9940504523279182,-0.988146673099897,4064.0,3039.0,4005.0,3160.0
2025-02-16 15:22:15:398	Fenix:arm	debug	0.03686416384915475,13.00000238416429,1.0,247.0,0.03343810606567244,1.0,885.0
2025-02-16 15:22:15:403	Fenix:endEffector	debug	0.0,-93.00000000000001,0.3788888888888889
2025-02-16 15:22:15:404	Fenix:stateModels	debug	START, START, START, START, START, START, START, START, START, START
2025-02-16 15:22:15:406	Fenix:buttonPresses	debug	0.0
2025-02-16 15:22:15:436	Fenix:drivetrain	debug	-0.958688423997734,-0.958688423997734,-0.9940504523279182,-0.958688423997734,3870.0,3367.0,3484.0,2675.0
2025-02-16 15:22:15:450	Fenix:arm	debug	0.03686416384915475,13.00000238416429,1.0,258.0,0.03343810606567244,1.0,874.0
2025-02-16 15:22:15:451	Fenix:endEffector	debug	0.0,-93.00000000000001,0.3788888888888889
2025-02-16 15:22:15:453	Fenix:stateModels	debug	START, START, START, START, START, START, START, START, START, START
2025-02-16 15:22:15:454	Fenix:buttonPresses	debug	0.0
2025-02-16 15:22:15:485	Fenix:drivetrain	debug	-0.9732417873309124,-0.9732417873309124,-0.9940504523279182,-0.9732417873309124,3229.0,3593.0,3254.0,2595.0
2025-02-16 15:22:15:495	Fenix:arm	debug	0.03686416384915475,13.00000238416429,1.0,277.0,0.03343810606567244,1.0,903.0
2025-02-16 15:22:15:497	Fenix:endEffector	debug	0.0,-93.00000000000001,0.3788888888888889
2025-02-16 15:22:15:499	Fenix:stateModels	debug	START, START, START, START, START, START, START, START, START, START
2025-02-16 15:22:15:501	Fenix:buttonPresses	debug	0.0
2025-02-16 15:22:15:530	Fenix:drivetrain	debug	-0.9732417873309124,-0.9732417873309124,-0.9940504523279182,-0.9732417873309124,3025.0,3287.0,2803.0,2577.0
2025-02-16 15:22:15:542	Fenix:arm	debug	0.03686416384915475,13.00000238416429,1.0,317.0,0.03343810606567244,1.0,925.0
2025-02-16 15:22:15:544	Fenix:endEffector	debug	0.0,-93.00000000000001,0.3788888888888889
2025-02-16 15:22:15:547	Fenix:stateModels	debug	START, START, START, START, START, START, START, START, START, START
2025-02-16 15:22:15:549	Fenix:buttonPresses	debug	0.0
2025-02-16 15:22:15:578	Fenix:drivetrain	debug	-0.9732417873309124,-0.9732417873309124,-0.9940504523279182,-0.9732417873309124,2737.0,3003.0,2544.0,2208.0
2025-02-16 15:22:15:590	Fenix:arm	debug	0.024576109232769833,13.00000238416429,1.0,371.0,0.03343810606567244,1.0,958.0
2025-02-16 15:22:15:593	Fenix:endEffector	debug	0.0,-93.00000000000001,0.3788888888888889
2025-02-16 15:22:15:596	Fenix:stateModels	debug	START, START, START, START, START, START, START, START, START, START
2025-02-16 15:22:15:598	Fenix:buttonPresses	debug	0.0
2025-02-16 15:22:15:644	Fenix:drivetrain	debug	0.0,0.0,0.0,0.0,696.0,1020.0,1009.0000000000001,696.0
2025-02-16 15:22:15:656	Fenix:arm	debug	0.024576109232769833,13.0,1.0,448.0,0.0,1.0,991.0
2025-02-16 15:22:15:658	Fenix:endEffector	debug	0.0,-93.00000000000001,0.3788888888888889
2025-02-16 15:22:15:660	Fenix:stateModels	debug	START, START, START, START, START, START, START, START, START, START
2025-02-16 15:22:15:663	Fenix:buttonPresses	debug	0.0
2025-02-16 15:22:15:691	Fenix:drivetrain	debug	0.0,0.0,0.0,0.0,51.0,76.0,80.0,51.0
2025-02-16 15:22:15:703	Fenix:arm	debug	-0.03686416384915475,13.00000238416429,1.0,335.0,-0.03343810606567244,1.0,699.0
2025-02-16 15:22:15:705	Fenix:endEffector	debug	0.0,-93.00000000000001,0.3788888888888889
2025-02-16 15:22:15:707	Fenix:stateModels	debug	START, START, START, START, START, START, START, START, START, START
2025-02-16 15:22:15:709	Fenix:buttonPresses	debug	0.0
2025-02-16 15:22:15:740	Fenix:drivetrain	debug	0.0,0.0,0.0,0.0,10.0,10.0,10.0,10.0
2025-02-16 15:22:15:751	Fenix:arm	debug	-0.06144027308192458,13.00000238416429,1.0,251.0,-0.03343810606567244,1.0,758.0
2025-02-16 15:22:15:754	Fenix:endEffector	debug	0.0,-93.00000000000001,0.3788888888888889
2025-02-16 15:22:15:756	Fenix:stateModels	debug	START, START, START, START, START, START, START, START, START, START
2025-02-16 15:22:15:758	Fenix:buttonPresses	debug	0.0
2025-02-16 15:22:15:801	Fenix:drivetrain	debug	0.0,0.0,0.0,0.0,3.0,3.0,7.0,0.0
2025-02-16 15:22:15:815	Fenix:arm	debug	-0.06144027308192458,13.00000238416429,1.0,320.0,-0.03343810606567244,1.0,703.0
2025-02-16 15:22:15:823	Fenix:endEffector	debug	0.0,-93.00000000000001,0.3788888888888889
2025-02-16 15:22:15:825	Fenix:stateModels	debug	START, START, START, START, START, START, START, START, START, START
2025-02-16 15:22:15:829	Fenix:buttonPresses	debug	0.0
2025-02-16 15:22:15:865	Fenix:drivetrain	debug	0.0,0.0,0.0,0.0,3.0,3.0,7.0,7.0
2025-02-16 15:22:15:877	Fenix:arm	debug	-0.04915221846553967,13.000009536661222,1.0,430.0,-0.06687621213134488,1.0,685.0
2025-02-16 15:22:15:880	Fenix:endEffector	debug	0.0,-93.00000000000001,0.3788888888888889
2025-02-16 15:22:15:882	Fenix:stateModels	debug	START, START, START, START, START, START, START, START, START, START
2025-02-16 15:22:15:885	Fenix:buttonPresses	debug	0.0
2025-02-16 15:22:15:918	Fenix:drivetrain	debug	0.0,0.0,0.0,0.0,0.0,3.0,3.0,3.0
2025-02-16 15:22:15:931	Fenix:arm	debug	-0.04915221846553967,13.000009536661222,1.0,353.0,-0.06687621213134488,1.0,710.0
2025-02-16 15:22:15:935	Fenix:endEffector	debug	0.0,-93.00000000000001,0.3788888888888889
2025-02-16 15:22:15:937	Fenix:stateModels	debug	START, START, START, START, START, START, START, START, START, START
2025-02-16 15:22:15:938	Fenix:buttonPresses	debug	0.0
2025-02-16 15:22:15:967	Fenix:drivetrain	debug	0.0,0.0,0.0,0.0,3.0,3.0,3.0,0.0
2025-02-16 15:22:15:980	Fenix:arm	debug	-0.04915221846553967,13.000009536661222,1.0,338.0,-0.06687621213134488,1.0,736.0
2025-02-16 15:22:15:982	Fenix:endEffector	debug	0.0,-93.00000000000001,0.3788888888888889
2025-02-16 15:22:15:983	Fenix:stateModels	debug	START, START, START, START, START, START, START, START, START, START
2025-02-16 15:22:15:985	Fenix:buttonPresses	debug	0.0
2025-02-16 15:22:16:021	Fenix:drivetrain	debug	-0.7479098063530801,0.74790980635308,0.7480924892761378,0.74790980635308,2606.0,2146.0,3167.0,2711.0
2025-02-16 15:22:16:037	Fenix:arm	debug	-0.04915221846553967,13.000009536661222,1.0,251.0,-0.06687621213134488,1.0,481.0
2025-02-16 15:22:16:040	Fenix:endEffector	debug	0.0,-93.00000000000001,0.3788888888888889
2025-02-16 15:22:16:042	Fenix:stateModels	debug	START, START, START, START, START, START, START, START, START, START
2025-02-16 15:22:16:045	Fenix:buttonPresses	debug	0.0
2025-02-16 15:22:16:089	Fenix:drivetrain	debug	-1.0,1.0,0.9026898039778011,1.0,4435.0,3663.0,4388.0,4508.0
2025-02-16 15:22:16:100	Fenix:arm	debug	0.03686416384915475,13.000009536661222,1.0,309.0,-0.06687621213134488,1.0,539.0
2025-02-16 15:22:16:103	Fenix:endEffector	debug	0.0,-93.00000000000001,0.3788888888888889
2025-02-16 15:22:16:105	Fenix:stateModels	debug	START, START, START, START, START, START, START, START, START, START
2025-02-16 15:22:16:107	Fenix:buttonPresses	debug	0.0
2025-02-16 15:22:16:146	Fenix:drivetrain	debug	-1.0,1.0,0.6715540218590055,1.0,3878.0,1818.0,2259.0,3736.0
2025-02-16 15:22:16:159	Fenix:arm	debug	0.024576109232769833,13.000009536661222,1.0,331.0,-0.06687621213134488,1.0,608.0
2025-02-16 15:22:16:161	Fenix:endEffector	debug	0.0,-93.00000000000001,0.3788888888888889
2025-02-16 15:22:16:163	Fenix:stateModels	debug	START, START, START, START, START, START, START, START, START, START
2025-02-16 15:22:16:165	Fenix:buttonPresses	debug	0.0
2025-02-16 15:22:16:205	Fenix:drivetrain	debug	-1.0,1.0,0.5627002826833177,1.0,3659.0,579.0,838.0,3021.0
2025-02-16 15:22:16:217	Fenix:arm	debug	0.024576109232769833,13.000009536661222,1.0,335.0,-0.06687621213134488,1.0,721.0
2025-02-16 15:22:16:219	Fenix:endEffector	debug	0.0,-93.00000000000001,0.3788888888888889
2025-02-16 15:22:16:221	Fenix:stateModels	debug	START, START, START, START, START, START, START, START, START, START
2025-02-16 15:22:16:223	Fenix:buttonPresses	debug	0.0
2025-02-16 15:22:16:259	Fenix:drivetrain	debug	-1.0,1.0,0.5002143738714772,1.0,3306.0,262.0,251.0,2660.0
2025-02-16 15:22:16:272	Fenix:arm	debug	0.024576109232769833,13.000009536661222,1.0,320.0,-0.06687621213134488,1.0,754.0
2025-02-16 15:22:16:276	Fenix:endEffector	debug	0.0,-93.00000000000001,0.3788888888888889
2025-02-16 15:22:16:278	Fenix:stateModels	debug	START, START, START, START, START, START, START, START, START, START
2025-02-16 15:22:16:280	Fenix:buttonPresses	debug	0.0
2025-02-16 15:22:16:328	Fenix:drivetrain	debug	-1.0,1.0,0.4795145799270114,1.0,2992.0,142.0,167.0,2449.0
2025-02-16 15:22:16:344	Fenix:arm	debug	0.024576109232769833,13.000009536661222,1.0,317.0,-0.06687621213134488,1.0,754.0
2025-02-16 15:22:16:349	Fenix:endEffector	debug	0.0,-93.00000000000001,0.3788888888888889
2025-02-16 15:22:16:351	Fenix:stateModels	debug	START, START, START, START, START, START, START, START, START, START
2025-02-16 15:22:16:355	Fenix:buttonPresses	debug	0.0
2025-02-16 15:22:16:396	Fenix:drivetrain	debug	-0.0,-0.0,-0.0,-0.0,1126.0,40.0,54.0,918.0
2025-02-16 15:22:16:407	Fenix:arm	debug	0.024576109232769833,13.000009536661222,1.0,462.0,-0.06687621213134488,1.0,623.0
2025-02-16 15:22:16:409	Fenix:endEffector	debug	0.0,-93.00000000000001,0.3788888888888889
2025-02-16 15:22:16:410	Fenix:stateModels	debug	START, START, START, START, START, START, START, START, START, START
2025-02-16 15:22:16:412	Fenix:buttonPresses	debug	0.0
2025-02-16 15:22:16:444	Fenix:drivetrain	debug	-0.0,-0.0,-0.0,-0.0,76.0,7.0,10.0,65.0
2025-02-16 15:22:16:458	Fenix:arm	debug	-0.09830443693107933,13.000009536661222,1.0,433.0,-0.06687621213134488,1.0,495.0
2025-02-16 15:22:16:462	Fenix:endEffector	debug	0.0,-93.00000000000001,0.3788888888888889
2025-02-16 15:22:16:464	Fenix:stateModels	debug	START, START, START, START, START, START, START, START, START, START
2025-02-16 15:22:16:466	Fenix:buttonPresses	debug	0.0
2025-02-16 15:22:16:525	Fenix:drivetrain	debug	-0.0,-0.0,-0.0,-0.0,7.0,3.0,7.0,3.0
2025-02-16 15:22:16:535	Fenix:arm	debug	0.0,13.000009536661222,1.0,123.0,-0.06687621213134488,1.0,656.0
2025-02-16 15:22:16:537	Fenix:endEffector	debug	0.0,-93.00000000000001,0.3788888888888889
2025-02-16 15:22:16:539	Fenix:stateModels	debug	START, START, START, START, START, START, START, START, START, START
2025-02-16 15:22:16:542	Fenix:buttonPresses	debug	0.0
2025-02-16 15:22:16:570	Fenix:drivetrain	debug	-0.0,-0.0,-0.0,-0.0,3.0,3.0,7.0,3.0
2025-02-16 15:22:16:581	Fenix:arm	debug	0.0,13.000009536661222,1.0,10.0,-0.06687621213134488,1.0,656.0
2025-02-16 15:22:16:586	Fenix:endEffector	debug	0.0,-93.00000000000001,0.3788888888888889
2025-02-16 15:22:16:587	Fenix:stateModels	debug	START, START, START, START, START, START, START, START, START, START
2025-02-16 15:22:16:589	Fenix:buttonPresses	debug	0.0
2025-02-16 15:22:16:618	Fenix:drivetrain	debug	-0.0,-0.0,-0.0,-0.0,3.0,3.0,3.0,3.0
2025-02-16 15:22:16:628	Fenix:arm	debug	0.04915221846553967,13.000009536661222,1.0,14.0,-0.06687621213134488,1.0,634.0
2025-02-16 15:22:16:630	Fenix:endEffector	debug	0.0,-93.00000000000001,0.3788888888888889
2025-02-16 15:22:16:631	Fenix:stateModels	debug	START, START, START, START, START, START, START, START, START, START
2025-02-16 15:22:16:633	Fenix:buttonPresses	debug	0.0
2025-02-16 15:22:16:669	Fenix:drivetrain	debug	0.9817044483601624,0.9817044483601624,1.0,0.9817044483601624,3706.0,3076.0,3710.0,2464.0
2025-02-16 15:22:16:681	Fenix:arm	debug	0.04915221846553967,13.000009536661222,1.0,3.0,-0.06687621213134488,1.0,306.0
2025-02-16 15:22:16:683	Fenix:endEffector	debug	0.0,-93.00000000000001,0.3788888888888889
2025-02-16 15:22:16:685	Fenix:stateModels	debug	START, START, START, START, START, START, START, START, START, START
2025-02-16 15:22:16:687	Fenix:buttonPresses	debug	0.0
2025-02-16 15:22:16:712	Fenix:drivetrain	debug	0.9817044483601624,0.9817044483601624,1.0,0.9817044483601624,4596.0,5777.0,4742.0,5722.0
2025-02-16 15:22:16:723	Fenix:arm	debug	0.04915221846553967,13.000009536661222,1.0,18.0,-0.06687621213134488,1.0,204.0
2025-02-16 15:22:16:725	Fenix:endEffector	debug	0.0,-93.00000000000001,0.3788888888888889
2025-02-16 15:22:16:727	Fenix:stateModels	debug	START, START, START, START, START, START, START, START, START, START
2025-02-16 15:22:16:729	Fenix:buttonPresses	debug	0.0
2025-02-16 15:22:16:758	Fenix:drivetrain	debug	0.9817044483601624,0.9817044483601624,1.0,0.9817044483601624,4056.0,5780.0,3757.0,5533.0
2025-02-16 15:22:16:769	Fenix:arm	debug	0.04915221846553967,13.000009536661222,1.0,7.0,-0.06687621213134488,1.0,193.0
2025-02-16 15:22:16:771	Fenix:endEffector	debug	0.0,-93.00000000000001,0.3788888888888889
2025-02-16 15:22:16:773	Fenix:stateModels	debug	START, START, START, START, START, START, START, START, START, START
2025-02-16 15:22:16:775	Fenix:buttonPresses	debug	0.0
2025-02-16 15:22:16:811	Fenix:drivetrain	debug	0.9958826941875014,0.9958826941875014,1.0,0.9958826941875014,3597.0,5299.0,3309.0,4942.0
2025-02-16 15:22:16:823	Fenix:arm	debug	0.04915221846553967,13.000009536661222,1.0,14.0,-0.06687621213134488,1.0,229.0
2025-02-16 15:22:16:825	Fenix:endEffector	debug	0.0,-93.00000000000001,0.3788888888888889
2025-02-16 15:22:16:827	Fenix:stateModels	debug	START, START, START, START, START, START, START, START, START, START
2025-02-16 15:22:16:829	Fenix:buttonPresses	debug	0.0
2025-02-16 15:22:16:869	Fenix:drivetrain	debug	0.9958826941875014,0.9958826941875014,1.0,0.9958826941875014,3947.0,4355.0,3954.0,3954.0
2025-02-16 15:22:16:884	Fenix:arm	debug	0.04915221846553967,13.000009536661222,1.0,18.0,-0.06687621213134488,1.0,262.0
2025-02-16 15:22:16:888	Fenix:endEffector	debug	0.0,-93.00000000000001,0.3788888888888889
2025-02-16 15:22:16:889	Fenix:stateModels	debug	START, START, START, START, START, START, START, START, START, START
2025-02-16 15:22:16:891	Fenix:buttonPresses	debug	0.0
2025-02-16 15:22:16:920	Fenix:drivetrain	debug	0.9958826941875014,0.9958826941875014,1.0,0.9958826941875014,3437.0,3889.0,3386.0,3419.0
2025-02-16 15:22:16:931	Fenix:arm	debug	0.04915221846553967,13.000009536661222,1.0,10.0,-0.06687621213134488,1.0,273.0
2025-02-16 15:22:16:933	Fenix:endEffector	debug	0.0,-93.00000000000001,0.3788888888888889
2025-02-16 15:22:16:935	Fenix:stateModels	debug	START, START, START, START, START, START, START, START, START, START
2025-02-16 15:22:16:937	Fenix:buttonPresses	debug	0.0
2025-02-16 15:22:16:967	Fenix:drivetrain	debug	0.9958826941875014,0.9958826941875014,1.0,0.9958826941875014,2999.0,3546.0,2999.0,3050.0
2025-02-16 15:22:16:980	Fenix:arm	debug	0.04915221846553967,13.000009536661222,1.0,3.0,-0.06687621213134488,1.0,277.0
2025-02-16 15:22:16:986	Fenix:endEffector	debug	0.0,-93.00000000000001,0.3788888888888889
2025-02-16 15:22:16:988	Fenix:stateModels	debug	START, START, START, START, START, START, START, START, START, START
2025-02-16 15:22:16:990	Fenix:buttonPresses	debug	0.0
2025-02-16 15:22:17:023	Fenix:drivetrain	debug	0.9958826941875014,0.9958826941875014,0.9877817898265367,0.9958826941875014,2602.0,3163.0,2708.0,2566.0
2025-02-16 15:22:17:040	Fenix:arm	debug	0.04915221846553967,13.000009536661222,1.0,14.0,-0.06687621213134488,1.0,295.0
2025-02-16 15:22:17:042	Fenix:endEffector	debug	0.0,-93.00000000000001,0.3788888888888889
2025-02-16 15:22:17:044	Fenix:stateModels	debug	START, START, START, START, START, START, START, START, START, START
2025-02-16 15:22:17:046	Fenix:buttonPresses	debug	0.0
2025-02-16 15:22:17:084	Fenix:drivetrain	debug	0.9241242947468266,0.9241242947468266,-0.9354943423345335,0.9241242947468266,1567.0,5923.0,6254.0,1381.0
2025-02-16 15:22:17:095	Fenix:arm	debug	0.04915221846553967,13.000009536661222,1.0,7.0,-0.06687621213134488,1.0,215.0
2025-02-16 15:22:17:097	Fenix:endEffector	debug	0.0,-93.00000000000001,0.3788888888888889
2025-02-16 15:22:17:099	Fenix:stateModels	debug	START, START, START, START, START, START, START, START, START, START
2025-02-16 15:22:17:100	Fenix:buttonPresses	debug	0.0
2025-02-16 15:22:17:141	Fenix:drivetrain	debug	0.9932829329457054,0.9932829329457054,-1.0,0.9932829329457054,1519.0,6032.0,7829.0,1086.0
2025-02-16 15:22:17:153	Fenix:arm	debug	0.04915221846553967,13.000009536661222,1.0,10.0,-0.06687621213134488,1.0,229.0
2025-02-16 15:22:17:157	Fenix:endEffector	debug	0.0,-93.00000000000001,0.3788888888888889
2025-02-16 15:22:17:159	Fenix:stateModels	debug	START, START, START, START, START, START, START, START, START, START
2025-02-16 15:22:17:161	Fenix:buttonPresses	debug	0.0
2025-02-16 15:22:17:198	Fenix:drivetrain	debug	0.9932829329457054,0.9932829329457054,-0.973981074582376,0.9932829329457054,1476.0,4279.0,8044.0,1366.0
2025-02-16 15:22:17:210	Fenix:arm	debug	0.04915221846553967,13.000009536661222,1.0,204.0,-0.06687621213134488,1.0,185.0
2025-02-16 15:22:17:213	Fenix:endEffector	debug	0.0,-93.00000000000001,0.3788888888888889
2025-02-16 15:22:17:215	Fenix:stateModels	debug	START, START, START, START, START, START, START, START, START, START
2025-02-16 15:22:17:217	Fenix:buttonPresses	debug	0.0
2025-02-16 15:22:17:251	Fenix:drivetrain	debug	0.9932829329457054,0.9932829329457054,-0.9377286683535363,0.9932829329457054,1195.0,6794.0,7096.0,2019.0
2025-02-16 15:22:17:263	Fenix:arm	debug	0.04915221846553967,13.000009536661222,1.0,207.0,-0.06687621213134488,1.0,160.0
2025-02-16 15:22:17:265	Fenix:endEffector	debug	0.0,-93.00000000000001,0.3788888888888889
2025-02-16 15:22:17:267	Fenix:stateModels	debug	START, START, START, START, START, START, START, START, START, START
2025-02-16 15:22:17:269	Fenix:buttonPresses	debug	0.0
2025-02-16 15:22:17:305	Fenix:drivetrain	debug	0.9932829329457054,0.9932829329457054,-0.9664300803994538,0.9932829329457054,1800.0,6203.0,6313.0,1924.0
2025-02-16 15:22:17:319	Fenix:arm	debug	0.04915221846553967,13.000009536661222,1.0,225.0,-0.06687621213134488,1.0,178.0
2025-02-16 15:22:17:321	Fenix:endEffector	debug	0.0,-93.00000000000001,0.3788888888888889
2025-02-16 15:22:17:323	Fenix:stateModels	debug	START, START, START, START, START, START, START, START, START, START
2025-02-16 15:22:17:325	Fenix:buttonPresses	debug	0.0
2025-02-16 15:22:17:379	Fenix:drivetrain	debug	-0.0,-0.0,-0.0,-0.0,426.0,1224.0,1363.0,503.0
2025-02-16 15:22:17:395	Fenix:arm	debug	0.04915221846553967,13.000009536661222,1.0,291.0,-0.06687621213134488,1.0,331.0
2025-02-16 15:22:17:399	Fenix:endEffector	debug	0.0,-93.00000000000001,0.3788888888888889
2025-02-16 15:22:17:401	Fenix:stateModels	debug	START, START, START, START, START, START, START, START, START, START
2025-02-16 15:22:17:404	Fenix:buttonPresses	debug	0.0
2025-02-16 15:22:17:435	Fenix:drivetrain	debug	-0.0,-0.0,-0.0,-0.0,18.0,102.0,116.0,25.0
2025-02-16 15:22:17:447	Fenix:arm	debug	0.04915221846553967,13.000009536661222,1.0,328.0,-0.06687621213134488,1.0,353.0
2025-02-16 15:22:17:450	Fenix:endEffector	debug	0.0,-93.00000000000001,0.3788888888888889
2025-02-16 15:22:17:452	Fenix:stateModels	debug	START, START, START, START, START, START, START, START, START, START
2025-02-16 15:22:17:454	Fenix:buttonPresses	debug	0.0
2025-02-16 15:22:17:490	Fenix:drivetrain	debug	-0.0,-0.0,-0.0,-0.0,7.0,10.0,14.0,7.0
2025-02-16 15:22:17:505	Fenix:arm	debug	0.04915221846553967,13.000009536661222,1.0,342.0,-0.06687621213134488,1.0,360.0
2025-02-16 15:22:17:510	Fenix:endEffector	debug	0.0,-93.00000000000001,0.3788888888888889
2025-02-16 15:22:17:512	Fenix:stateModels	debug	START, START, START, START, START, START, START, START, START, START
2025-02-16 15:22:17:514	Fenix:buttonPresses	debug	0.0
2025-02-16 15:22:17:547	Fenix:drivetrain	debug	-0.0,-0.0,-0.0,-0.0,3.0,3.0,7.0,3.0
2025-02-16 15:22:17:564	Fenix:arm	debug	0.04915221846553967,13.000009536661222,1.0,364.0,-0.06687621213134488,1.0,364.0
2025-02-16 15:22:17:566	Fenix:endEffector	debug	0.0,-93.00000000000001,0.3788888888888889
2025-02-16 15:22:17:568	Fenix:stateModels	debug	START, START, START, START, START, START, START, START, START, START
2025-02-16 15:22:17:570	Fenix:buttonPresses	debug	0.0
2025-02-16 15:22:17:601	Fenix:drivetrain	debug	-0.0,-0.0,-0.0,-0.0,3.0,3.0,7.0,3.0
2025-02-16 15:22:17:616	Fenix:arm	debug	0.04915221846553967,13.000009536661222,1.0,357.0,-0.06687621213134488,1.0,375.0
2025-02-16 15:22:17:617	Fenix:endEffector	debug	0.0,-93.00000000000001,0.3788888888888889
2025-02-16 15:22:17:619	Fenix:stateModels	debug	START, START, START, START, START, START, START, START, START, START
2025-02-16 15:22:17:621	Fenix:buttonPresses	debug	0.0
2025-02-16 15:22:17:653	Fenix:drivetrain	debug	-0.0,-0.0,-0.0,-0.0,3.0,3.0,7.0,7.0
2025-02-16 15:22:17:665	Fenix:arm	debug	0.04915221846553967,13.000009536661222,1.0,364.0,-0.06687621213134488,1.0,379.0
2025-02-16 15:22:17:667	Fenix:endEffector	debug	0.0,-93.00000000000001,0.3788888888888889
2025-02-16 15:22:17:669	Fenix:stateModels	debug	START, START, START, START, START, START, START, START, START, START
2025-02-16 15:22:17:671	Fenix:buttonPresses	debug	0.0
2025-02-16 15:22:17:699	Fenix:drivetrain	debug	-0.0,-0.0,-0.0,-0.0,0.0,3.0,3.0,10.0
2025-02-16 15:22:17:711	Fenix:arm	debug	0.04915221846553967,13.000009536661222,1.0,357.0,-0.06687621213134488,1.0,386.0
2025-02-16 15:22:17:713	Fenix:endEffector	debug	0.0,-93.00000000000001,0.3788888888888889
2025-02-16 15:22:17:716	Fenix:stateModels	debug	START, START, START, START, START, START, START, START, START, START
2025-02-16 15:22:17:718	Fenix:buttonPresses	debug	0.0
2025-02-16 15:22:17:750	Fenix:drivetrain	debug	-0.0,-0.0,-0.0,-0.0,3.0,3.0,3.0,3.0
2025-02-16 15:22:17:763	Fenix:arm	debug	0.04915221846553967,13.000009536661222,1.0,375.0,-0.06687621213134488,1.0,258.0
2025-02-16 15:22:17:766	Fenix:endEffector	debug	0.0,-93.00000000000001,0.3788888888888889
2025-02-16 15:22:17:768	Fenix:stateModels	debug	START, START, START, START, START, START, START, START, START, START
2025-02-16 15:22:17:770	Fenix:buttonPresses	debug	0.0
2025-02-16 15:22:17:801	Fenix:drivetrain	debug	-0.0,-0.0,-0.0,-0.0,3.0,3.0,7.0,3.0
2025-02-16 15:22:17:812	Fenix:arm	debug	0.04915221846553967,13.000009536661222,1.0,371.0,-0.06687621213134488,1.0,236.0
2025-02-16 15:22:17:814	Fenix:endEffector	debug	0.0,-93.00000000000001,0.3788888888888889
2025-02-16 15:22:17:816	Fenix:stateModels	debug	START, START, START, START, START, START, START, START, START, START
2025-02-16 15:22:17:817	Fenix:buttonPresses	debug	0.0
2025-02-16 15:22:17:847	Fenix:drivetrain	debug	0.0,-0.0,-0.0,-0.0,0.0,0.0,3.0,0.0
2025-02-16 15:22:17:858	Fenix:arm	debug	0.04915221846553967,13.000009536661222,1.0,364.0,-0.06687621213134488,1.0,240.0
2025-02-16 15:22:17:860	Fenix:endEffector	debug	0.0,-93.00000000000001,0.3788888888888889
2025-02-16 15:22:17:861	Fenix:stateModels	debug	START, START, START, START, START, START, START, START, START, START
2025-02-16 15:22:17:863	Fenix:buttonPresses	debug	0.0
2025-02-16 15:22:17:909	Fenix:drivetrain	debug	0.0,-0.0,-0.0,-0.0,3.0,3.0,3.0,3.0
2025-02-16 15:22:17:921	Fenix:arm	debug	0.04915221846553967,13.000009536661222,1.0,371.0,-0.06687621213134488,1.0,240.0
2025-02-16 15:22:17:924	Fenix:endEffector	debug	0.0,-93.00000000000001,0.3788888888888889
2025-02-16 15:22:17:927	Fenix:stateModels	debug	START, START, START, START, START, START, START, START, START, START
2025-02-16 15:22:17:929	Fenix:buttonPresses	debug	0.0
2025-02-16 15:22:17:972	Fenix:drivetrain	debug	-1.0,-1.0,-0.9994263470249038,-1.0,4348.0,3291.0,3287.0,3484.0
2025-02-16 15:22:17:983	Fenix:arm	debug	0.04915221846553967,13.00000238416429,1.0,182.0,-0.03343810606567244,1.0,94.0
2025-02-16 15:22:17:984	Fenix:endEffector	debug	0.0,-93.00000000000001,0.3788888888888889
2025-02-16 15:22:17:986	Fenix:stateModels	debug	START, START, START, START, START, START, START, START, START, START
2025-02-16 15:22:17:988	Fenix:buttonPresses	debug	0.0
2025-02-16 15:22:18:022	Fenix:drivetrain	debug	-1.0,-1.0,-0.9890902482057533,-1.0,6130.0,3480.0,6010.0,3163.0
2025-02-16 15:22:18:036	Fenix:arm	debug	0.04915221846553967,13.00000238416429,1.0,211.0,-0.03343810606567244,1.0,142.0
2025-02-16 15:22:18:040	Fenix:endEffector	debug	0.0,-93.00000000000001,0.3788888888888889
2025-02-16 15:22:18:042	Fenix:stateModels	debug	START, START, START, START, START, START, START, START, START, START
2025-02-16 15:22:18:044	Fenix:buttonPresses	debug	0.0
2025-02-16 15:22:18:080	Fenix:drivetrain	debug	-0.9893019425062679,-0.9893019425062679,-1.0,-0.9893019425062679,6170.0,1658.0,6006.0,2230.0
2025-02-16 15:22:18:093	Fenix:arm	debug	0.04915221846553967,13.00000238416429,1.0,182.0,-0.03343810606567244,1.0,94.0
2025-02-16 15:22:18:095	Fenix:endEffector	debug	0.0,-93.00000000000001,0.3788888888888889
2025-02-16 15:22:18:096	Fenix:stateModels	debug	START, START, START, START, START, START, START, START, START, START
2025-02-16 15:22:18:097	Fenix:buttonPresses	debug	0.0
2025-02-16 15:22:18:132	Fenix:drivetrain	debug	-0.9649672084645201,-0.9649672084645201,-1.0,-0.9649672084645201,5041.0,3477.0,4778.0,3532.0
2025-02-16 15:22:18:144	Fenix:arm	debug	0.04915221846553967,13.00000238416429,1.0,258.0,-0.03343810606567244,1.0,80.0
2025-02-16 15:22:18:147	Fenix:endEffector	debug	0.0,-93.00000000000001,0.3788888888888889
2025-02-16 15:22:18:149	Fenix:stateModels	debug	START, START, START, START, START, START, START, START, START, START
2025-02-16 15:22:18:151	Fenix:buttonPresses	debug	0.0
2025-02-16 15:22:18:180	Fenix:drivetrain	debug	-0.9649672084645201,-0.9649672084645201,-1.0,-0.9649672084645201,4454.0,2930.0,4239.0,2963.0
2025-02-16 15:22:18:192	Fenix:arm	debug	0.04915221846553967,13.00000238416429,1.0,306.0,-0.03343810606567244,1.0,98.0
2025-02-16 15:22:18:196	Fenix:endEffector	debug	0.0,-93.00000000000001,0.3788888888888889
2025-02-16 15:22:18:198	Fenix:stateModels	debug	START, START, START, START, START, START, START, START, START, START
2025-02-16 15:22:18:200	Fenix:buttonPresses	debug	0.0
2025-02-16 15:22:18:238	Fenix:drivetrain	debug	-0.0,-0.0,-0.0,-0.0,1928.0,1057.0,1352.0,1199.0
2025-02-16 15:22:18:250	Fenix:arm	debug	0.04915221846553967,13.00000238416429,1.0,382.0,-0.03343810606567244,1.0,105.0
2025-02-16 15:22:18:252	Fenix:endEffector	debug	0.0,-93.00000000000001,0.3788888888888889
2025-02-16 15:22:18:254	Fenix:stateModels	debug	START, START, START, START, START, START, START, START, START, START
2025-02-16 15:22:18:256	Fenix:buttonPresses	debug	0.0
2025-02-16 15:22:18:285	Fenix:drivetrain	debug	-0.0,-0.0,-0.0,-0.0,138.0,127.0,178.0,80.0
2025-02-16 15:22:18:296	Fenix:arm	debug	0.024576109232769833,13.00000238416429,1.0,375.0,-0.03343810606567244,1.0,51.0
2025-02-16 15:22:18:299	Fenix:endEffector	debug	0.0,-93.00000000000001,0.3788888888888889
2025-02-16 15:22:18:301	Fenix:stateModels	debug	START, START, START, START, START, START, START, START, START, START
2025-02-16 15:22:18:303	Fenix:buttonPresses	debug	0.0
2025-02-16 15:22:18:337	Fenix:drivetrain	debug	-0.0,-0.0,-0.0,-0.0,18.0,10.0,14.0,7.0
2025-02-16 15:22:18:352	Fenix:arm	debug	0.0,13.00000238416429,1.0,328.0,-0.03343810606567244,1.0,83.0
2025-02-16 15:22:18:356	Fenix:endEffector	debug	0.0,-93.00000000000001,0.3788888888888889
2025-02-16 15:22:18:358	Fenix:stateModels	debug	START, START, START, START, START, START, START, START, START, START
2025-02-16 15:22:18:360	Fenix:buttonPresses	debug	0.0
2025-02-16 15:22:18:393	Fenix:drivetrain	debug	-0.0,-0.0,-0.0,-0.0,3.0,3.0,3.0,0.0
2025-02-16 15:22:18:405	Fenix:arm	debug	0.0,13.00000238416429,1.0,295.0,-0.03343810606567244,1.0,80.0
2025-02-16 15:22:18:407	Fenix:endEffector	debug	0.0,-93.00000000000001,0.3788888888888889
2025-02-16 15:22:18:408	Fenix:stateModels	debug	START, START, START, START, START, START, START, START, START, START
2025-02-16 15:22:18:410	Fenix:buttonPresses	debug	0.0
2025-02-16 15:22:18:444	Fenix:drivetrain	debug	-0.0,-0.0,-0.0,-0.0,3.0,3.0,7.0,3.0
2025-02-16 15:22:18:457	Fenix:arm	debug	0.0,13.00000238416429,1.0,331.0,-0.03343810606567244,1.0,72.0
2025-02-16 15:22:18:460	Fenix:endEffector	debug	0.0,-93.00000000000001,0.3788888888888889
2025-02-16 15:22:18:462	Fenix:stateModels	debug	START, START, START, START, START, START, START, START, START, START
2025-02-16 15:22:18:464	Fenix:buttonPresses	debug	0.0
2025-02-16 15:22:18:511	Fenix:drivetrain	debug	0.8007491472559242,-0.8007491472559243,-0.8022528997073479,-0.8007491472559243,4629.0,3903.0,2872.0,2135.0
2025-02-16 15:22:18:524	Fenix:arm	debug	-0.012288054616384917,13.00000238416429,1.0,207.0,-0.03343810606567244,1.0,32.0
2025-02-16 15:22:18:528	Fenix:endEffector	debug	0.0,-93.00000000000001,0.3788888888888889
2025-02-16 15:22:18:531	Fenix:stateModels	debug	START, START, START, START, START, START, START, START, START, START
2025-02-16 15:22:18:534	Fenix:buttonPresses	debug	0.0
2025-02-16 15:22:18:606	Fenix:drivetrain	debug	0.8795516281793824,-0.8795516281793825,-1.0,-0.8795516281793825,3721.0,4242.0,3849.0,2726.0
2025-02-16 15:22:18:621	Fenix:arm	debug	0.024576109232769833,13.00000238416429,1.0,25.0,-0.03343810606567244,1.0,32.0
2025-02-16 15:22:18:626	Fenix:endEffector	debug	0.0,-93.00000000000001,0.3788888888888889
2025-02-16 15:22:18:629	Fenix:stateModels	debug	START, START, START, START, START, START, START, START, START, START
2025-02-16 15:22:18:632	Fenix:buttonPresses	debug	0.0
2025-02-16 15:22:18:666	Fenix:drivetrain	debug	0.44626837291286964,-0.4462683729128698,-1.0,-0.4462683729128698,1724.0,3528.0,3433.0,852.0
2025-02-16 15:22:18:677	Fenix:arm	debug	0.08601638231469441,13.00000238416429,1.0,247.0,-0.03343810606567244,1.0,51.0
2025-02-16 15:22:18:679	Fenix:endEffector	debug	0.0,-93.00000000000001,0.3788888888888889
2025-02-16 15:22:18:681	Fenix:stateModels	debug	START, START, START, START, START, START, START, START, START, START
2025-02-16 15:22:18:683	Fenix:buttonPresses	debug	0.0
2025-02-16 15:22:18:715	Fenix:drivetrain	debug	0.5642976061704741,-0.5642976061704739,-1.0,-0.5642976061704739,375.0,2956.0,3291.0,160.0
2025-02-16 15:22:18:728	Fenix:arm	debug	0.08601638231469441,13.00000238416429,1.0,295.0,-0.03343810606567244,1.0,54.0
2025-02-16 15:22:18:730	Fenix:endEffector	debug	0.0,-93.00000000000001,0.3788888888888889
2025-02-16 15:22:18:732	Fenix:stateModels	debug	START, START, START, START, START, START, START, START, START, START
2025-02-16 15:22:18:734	Fenix:buttonPresses	debug	0.0
2025-02-16 15:22:18:766	Fenix:drivetrain	debug	0.5446416433069413,-0.5446416433069412,-1.0,-0.5446416433069412,240.0,3101.0,3021.0,105.0
2025-02-16 15:22:18:778	Fenix:arm	debug	0.08601638231469441,13.00000238416429,1.0,306.0,-0.03343810606567244,1.0,65.0
2025-02-16 15:22:18:780	Fenix:endEffector	debug	0.0,-93.00000000000001,0.3788888888888889
2025-02-16 15:22:18:782	Fenix:stateModels	debug	START, START, START, START, START, START, START, START, START, START
2025-02-16 15:22:18:784	Fenix:buttonPresses	debug	0.0
2025-02-16 15:22:18:821	Fenix:drivetrain	debug	0.0,0.0,0.0,0.0,72.0,1337.0,1392.0,25.0
2025-02-16 15:22:18:834	Fenix:arm	debug	0.09830443693107933,13.0,1.0,353.0,0.0,1.0,116.0
2025-02-16 15:22:18:837	Fenix:endEffector	debug	0.0,-93.00000000000001,0.3788888888888889
2025-02-16 15:22:18:840	Fenix:stateModels	debug	START, START, START, START, START, START, START, START, START, START
2025-02-16 15:22:18:842	Fenix:buttonPresses	debug	0.0
2025-02-16 15:22:18:874	Fenix:drivetrain	debug	0.0,0.0,0.0,0.0,7.0,102.0,98.0,3.0
2025-02-16 15:22:18:886	Fenix:arm	debug	0.15974471001300392,13.0,1.0,335.0,0.0,1.0,98.0
2025-02-16 15:22:18:888	Fenix:endEffector	debug	0.0,-93.00000000000001,0.3788888888888889
2025-02-16 15:22:18:890	Fenix:stateModels	debug	START, START, START, START, START, START, START, START, START, START
2025-02-16 15:22:18:892	Fenix:buttonPresses	debug	0.0
2025-02-16 15:22:18:923	Fenix:drivetrain	debug	0.0,0.0,0.0,0.0,3.0,14.0,10.0,0.0
2025-02-16 15:22:18:936	Fenix:arm	debug	0.12288054616384916,13.0,1.0,353.0,0.0,1.0,98.0
2025-02-16 15:22:18:938	Fenix:endEffector	debug	0.0,-93.00000000000001,0.3788888888888889
2025-02-16 15:22:18:940	Fenix:stateModels	debug	START, START, START, START, START, START, START, START, START, START
2025-02-16 15:22:18:942	Fenix:buttonPresses	debug	0.0
2025-02-16 15:22:18:978	Fenix:drivetrain	debug	0.0,0.0,0.0,0.0,3.0,3.0,7.0,3.0
2025-02-16 15:22:18:990	Fenix:arm	debug	0.12288054616384916,13.0,1.0,364.0,0.0,1.0,102.0
2025-02-16 15:22:18:993	Fenix:endEffector	debug	0.0,-93.00000000000001,0.3788888888888889
2025-02-16 15:22:18:994	Fenix:stateModels	debug	START, START, START, START, START, START, START, START, START, START
2025-02-16 15:22:18:996	Fenix:buttonPresses	debug	0.0
2025-02-16 15:22:19:022	Fenix:drivetrain	debug	0.0,0.0,0.0,0.0,3.0,0.0,3.0,3.0
2025-02-16 15:22:19:034	Fenix:arm	debug	0.12288054616384916,13.0,1.0,364.0,0.0,1.0,105.0
2025-02-16 15:22:19:036	Fenix:endEffector	debug	0.0,-93.00000000000001,0.3788888888888889
2025-02-16 15:22:19:037	Fenix:stateModels	debug	START, START, START, START, START, START, START, START, START, START
2025-02-16 15:22:19:039	Fenix:buttonPresses	debug	0.0
2025-02-16 15:22:19:065	Fenix:drivetrain	debug	0.0,0.0,0.0,0.0,3.0,3.0,3.0,3.0
2025-02-16 15:22:19:077	Fenix:arm	debug	0.11059249154746426,13.0,1.0,360.0,0.0,1.0,102.0
2025-02-16 15:22:19:079	Fenix:endEffector	debug	0.0,-93.00000000000001,0.3788888888888889
2025-02-16 15:22:19:081	Fenix:stateModels	debug	START, START, START, START, START, START, START, START, START, START
2025-02-16 15:22:19:082	Fenix:buttonPresses	debug	0.0
2025-02-16 15:22:19:113	Fenix:drivetrain	debug	0.0,0.0,0.0,0.0,3.0,3.0,3.0,3.0
2025-02-16 15:22:19:133	Fenix:arm	debug	0.11059249154746426,13.0,1.0,488.0,0.0,1.0,105.0
2025-02-16 15:22:19:138	Fenix:endEffector	debug	0.0,-93.00000000000001,0.3788888888888889
2025-02-16 15:22:19:140	Fenix:stateModels	debug	START, START, START, START, START, START, START, START, START, START
2025-02-16 15:22:19:143	Fenix:buttonPresses	debug	0.0
2025-02-16 15:22:19:182	Fenix:drivetrain	debug	0.9196974065691245,0.9196974065691245,0.9188889809205216,0.9196974065691245,3973.0,2711.0,3145.0,3415.0
2025-02-16 15:22:19:193	Fenix:arm	debug	0.09830443693107933,13.0,1.0,320.0,0.0,1.0,43.0
2025-02-16 15:22:19:195	Fenix:endEffector	debug	0.0,-93.00000000000001,0.3788888888888889
2025-02-16 15:22:19:197	Fenix:stateModels	debug	START, START, START, START, START, START, START, START, START, START
2025-02-16 15:22:19:199	Fenix:buttonPresses	debug	0.0
2025-02-16 15:22:19:233	Fenix:drivetrain	debug	0.9936954811011827,0.9936954811011827,1.0,0.9936954811011827,4887.0,5624.0,4246.0,5893.0
2025-02-16 15:22:19:244	Fenix:arm	debug	0.08601638231469441,13.0,1.0,251.0,0.0,1.0,29.0
2025-02-16 15:22:19:246	Fenix:endEffector	debug	0.0,-93.00000000000001,0.3788888888888889
2025-02-16 15:22:19:248	Fenix:stateModels	debug	START, START, START, START, START, START, START, START, START, START
2025-02-16 15:22:19:249	Fenix:buttonPresses	debug	0.0
2025-02-16 15:22:19:276	Fenix:drivetrain	debug	0.9936954811011827,0.9936954811011827,1.0,0.9936954811011827,4304.0,5784.0,2562.0,5759.0
2025-02-16 15:22:19:287	Fenix:arm	debug	0.06144027308192458,13.0,1.0,262.0,0.0,1.0,29.0
2025-02-16 15:22:19:289	Fenix:endEffector	debug	0.0,-93.00000000000001,0.3788888888888889
2025-02-16 15:22:19:291	Fenix:stateModels	debug	START, START, START, START, START, START, START, START, START, START
2025-02-16 15:22:19:293	Fenix:buttonPresses	debug	0.0
2025-02-16 15:22:19:324	Fenix:drivetrain	debug	0.9736726854111083,0.9736726854111083,1.0,0.9736726854111083,4162.0,5256.0,2259.0,5288.0
2025-02-16 15:22:19:335	Fenix:arm	debug	0.06144027308192458,13.0,1.0,287.0,0.0,1.0,29.0
2025-02-16 15:22:19:337	Fenix:endEffector	debug	0.0,-93.00000000000001,0.3788888888888889
2025-02-16 15:22:19:338	Fenix:stateModels	debug	START, START, START, START, START, START, START, START, START, START
2025-02-16 15:22:19:340	Fenix:buttonPresses	debug	0.0
2025-02-16 15:22:19:372	Fenix:drivetrain	debug	0.9736726854111083,0.9736726854111083,1.0,0.9736726854111083,3819.0,4574.0,3969.0,4290.0
2025-02-16 15:22:19:382	Fenix:arm	debug	0.06144027308192458,13.0,1.0,291.0,0.0,1.0,36.0
2025-02-16 15:22:19:386	Fenix:endEffector	debug	0.0,-93.00000000000001,0.3788888888888889
2025-02-16 15:22:19:388	Fenix:stateModels	debug	START, START, START, START, START, START, START, START, START, START
2025-02-16 15:22:19:389	Fenix:buttonPresses	debug	0.0
2025-02-16 15:22:19:423	Fenix:drivetrain	debug	0.9932899961596552,0.9932899961596552,1.0,0.9932899961596552,3397.0,4104.0,3765.0,3615.0
2025-02-16 15:22:19:434	Fenix:arm	debug	0.06144027308192458,13.0,1.0,233.0,0.0,1.0,36.0
2025-02-16 15:22:19:435	Fenix:endEffector	debug	0.0,-93.00000000000001,0.3788888888888889
2025-02-16 15:22:19:437	Fenix:stateModels	debug	START, START, START, START, START, START, START, START, START, START
2025-02-16 15:22:19:439	Fenix:buttonPresses	debug	0.0
2025-02-16 15:22:19:464	Fenix:drivetrain	debug	0.9932899961596552,0.9932899961596552,1.0,0.9932899961596552,3225.0,3845.0,3141.0,3386.0
2025-02-16 15:22:19:474	Fenix:arm	debug	0.06144027308192458,13.0,1.0,298.0,0.0,1.0,32.0
2025-02-16 15:22:19:476	Fenix:endEffector	debug	0.0,-93.00000000000001,0.3788888888888889
2025-02-16 15:22:19:478	Fenix:stateModels	debug	START, START, START, START, START, START, START, START, START, START
2025-02-16 15:22:19:479	Fenix:buttonPresses	debug	0.0
2025-02-16 15:22:19:514	Fenix:drivetrain	debug	0.9932899961596552,0.9932899961596552,1.0,0.9932899961596552,2981.0,3597.0,2799.0,2981.0
2025-02-16 15:22:19:527	Fenix:arm	debug	0.06144027308192458,13.0,1.0,357.0,0.0,1.0,40.0
2025-02-16 15:22:19:531	Fenix:endEffector	debug	0.0,-93.00000000000001,0.3788888888888889
2025-02-16 15:22:19:533	Fenix:stateModels	debug	START, START, START, START, START, START, START, START, START, START
2025-02-16 15:22:19:534	Fenix:buttonPresses	debug	0.0
2025-02-16 15:22:19:566	Fenix:drivetrain	debug	0.9932899961596552,0.9932899961596552,0.986000873474558,0.9932899961596552,2708.0,3123.0,2649.0,2598.0
2025-02-16 15:22:19:578	Fenix:arm	debug	0.06144027308192458,13.0,1.0,375.0,0.0,1.0,43.0
2025-02-16 15:22:19:580	Fenix:endEffector	debug	0.0,-93.00000000000001,0.3788888888888889
2025-02-16 15:22:19:581	Fenix:stateModels	debug	START, START, START, START, START, START, START, START, START, START
2025-02-16 15:22:19:583	Fenix:buttonPresses	debug	0.0
2025-02-16 15:22:19:627	Fenix:drivetrain	debug	0.689624308808119,0.689624308808119,0.6777610498578372,0.689624308808119,1293.0,1851.0,1509.0,1180.0
2025-02-16 15:22:19:645	Fenix:arm	debug	0.06144027308192458,13.0,1.0,455.0,0.0,1.0,94.0
2025-02-16 15:22:19:650	Fenix:endEffector	debug	0.0,-93.00000000000001,0.3788888888888889
2025-02-16 15:22:19:652	Fenix:stateModels	debug	START, START, START, START, START, START, START, START, START, START
2025-02-16 15:22:19:654	Fenix:buttonPresses	debug	0.0
2025-02-16 15:22:19:696	Fenix:drivetrain	debug	0.0,0.0,0.0,0.0,229.0,349.0,251.0,196.0
2025-02-16 15:22:19:707	Fenix:arm	debug	0.06144027308192458,13.0,1.0,492.0,0.0,1.0,102.0
2025-02-16 15:22:19:708	Fenix:endEffector	debug	0.0,-93.00000000000001,0.3788888888888889
2025-02-16 15:22:19:710	Fenix:stateModels	debug	START, START, START, START, START, START, START, START, START, START
2025-02-16 15:22:19:712	Fenix:buttonPresses	debug	0.0
2025-02-16 15:22:19:738	Fenix:drivetrain	debug	0.0,0.0,0.0,0.0,29.0,43.0,36.0,25.0
2025-02-16 15:22:19:748	Fenix:arm	debug	0.06144027308192458,13.0,1.0,495.0,0.0,1.0,105.0
2025-02-16 15:22:19:750	Fenix:endEffector	debug	0.0,-93.00000000000001,0.3788888888888889
2025-02-16 15:22:19:752	Fenix:stateModels	debug	START, START, START, START, START, START, START, START, START, START
2025-02-16 15:22:19:754	Fenix:buttonPresses	debug	0.0
2025-02-16 15:22:19:779	Fenix:drivetrain	debug	0.0,0.0,0.0,0.0,7.0,10.0,10.0,14.0
2025-02-16 15:22:19:790	Fenix:arm	debug	0.06144027308192458,13.0,1.0,470.0,0.0,1.0,105.0
2025-02-16 15:22:19:792	Fenix:endEffector	debug	0.0,-93.00000000000001,0.3788888888888889
2025-02-16 15:22:19:794	Fenix:stateModels	debug	START, START, START, START, START, START, START, START, START, START
2025-02-16 15:22:19:795	Fenix:buttonPresses	debug	0.0
2025-02-16 15:22:19:823	Fenix:drivetrain	debug	0.0,0.0,0.0,0.0,3.0,3.0,7.0,7.0
2025-02-16 15:22:19:833	Fenix:arm	debug	0.06144027308192458,13.0,1.0,451.0,0.0,1.0,109.0
2025-02-16 15:22:19:835	Fenix:endEffector	debug	0.0,-93.00000000000001,0.3788888888888889
2025-02-16 15:22:19:837	Fenix:stateModels	debug	START, START, START, START, START, START, START, START, START, START
2025-02-16 15:22:19:839	Fenix:buttonPresses	debug	0.0
2025-02-16 15:22:19:865	Fenix:drivetrain	debug	0.0,0.0,0.0,0.0,3.0,3.0,3.0,3.0
2025-02-16 15:22:19:876	Fenix:arm	debug	0.06144027308192458,13.0,1.0,448.0,0.0,1.0,102.0
2025-02-16 15:22:19:878	Fenix:endEffector	debug	0.0,-93.00000000000001,0.3788888888888889
2025-02-16 15:22:19:879	Fenix:stateModels	debug	START, START, START, START, START, START, START, START, START, START
2025-02-16 15:22:19:881	Fenix:buttonPresses	debug	0.0
2025-02-16 15:22:19:918	Fenix:drivetrain	debug	-0.9358498942372556,-0.9358498942372556,-1.0,-0.9358498942372556,3440.0,3568.0,3072.0,2336.0
2025-02-16 15:22:19:929	Fenix:arm	debug	0.06144027308192458,13.0,1.0,320.0,0.0,1.0,47.0
2025-02-16 15:22:19:931	Fenix:endEffector	debug	0.0,-93.00000000000001,0.3788888888888889
2025-02-16 15:22:19:933	Fenix:stateModels	debug	START, START, START, START, START, START, START, START, START, START
2025-02-16 15:22:19:935	Fenix:buttonPresses	debug	0.0
2025-02-16 15:22:19:975	Fenix:drivetrain	debug	-0.8052096318349306,-0.8052096318349306,-1.0,-0.8052096318349306,6637.0,1545.0,5893.0,823.0
2025-02-16 15:22:19:986	Fenix:arm	debug	0.06144027308192458,13.0,1.0,262.0,0.0,1.0,40.0
2025-02-16 15:22:19:988	Fenix:endEffector	debug	0.0,-93.00000000000001,0.3788888888888889
2025-02-16 15:22:19:989	Fenix:stateModels	debug	START, START, START, START, START, START, START, START, START, START
2025-02-16 15:22:19:991	Fenix:buttonPresses	debug	0.0
2025-02-16 15:22:20:025	Fenix:drivetrain	debug	-0.8052096318349306,-0.8052096318349306,-1.0,-0.8052096318349306,6192.0,2500.0,5237.0,1939.0
2025-02-16 15:22:20:037	Fenix:arm	debug	0.06144027308192458,13.0,1.0,255.0,0.0,1.0,36.0
2025-02-16 15:22:20:039	Fenix:endEffector	debug	0.0,-93.00000000000001,0.3788888888888889
2025-02-16 15:22:20:041	Fenix:stateModels	debug	START, START, START, START, START, START, START, START, START, START
2025-02-16 15:22:20:042	Fenix:buttonPresses	debug	0.0
2025-02-16 15:22:20:071	Fenix:drivetrain	debug	-0.8606979850822889,-0.8606979850822889,-1.0,-0.8606979850822889,4570.0,5354.0,4268.0,2227.0
2025-02-16 15:22:20:083	Fenix:arm	debug	0.06144027308192458,13.0,1.0,284.0,0.0,1.0,40.0
2025-02-16 15:22:20:085	Fenix:endEffector	debug	0.0,-93.00000000000001,0.3788888888888889
2025-02-16 15:22:20:086	Fenix:stateModels	debug	START, START, START, START, START, START, START, START, START, START
2025-02-16 15:22:20:088	Fenix:buttonPresses	debug	0.0
2025-02-16 15:22:20:124	Fenix:drivetrain	debug	-0.9131108577236573,-0.9131108577236573,-1.0,-0.9131108577236573,4538.0,2751.0,4020.0000000000005,2405.0
2025-02-16 15:22:20:135	Fenix:arm	debug	0.06144027308192458,13.0,1.0,346.0,0.0,1.0,36.0
2025-02-16 15:22:20:137	Fenix:endEffector	debug	0.0,-93.00000000000001,0.3788888888888889
2025-02-16 15:22:20:139	Fenix:stateModels	debug	START, START, START, START, START, START, START, START, START, START
2025-02-16 15:22:20:141	Fenix:buttonPresses	debug	0.0
2025-02-16 15:22:20:171	Fenix:drivetrain	debug	-0.8971934452765385,-0.8971934452765385,-1.0,-0.8971934452765385,4049.0000000000005,4395.0,3320.0,1837.0
2025-02-16 15:22:20:187	Fenix:arm	debug	0.06144027308192458,13.0,1.0,346.0,0.0,1.0,36.0
2025-02-16 15:22:20:191	Fenix:endEffector	debug	0.0,-93.00000000000001,0.3788888888888889
2025-02-16 15:22:20:192	Fenix:stateModels	debug	START, START, START, START, START, START, START, START, START, START
2025-02-16 15:22:20:194	Fenix:buttonPresses	debug	0.0
2025-02-16 15:22:20:233	Fenix:drivetrain	debug	0.0,0.0,0.0,0.0,1111.0,1527.0,1647.0,393.0
2025-02-16 15:22:20:245	Fenix:arm	debug	0.04915221846553967,13.0,1.0,441.0,0.0,1.0,21.0
2025-02-16 15:22:20:247	Fenix:endEffector	debug	0.0,-93.00000000000001,0.3788888888888889
2025-02-16 15:22:20:248	Fenix:stateModels	debug	START, START, START, START, START, START, START, START, START, START
2025-02-16 15:22:20:250	Fenix:buttonPresses	debug	0.0
2025-02-16 15:22:20:278	Fenix:drivetrain	debug	0.0,0.0,0.0,0.0,138.0,112.0,131.0,43.0
2025-02-16 15:22:20:289	Fenix:arm	debug	0.04915221846553967,13.0,1.0,433.0,0.0,1.0,25.0
2025-02-16 15:22:20:291	Fenix:endEffector	debug	0.0,-93.00000000000001,0.3788888888888889
2025-02-16 15:22:20:293	Fenix:stateModels	debug	START, START, START, START, START, START, START, START, START, START
2025-02-16 15:22:20:295	Fenix:buttonPresses	debug	0.0
2025-02-16 15:22:20:321	Fenix:drivetrain	debug	0.0,0.0,0.0,0.0,18.0,14.0,25.0,7.0
2025-02-16 15:22:20:331	Fenix:arm	debug	0.0,13.0,1.0,422.0,0.0,1.0,21.0
2025-02-16 15:22:20:333	Fenix:endEffector	debug	0.0,-93.00000000000001,0.3788888888888889
2025-02-16 15:22:20:335	Fenix:stateModels	debug	START, START, START, START, START, START, START, START, START, START
2025-02-16 15:22:20:336	Fenix:buttonPresses	debug	0.0
2025-02-16 15:22:20:363	Fenix:drivetrain	debug	0.0,0.0,0.0,0.0,7.0,7.0,7.0,3.0
2025-02-16 15:22:20:374	Fenix:arm	debug	-0.012288054616384917,13.0,1.0,466.0,0.0,1.0,25.0
2025-02-16 15:22:20:375	Fenix:endEffector	debug	0.0,-93.00000000000001,0.3788888888888889
2025-02-16 15:22:20:377	Fenix:stateModels	debug	START, START, START, START, START, START, START, START, START, START
2025-02-16 15:22:20:379	Fenix:buttonPresses	debug	0.0
2025-02-16 15:22:20:409	Fenix:drivetrain	debug	0.0,0.0,0.0,0.0,7.0,3.0,3.0,0.0
2025-02-16 15:22:20:422	Fenix:arm	debug	-0.012288054616384917,13.0,1.0,488.0,0.0,1.0,21.0
2025-02-16 15:22:20:424	Fenix:endEffector	debug	0.0,-93.00000000000001,0.3788888888888889
2025-02-16 15:22:20:426	Fenix:stateModels	debug	START, START, START, START, START, START, START, START, START, START
2025-02-16 15:22:20:428	Fenix:buttonPresses	debug	0.0
2025-02-16 15:22:20:460	Fenix:drivetrain	debug	0.0,0.0,0.0,0.0,3.0,0.0,3.0,3.0
2025-02-16 15:22:20:472	Fenix:arm	debug	-0.012288054616384917,13.0,1.0,459.0,0.0,1.0,25.0
2025-02-16 15:22:20:474	Fenix:endEffector	debug	0.0,-93.00000000000001,0.3788888888888889
2025-02-16 15:22:20:478	Fenix:stateModels	debug	START, START, START, START, START, START, START, START, START, START
2025-02-16 15:22:20:480	Fenix:buttonPresses	debug	0.0
2025-02-16 15:22:20:508	Fenix:drivetrain	debug	0.0,0.0,0.0,0.0,3.0,3.0,3.0,0.0
2025-02-16 15:22:20:522	Fenix:arm	debug	-0.012288054616384917,13.00000238416429,1.0,546.0,0.03343810606567244,1.0,65.0
2025-02-16 15:22:20:524	Fenix:endEffector	debug	0.0,-93.00000000000001,0.3788888888888889
2025-02-16 15:22:20:526	Fenix:stateModels	debug	START, START, START, START, START, START, START, START, START, START
2025-02-16 15:22:20:528	Fenix:buttonPresses	debug	0.0
2025-02-16 15:22:20:564	Fenix:drivetrain	debug	0.0,0.0,0.0,0.0,3.0,3.0,7.0,0.0
2025-02-16 15:22:20:579	Fenix:arm	debug	-0.012288054616384917,13.00000238416429,1.0,510.0,0.03343810606567244,1.0,102.0
2025-02-16 15:22:20:582	Fenix:endEffector	debug	0.0,-93.00000000000001,0.3788888888888889
2025-02-16 15:22:20:583	Fenix:stateModels	debug	START, START, START, START, START, START, START, START, START, START
2025-02-16 15:22:20:585	Fenix:buttonPresses	debug	0.0
2025-02-16 15:22:20:642	Fenix:drivetrain	debug	0.0,0.0,0.0,0.0,3.0,0.0,3.0,3.0
2025-02-16 15:22:20:654	Fenix:arm	debug	0.03686416384915475,13.00000238416429,1.0,112.0,0.03343810606567244,1.0,105.0
2025-02-16 15:22:20:656	Fenix:endEffector	debug	0.0,-93.00000000000001,0.3788888888888889
2025-02-16 15:22:20:658	Fenix:stateModels	debug	START, START, START, START, START, START, START, START, START, START
2025-02-16 15:22:20:659	Fenix:buttonPresses	debug	0.0
2025-02-16 15:22:20:688	Fenix:drivetrain	debug	0.0,0.0,0.0,0.0,3.0,3.0,7.0,0.0
2025-02-16 15:22:20:701	Fenix:arm	debug	0.11059249154746426,13.00000238416429,1.0,287.0,0.03343810606567244,1.0,105.0
2025-02-16 15:22:20:706	Fenix:endEffector	debug	0.0,-93.00000000000001,0.3788888888888889
2025-02-16 15:22:20:707	Fenix:stateModels	debug	START, START, START, START, START, START, START, START, START, START
2025-02-16 15:22:20:709	Fenix:buttonPresses	debug	0.0
2025-02-16 15:22:20:741	Fenix:drivetrain	debug	0.0,-0.0,-0.0,-0.0,3.0,3.0,3.0,3.0
2025-02-16 15:22:20:751	Fenix:arm	debug	0.09830443693107933,13.00000238416429,1.0,364.0,0.03343810606567244,1.0,94.0
2025-02-16 15:22:20:753	Fenix:endEffector	debug	0.0,-93.00000000000001,0.3788888888888889
2025-02-16 15:22:20:756	Fenix:stateModels	debug	START, START, START, START, START, START, START, START, START, START
2025-02-16 15:22:20:758	Fenix:buttonPresses	debug	0.0
2025-02-16 15:22:20:785	Fenix:drivetrain	debug	0.0,-0.0,-0.0,-0.0,0.0,3.0,3.0,3.0
2025-02-16 15:22:20:796	Fenix:arm	debug	0.09830443693107933,13.00000238416429,1.0,393.0,0.03343810606567244,1.0,94.0
2025-02-16 15:22:20:798	Fenix:endEffector	debug	0.0,-93.00000000000001,0.3788888888888889
2025-02-16 15:22:20:799	Fenix:stateModels	debug	START, START, START, START, START, START, START, START, START, START
2025-02-16 15:22:20:801	Fenix:buttonPresses	debug	0.0
2025-02-16 15:22:20:829	Fenix:drivetrain	debug	0.0,-0.0,-0.0,-0.0,0.0,0.0,3.0,0.0
2025-02-16 15:22:20:842	Fenix:arm	debug	0.09830443693107933,13.00000238416429,1.0,379.0,0.03343810606567244,1.0,102.0
2025-02-16 15:22:20:844	Fenix:endEffector	debug	0.0,-93.00000000000001,0.3788888888888889
2025-02-16 15:22:20:846	Fenix:stateModels	debug	START, START, START, START, START, START, START, START, START, START
2025-02-16 15:22:20:848	Fenix:buttonPresses	debug	0.0
2025-02-16 15:22:20:878	Fenix:drivetrain	debug	0.0,-0.0,-0.0,-0.0,3.0,3.0,3.0,3.0
2025-02-16 15:22:20:889	Fenix:arm	debug	0.09830443693107933,13.00000238416429,1.0,393.0,0.03343810606567244,1.0,98.0
2025-02-16 15:22:20:891	Fenix:endEffector	debug	0.0,-93.00000000000001,0.3788888888888889
2025-02-16 15:22:20:893	Fenix:stateModels	debug	START, START, START, START, START, START, START, START, START, START
2025-02-16 15:22:20:895	Fenix:buttonPresses	debug	0.0
2025-02-16 15:22:20:928	Fenix:drivetrain	debug	0.0,-0.0,-0.0,-0.0,0.0,0.0,3.0,0.0
2025-02-16 15:22:20:940	Fenix:arm	debug	0.09830443693107933,13.00000238416429,1.0,382.0,0.03343810606567244,1.0,102.0
2025-02-16 15:22:20:942	Fenix:endEffector	debug	0.0,-93.00000000000001,0.3788888888888889
2025-02-16 15:22:20:945	Fenix:stateModels	debug	START, START, START, START, START, START, START, START, START, START
2025-02-16 15:22:20:947	Fenix:buttonPresses	debug	0.0
2025-02-16 15:22:20:983	Fenix:drivetrain	debug	0.0,-0.0,-0.0,-0.0,3.0,0.0,3.0,0.0
2025-02-16 15:22:20:999	Fenix:arm	debug	0.09830443693107933,13.00000238416429,1.0,393.0,0.03343810606567244,1.0,105.0
2025-02-16 15:22:21:003	Fenix:endEffector	debug	0.0,-93.00000000000001,0.3788888888888889
2025-02-16 15:22:21:005	Fenix:stateModels	debug	START, START, START, START, START, START, START, START, START, START
2025-02-16 15:22:21:008	Fenix:buttonPresses	debug	0.0
2025-02-16 15:22:21:036	Fenix:drivetrain	debug	0.0,-0.0,-0.0,-0.0,3.0,3.0,3.0,3.0
2025-02-16 15:22:21:048	Fenix:arm	debug	0.09830443693107933,13.00000238416429,1.0,379.0,0.03343810606567244,1.0,102.0
2025-02-16 15:22:21:049	Fenix:endEffector	debug	0.0,-93.00000000000001,0.3788888888888889
2025-02-16 15:22:21:051	Fenix:stateModels	debug	START, START, START, START, START, START, START, START, START, START
2025-02-16 15:22:21:053	Fenix:buttonPresses	debug	0.0
2025-02-16 15:22:21:088	Fenix:drivetrain	debug	0.0,-0.0,-0.0,-0.0,3.0,0.0,7.0,0.0
2025-02-16 15:22:21:101	Fenix:arm	debug	0.09830443693107933,13.00000238416429,1.0,368.0,0.03343810606567244,1.0,102.0
2025-02-16 15:22:21:104	Fenix:endEffector	debug	0.0,-93.00000000000001,0.3788888888888889
2025-02-16 15:22:21:105	Fenix:stateModels	debug	START, START, START, START, START, START, START, START, START, START
2025-02-16 15:22:21:107	Fenix:buttonPresses	debug	0.0
2025-02-16 15:22:21:137	Fenix:drivetrain	debug	0.0,-0.0,-0.0,-0.0,3.0,3.0,3.0,3.0
2025-02-16 15:22:21:152	Fenix:arm	debug	0.09830443693107933,13.00000238416429,1.0,375.0,0.03343810606567244,1.0,102.0
2025-02-16 15:22:21:154	Fenix:endEffector	debug	0.0,-93.00000000000001,0.3788888888888889
2025-02-16 15:22:21:156	Fenix:stateModels	debug	START, START, START, START, START, START, START, START, START, START
2025-02-16 15:22:21:157	Fenix:buttonPresses	debug	0.0
2025-02-16 15:22:21:187	Fenix:drivetrain	debug	0.0,-0.0,-0.0,-0.0,0.0,0.0,7.0,0.0
2025-02-16 15:22:21:198	Fenix:arm	debug	0.09830443693107933,13.00000238416429,1.0,382.0,0.03343810606567244,1.0,102.0
2025-02-16 15:22:21:200	Fenix:endEffector	debug	0.0,-93.00000000000001,0.3788888888888889
2025-02-16 15:22:21:201	Fenix:stateModels	debug	START, START, START, START, START, START, START, START, START, START
2025-02-16 15:22:21:203	Fenix:buttonPresses	debug	0.0
2025-02-16 15:22:21:237	Fenix:drivetrain	debug	0.0,-0.0,-0.0,-0.0,3.0,0.0,3.0,3.0
2025-02-16 15:22:21:251	Fenix:arm	debug	0.09830443693107933,13.00000238416429,1.0,379.0,0.03343810606567244,1.0,98.0
2025-02-16 15:22:21:256	Fenix:endEffector	debug	0.0,-93.00000000000001,0.3788888888888889
2025-02-16 15:22:21:258	Fenix:stateModels	debug	START, START, START, START, START, START, START, START, START, START
2025-02-16 15:22:21:260	Fenix:buttonPresses	debug	0.0
2025-02-16 15:22:21:292	Fenix:drivetrain	debug	0.0,-0.0,-0.0,-0.0,3.0,0.0,3.0,3.0
2025-02-16 15:22:21:306	Fenix:arm	debug	0.09830443693107933,13.00000238416429,1.0,368.0,0.03343810606567244,1.0,98.0
2025-02-16 15:22:21:309	Fenix:endEffector	debug	0.0,-93.00000000000001,0.3788888888888889
2025-02-16 15:22:21:312	Fenix:stateModels	debug	START, START, START, START, START, START, START, START, START, START
2025-02-16 15:22:21:314	Fenix:buttonPresses	debug	0.0
2025-02-16 15:22:21:346	Fenix:drivetrain	debug	0.0,-0.0,-0.0,-0.0,3.0,0.0,3.0,0.0
2025-02-16 15:22:21:360	Fenix:arm	debug	0.09830443693107933,13.00000238416429,1.0,379.0,0.03343810606567244,1.0,98.0
2025-02-16 15:22:21:363	Fenix:endEffector	debug	0.0,-93.00000000000001,0.3788888888888889
2025-02-16 15:22:21:367	Fenix:stateModels	debug	START, START, START, START, START, START, START, START, START, START
2025-02-16 15:22:21:369	Fenix:buttonPresses	debug	0.0
2025-02-16 15:22:21:403	Fenix:drivetrain	debug	0.0,-0.0,-0.0,-0.0,3.0,3.0,3.0,3.0
2025-02-16 15:22:21:417	Fenix:arm	debug	0.09830443693107933,13.00000238416429,1.0,349.0,0.03343810606567244,1.0,251.0
2025-02-16 15:22:21:419	Fenix:endEffector	debug	0.0,-93.00000000000001,0.3788888888888889
2025-02-16 15:22:21:421	Fenix:stateModels	debug	START, START, START, START, START, START, START, START, START, START
2025-02-16 15:22:21:424	Fenix:buttonPresses	debug	0.0
2025-02-16 15:22:21:453	Fenix:drivetrain	debug	0.0,-0.0,-0.0,-0.0,3.0,0.0,3.0,0.0
2025-02-16 15:22:21:466	Fenix:arm	debug	0.08601638231469441,13.00000238416429,1.0,349.0,0.03343810606567244,1.0,255.0
2025-02-16 15:22:21:468	Fenix:endEffector	debug	0.0,-93.00000000000001,0.3788888888888889
2025-02-16 15:22:21:470	Fenix:stateModels	debug	START, START, START, START, START, START, START, START, START, START
2025-02-16 15:22:21:472	Fenix:buttonPresses	debug	0.0
2025-02-16 15:22:21:508	Fenix:drivetrain	debug	0.0,-0.0,-0.0,-0.0,7.0,0.0,3.0,0.0
2025-02-16 15:22:21:520	Fenix:arm	debug	0.08601638231469441,13.00000238416429,1.0,360.0,0.03343810606567244,1.0,255.0
2025-02-16 15:22:21:523	Fenix:endEffector	debug	0.0,-93.00000000000001,0.3788888888888889
2025-02-16 15:22:21:525	Fenix:stateModels	debug	START, START, START, START, START, START, START, START, START, START
2025-02-16 15:22:21:527	Fenix:buttonPresses	debug	0.0
2025-02-16 15:22:21:569	Fenix:drivetrain	debug	0.9999958505015243,0.9999958505015243,1.0,0.9999958505015243,4618.0,3590.0,3870.0,2737.0
2025-02-16 15:22:21:580	Fenix:arm	debug	0.08601638231469441,13.00000238416429,1.0,185.0,0.03343810606567244,1.0,76.0
2025-02-16 15:22:21:583	Fenix:endEffector	debug	0.0,-93.00000000000001,0.3788888888888889
2025-02-16 15:22:21:585	Fenix:stateModels	debug	START, START, START, START, START, START, START, START, START, START
2025-02-16 15:22:21:587	Fenix:buttonPresses	debug	0.0
2025-02-16 15:22:21:631	Fenix:drivetrain	debug	0.9838410146903549,0.9838410146903549,1.0,0.9838410146903549,4680.0,5985.0,3360.0,6203.0
2025-02-16 15:22:21:646	Fenix:arm	debug	0.06144027308192458,13.00000238416429,1.0,178.0,0.03343810606567244,1.0,54.0
2025-02-16 15:22:21:652	Fenix:endEffector	debug	0.0,-93.00000000000001,0.3788888888888889
2025-02-16 15:22:21:654	Fenix:stateModels	debug	START, START, START, START, START, START, START, START, START, START
2025-02-16 15:22:21:657	Fenix:buttonPresses	debug	0.0
2025-02-16 15:22:21:702	Fenix:drivetrain	debug	0.7836016658473436,0.7836016658473436,0.8191458315939951,0.7836016658473436,3378.0,4866.0,2307.0,4607.0
2025-02-16 15:22:21:717	Fenix:arm	debug	0.06144027308192458,13.00000238416429,1.0,277.0,0.03343810606567244,1.0,112.0
2025-02-16 15:22:21:719	Fenix:endEffector	debug	0.0,-93.00000000000001,0.3788888888888889
2025-02-16 15:22:21:720	Fenix:stateModels	debug	START, START, START, START, START, START, START, START, START, START
2025-02-16 15:22:21:722	Fenix:buttonPresses	debug	0.0
2025-02-16 15:22:21:756	Fenix:drivetrain	debug	0.0,0.0,0.0,0.0,1600.0,1592.0,1206.0,1731.0
2025-02-16 15:22:21:769	Fenix:arm	debug	0.06144027308192458,13.00000238416429,1.0,375.0,0.03343810606567244,1.0,200.0
2025-02-16 15:22:21:774	Fenix:endEffector	debug	0.0,-93.00000000000001,0.3788888888888889
2025-02-16 15:22:21:776	Fenix:stateModels	debug	START, START, START, START, START, START, START, START, START, START
2025-02-16 15:22:21:778	Fenix:buttonPresses	debug	0.0
2025-02-16 15:22:21:806	Fenix:drivetrain	debug	0.0,0.0,0.0,0.0,105.0,120.0,87.0,120.0
2025-02-16 15:22:21:816	Fenix:arm	debug	0.06144027308192458,13.00000238416429,1.0,481.0,0.03343810606567244,1.0,174.0
2025-02-16 15:22:21:818	Fenix:endEffector	debug	0.0,-93.00000000000001,0.3788888888888889
2025-02-16 15:22:21:820	Fenix:stateModels	debug	START, START, START, START, START, START, START, START, START, START
2025-02-16 15:22:21:821	Fenix:buttonPresses	debug	0.0
2025-02-16 15:22:21:849	Fenix:drivetrain	debug	0.0,0.0,0.0,0.0,10.0,18.0,14.0,18.0
2025-02-16 15:22:21:861	Fenix:arm	debug	0.06144027308192458,13.00000238416429,1.0,470.0,0.03343810606567244,1.0,218.0
2025-02-16 15:22:21:864	Fenix:endEffector	debug	0.0,-93.00000000000001,0.3788888888888889
2025-02-16 15:22:21:866	Fenix:stateModels	debug	START, START, START, START, START, START, START, START, START, START
2025-02-16 15:22:21:868	Fenix:buttonPresses	debug	0.0
2025-02-16 15:22:21:898	Fenix:drivetrain	debug	0.0,0.0,0.0,0.0,3.0,3.0,7.0,3.0
2025-02-16 15:22:21:911	Fenix:arm	debug	0.06144027308192458,13.00000238416429,1.0,408.0,0.03343810606567244,1.0,229.0
2025-02-16 15:22:21:914	Fenix:endEffector	debug	0.0,-93.00000000000001,0.3788888888888889
2025-02-16 15:22:21:916	Fenix:stateModels	debug	START, START, START, START, START, START, START, START, START, START
2025-02-16 15:22:21:918	Fenix:buttonPresses	debug	0.0
2025-02-16 15:22:21:949	Fenix:drivetrain	debug	0.0,0.0,0.0,0.0,3.0,3.0,3.0,3.0
2025-02-16 15:22:21:963	Fenix:arm	debug	0.06144027308192458,13.00000238416429,1.0,422.0,0.03343810606567244,1.0,360.0
2025-02-16 15:22:21:965	Fenix:endEffector	debug	0.0,-93.00000000000001,0.3788888888888889
2025-02-16 15:22:21:967	Fenix:stateModels	debug	START, START, START, START, START, START, START, START, START, START
2025-02-16 15:22:21:969	Fenix:buttonPresses	debug	0.0
2025-02-16 15:22:22:001	Fenix:drivetrain	debug	0.0,0.0,0.0,0.0,0.0,3.0,3.0,7.0
2025-02-16 15:22:22:012	Fenix:arm	debug	0.06144027308192458,13.00000238416429,1.0,448.0,0.03343810606567244,1.0,375.0
2025-02-16 15:22:22:014	Fenix:endEffector	debug	0.0,-93.00000000000001,0.3788888888888889
2025-02-16 15:22:22:015	Fenix:stateModels	debug	START, START, START, START, START, START, START, START, START, START
2025-02-16 15:22:22:018	Fenix:buttonPresses	debug	0.0
2025-02-16 15:22:22:046	Fenix:drivetrain	debug	0.0,0.0,0.0,0.0,0.0,3.0,7.0,3.0
2025-02-16 15:22:22:058	Fenix:arm	debug	0.06144027308192458,13.00000238416429,1.0,441.0,0.03343810606567244,1.0,371.0
2025-02-16 15:22:22:062	Fenix:endEffector	debug	0.0,-93.00000000000001,0.3788888888888889
2025-02-16 15:22:22:064	Fenix:stateModels	debug	START, START, START, START, START, START, START, START, START, START
2025-02-16 15:22:22:066	Fenix:buttonPresses	debug	0.0
2025-02-16 15:22:22:095	Fenix:drivetrain	debug	0.0,0.0,0.0,0.0,3.0,0.0,3.0,3.0
2025-02-16 15:22:22:107	Fenix:arm	debug	0.06144027308192458,13.00000238416429,1.0,433.0,0.03343810606567244,1.0,382.0
2025-02-16 15:22:22:109	Fenix:endEffector	debug	0.0,-93.00000000000001,0.3788888888888889
2025-02-16 15:22:22:111	Fenix:stateModels	debug	START, START, START, START, START, START, START, START, START, START
2025-02-16 15:22:22:113	Fenix:buttonPresses	debug	0.0
2025-02-16 15:22:22:153	Fenix:drivetrain	debug	0.0,0.0,0.0,0.0,3.0,3.0,7.0,0.0
2025-02-16 15:22:22:171	Fenix:arm	debug	0.06144027308192458,13.00000238416429,1.0,448.0,0.03343810606567244,1.0,379.0
2025-02-16 15:22:22:176	Fenix:endEffector	debug	0.0,-93.00000000000001,0.3788888888888889
2025-02-16 15:22:22:178	Fenix:stateModels	debug	START, START, START, START, START, START, START, START, START, START
2025-02-16 15:22:22:180	Fenix:buttonPresses	debug	0.0
2025-02-16 15:22:22:219	Fenix:drivetrain	debug	0.0,0.0,0.0,0.0,3.0,3.0,3.0,3.0
2025-02-16 15:22:22:237	Fenix:arm	debug	0.04915221846553967,13.00000238416429,1.0,459.0,0.03343810606567244,1.0,386.0
2025-02-16 15:22:22:240	Fenix:endEffector	debug	0.0,-93.00000000000001,0.3788888888888889
2025-02-16 15:22:22:243	Fenix:stateModels	debug	START, START, START, START, START, START, START, START, START, START
2025-02-16 15:22:22:246	Fenix:buttonPresses	debug	0.0
2025-02-16 15:22:22:299	Fenix:drivetrain	debug	0.9989794458379456,0.9989794458379456,1.0,0.9989794458379456,4862.0,2999.0,4282.0,2781.0
2025-02-16 15:22:22:314	Fenix:arm	debug	0.04915221846553967,13.00000238416429,1.0,266.0,0.03343810606567244,1.0,153.0
2025-02-16 15:22:22:320	Fenix:endEffector	debug	0.0,-93.00000000000001,0.3788888888888889
2025-02-16 15:22:22:323	Fenix:stateModels	debug	START, START, START, START, START, START, START, START, START, START
2025-02-16 15:22:22:326	Fenix:buttonPresses	debug	0.0
2025-02-16 15:22:22:365	Fenix:drivetrain	debug	0.9073594700978453,0.9073594700978453,0.9098092784060879,0.9073594700978453,4815.0,3816.0,5041.0,5103.0
2025-02-16 15:22:22:376	Fenix:arm	debug	0.04915221846553967,13.00000238416429,1.0,251.0,0.03343810606567244,1.0,145.0
2025-02-16 15:22:22:378	Fenix:endEffector	debug	0.0,-93.00000000000001,0.3788888888888889
2025-02-16 15:22:22:380	Fenix:stateModels	debug	START, START, START, START, START, START, START, START, START, START
2025-02-16 15:22:22:383	Fenix:buttonPresses	debug	0.0
2025-02-16 15:22:22:425	Fenix:drivetrain	debug	0.0,0.0,0.0,0.0,1643.0,1888.0,2143.0,1530.0
2025-02-16 15:22:22:438	Fenix:arm	debug	0.03686416384915475,13.00000238416429,1.0,244.0,0.03343810606567244,1.0,338.0
2025-02-16 15:22:22:440	Fenix:endEffector	debug	0.0,-93.00000000000001,0.3788888888888889
2025-02-16 15:22:22:442	Fenix:stateModels	debug	START, START, START, START, START, START, START, START, START, START
2025-02-16 15:22:22:444	Fenix:buttonPresses	debug	0.0
2025-02-16 15:22:22:474	Fenix:drivetrain	debug	0.0,0.0,0.0,0.0,112.0,127.0,156.0,102.0
2025-02-16 15:22:22:486	Fenix:arm	debug	0.03686416384915475,13.00000238416429,1.0,382.0,0.03343810606567244,1.0,338.0
2025-02-16 15:22:22:488	Fenix:endEffector	debug	0.0,-93.00000000000001,0.3788888888888889
2025-02-16 15:22:22:491	Fenix:stateModels	debug	START, START, START, START, START, START, START, START, START, START
2025-02-16 15:22:22:493	Fenix:buttonPresses	debug	0.0
2025-02-16 15:22:22:527	Fenix:drivetrain	debug	0.0,0.0,0.0,0.0,10.0,7.0,10.0,10.0
2025-02-16 15:22:22:539	Fenix:arm	debug	0.03686416384915475,13.00000238416429,1.0,408.0,0.03343810606567244,1.0,375.0
2025-02-16 15:22:22:541	Fenix:endEffector	debug	0.0,-93.00000000000001,0.3788888888888889
2025-02-16 15:22:22:543	Fenix:stateModels	debug	START, START, START, START, START, START, START, START, START, START
2025-02-16 15:22:22:544	Fenix:buttonPresses	debug	0.0
2025-02-16 15:22:22:571	Fenix:drivetrain	debug	0.0,0.0,0.0,0.0,3.0,3.0,7.0,3.0
2025-02-16 15:22:22:582	Fenix:arm	debug	0.03686416384915475,13.00000238416429,1.0,411.0,0.03343810606567244,1.0,291.0
2025-02-16 15:22:22:584	Fenix:endEffector	debug	0.0,-93.00000000000001,0.3788888888888889
2025-02-16 15:22:22:585	Fenix:stateModels	debug	START, START, START, START, START, START, START, START, START, START
2025-02-16 15:22:22:587	Fenix:buttonPresses	debug	0.0
2025-02-16 15:22:22:613	Fenix:drivetrain	debug	0.0,0.0,0.0,0.0,3.0,0.0,7.0,3.0
2025-02-16 15:22:22:624	Fenix:arm	debug	0.03686416384915475,13.00000238416429,1.0,499.0,0.03343810606567244,1.0,309.0
2025-02-16 15:22:22:626	Fenix:endEffector	debug	0.0,-93.00000000000001,0.3788888888888889
2025-02-16 15:22:22:627	Fenix:stateModels	debug	START, START, START, START, START, START, START, START, START, START
2025-02-16 15:22:22:629	Fenix:buttonPresses	debug	0.0
2025-02-16 15:22:22:695	Fenix:drivetrain	debug	0.0,0.0,0.0,0.0,0.0,3.0,3.0,3.0
2025-02-16 15:22:22:709	Fenix:arm	debug	0.03686416384915475,13.00000238416429,1.0,3.0,0.03343810606567244,1.0,338.0
2025-02-16 15:22:22:712	Fenix:endEffector	debug	0.0,-93.00000000000001,0.3788888888888889
2025-02-16 15:22:22:713	Fenix:stateModels	debug	START, START, START, START, START, START, START, START, START, START
2025-02-16 15:22:22:715	Fenix:buttonPresses	debug	0.0
2025-02-16 15:22:22:747	Fenix:drivetrain	debug	0.0,0.0,0.0,0.0,3.0,0.0,3.0,3.0
2025-02-16 15:22:22:758	Fenix:arm	debug	0.08601638231469441,13.00000238416429,1.0,302.0,0.03343810606567244,1.0,342.0
2025-02-16 15:22:22:760	Fenix:endEffector	debug	0.0,-93.00000000000001,0.3788888888888889
2025-02-16 15:22:22:762	Fenix:stateModels	debug	START, START, START, START, START, START, START, START, START, START
2025-02-16 15:22:22:764	Fenix:buttonPresses	debug	0.0
2025-02-16 15:22:22:793	Fenix:drivetrain	debug	0.0,0.0,0.0,0.0,3.0,0.0,3.0,3.0
2025-02-16 15:22:22:806	Fenix:arm	debug	0.0737283276983095,13.00000238416429,1.0,335.0,0.03343810606567244,1.0,338.0
2025-02-16 15:22:22:808	Fenix:endEffector	debug	0.0,-93.00000000000001,0.3788888888888889
2025-02-16 15:22:22:810	Fenix:stateModels	debug	START, START, START, START, START, START, START, START, START, START
2025-02-16 15:22:22:813	Fenix:buttonPresses	debug	0.0
2025-02-16 15:22:22:842	Fenix:drivetrain	debug	0.0,0.0,0.0,0.0,0.0,3.0,3.0,3.0
2025-02-16 15:22:22:859	Fenix:arm	debug	0.0737283276983095,13.00000238416429,1.0,371.0,0.03343810606567244,1.0,349.0
2025-02-16 15:22:22:865	Fenix:endEffector	debug	0.0,-93.00000000000001,0.3788888888888889
2025-02-16 15:22:22:868	Fenix:stateModels	debug	START, START, START, START, START, START, START, START, START, START
2025-02-16 15:22:22:870	Fenix:buttonPresses	debug	0.0
2025-02-16 15:22:22:902	Fenix:drivetrain	debug	0.0,0.0,0.0,0.0,0.0,3.0,3.0,3.0
2025-02-16 15:22:22:913	Fenix:arm	debug	0.0737283276983095,13.00000238416429,1.0,364.0,0.03343810606567244,1.0,346.0
2025-02-16 15:22:22:916	Fenix:endEffector	debug	0.0,-93.00000000000001,0.3788888888888889
2025-02-16 15:22:22:918	Fenix:stateModels	debug	START, START, START, START, START, START, START, START, START, START
2025-02-16 15:22:22:920	Fenix:buttonPresses	debug	0.0
2025-02-16 15:22:22:960	Fenix:drivetrain	debug	0.0,-0.0,-0.0,-0.0,3.0,3.0,3.0,3.0
2025-02-16 15:22:22:972	Fenix:arm	debug	0.0737283276983095,13.00000238416429,1.0,364.0,0.03343810606567244,1.0,349.0
2025-02-16 15:22:22:975	Fenix:endEffector	debug	0.0,-93.00000000000001,0.3788888888888889
2025-02-16 15:22:22:977	Fenix:stateModels	debug	START, START, START, START, START, START, START, START, START, START
2025-02-16 15:22:22:980	Fenix:buttonPresses	debug	0.0
2025-02-16 15:22:23:010	Fenix:drivetrain	debug	0.0,-0.0,-0.0,-0.0,3.0,0.0,3.0,0.0
2025-02-16 15:22:23:022	Fenix:arm	debug	0.0737283276983095,13.00000238416429,1.0,364.0,0.03343810606567244,1.0,499.0
2025-02-16 15:22:23:025	Fenix:endEffector	debug	0.0,-93.00000000000001,0.3788888888888889
2025-02-16 15:22:23:027	Fenix:stateModels	debug	START, START, START, START, START, START, START, START, START, START
2025-02-16 15:22:23:029	Fenix:buttonPresses	debug	0.0
2025-02-16 15:22:23:063	Fenix:drivetrain	debug	0.0,-0.0,-0.0,-0.0,0.0,3.0,3.0,3.0
2025-02-16 15:22:23:076	Fenix:arm	debug	0.0737283276983095,13.00000238416429,1.0,368.0,0.03343810606567244,1.0,517.0
2025-02-16 15:22:23:079	Fenix:endEffector	debug	0.0,-93.00000000000001,0.3788888888888889
2025-02-16 15:22:23:081	Fenix:stateModels	debug	START, START, START, START, START, START, START, START, START, START
2025-02-16 15:22:23:083	Fenix:buttonPresses	debug	0.0
2025-02-16 15:22:23:111	Fenix:drivetrain	debug	0.0,-0.0,-0.0,-0.0,3.0,0.0,3.0,0.0
2025-02-16 15:22:23:123	Fenix:arm	debug	0.0737283276983095,13.00000238416429,1.0,371.0,0.03343810606567244,1.0,535.0
2025-02-16 15:22:23:125	Fenix:endEffector	debug	0.0,-93.00000000000001,0.3788888888888889
2025-02-16 15:22:23:127	Fenix:stateModels	debug	START, START, START, START, START, START, START, START, START, START
2025-02-16 15:22:23:129	Fenix:buttonPresses	debug	0.0
2025-02-16 15:22:23:158	Fenix:drivetrain	debug	0.0,-0.0,-0.0,-0.0,0.0,0.0,3.0,0.0
2025-02-16 15:22:23:170	Fenix:arm	debug	0.0737283276983095,13.00000238416429,1.0,462.0,0.03343810606567244,1.0,539.0
2025-02-16 15:22:23:173	Fenix:endEffector	debug	0.0,-93.00000000000001,0.3788888888888889
2025-02-16 15:22:23:175	Fenix:stateModels	debug	START, START, START, START, START, START, START, START, START, START
2025-02-16 15:22:23:177	Fenix:buttonPresses	debug	0.0
2025-02-16 15:22:23:217	Fenix:drivetrain	debug	0.0,-0.0,-0.0,-0.0,3.0,3.0,3.0,3.0
2025-02-16 15:22:23:235	Fenix:arm	debug	0.0737283276983095,13.00000238416429,1.0,379.0,0.03343810606567244,1.0,539.0
2025-02-16 15:22:23:239	Fenix:endEffector	debug	0.0,-93.00000000000001,0.3788888888888889
2025-02-16 15:22:23:241	Fenix:stateModels	debug	START, START, START, START, START, START, START, START, START, START
2025-02-16 15:22:23:243	Fenix:buttonPresses	debug	0.0
2025-02-16 15:22:23:279	Fenix:drivetrain	debug	0.0,-0.0,-0.0,-0.0,3.0,0.0,3.0,0.0
2025-02-16 15:22:23:293	Fenix:arm	debug	0.0737283276983095,13.00000238416429,1.0,364.0,0.03343810606567244,1.0,546.0
2025-02-16 15:22:23:295	Fenix:endEffector	debug	0.0,-93.00000000000001,0.3788888888888889
2025-02-16 15:22:23:298	Fenix:stateModels	debug	START, START, START, START, START, START, START, START, START, START
2025-02-16 15:22:23:300	Fenix:buttonPresses	debug	0.0
2025-02-16 15:22:23:334	Fenix:drivetrain	debug	0.0,-0.0,-0.0,-0.0,0.0,3.0,3.0,0.0
2025-02-16 15:22:23:348	Fenix:arm	debug	0.0737283276983095,13.00000238416429,1.0,364.0,0.03343810606567244,1.0,550.0
2025-02-16 15:22:23:351	Fenix:endEffector	debug	0.0,-93.00000000000001,0.3788888888888889
2025-02-16 15:22:23:353	Fenix:stateModels	debug	START, START, START, START, START, START, START, START, START, START
2025-02-16 15:22:23:356	Fenix:buttonPresses	debug	0.0
2025-02-16 15:22:23:385	Fenix:drivetrain	debug	0.0,-0.0,-0.0,-0.0,3.0,3.0,3.0,0.0
2025-02-16 15:22:23:401	Fenix:arm	debug	0.0737283276983095,13.00000238416429,1.0,357.0,0.03343810606567244,1.0,550.0
2025-02-16 15:22:23:406	Fenix:endEffector	debug	0.0,-93.00000000000001,0.3788888888888889
2025-02-16 15:22:23:408	Fenix:stateModels	debug	START, START, START, START, START, START, START, START, START, START
2025-02-16 15:22:23:413	Fenix:buttonPresses	debug	0.0
2025-02-16 15:22:23:454	Fenix:drivetrain	debug	0.0,-0.0,-0.0,-0.0,3.0,0.0,3.0,3.0
2025-02-16 15:22:23:469	Fenix:arm	debug	0.06144027308192458,13.00000238416429,1.0,419.0,0.03343810606567244,1.0,550.0
2025-02-16 15:22:23:472	Fenix:endEffector	debug	0.0,-93.00000000000001,0.3788888888888889
2025-02-16 15:22:23:474	Fenix:stateModels	debug	START, START, START, START, START, START, START, START, START, START
2025-02-16 15:22:23:477	Fenix:buttonPresses	debug	0.0
2025-02-16 15:22:23:514	Fenix:drivetrain	debug	0.0,-0.0,-0.0,-0.0,0.0,0.0,3.0,3.0
2025-02-16 15:22:23:529	Fenix:arm	debug	0.06144027308192458,13.00000238416429,1.0,510.0,0.03343810606567244,1.0,557.0
2025-02-16 15:22:23:533	Fenix:endEffector	debug	0.0,-93.00000000000001,0.3788888888888889
2025-02-16 15:22:23:536	Fenix:stateModels	debug	START, START, START, START, START, START, START, START, START, START
2025-02-16 15:22:23:540	Fenix:buttonPresses	debug	0.0
2025-02-16 15:22:23:575	Fenix:drivetrain	debug	0.0,-0.0,-0.0,-0.0,3.0,0.0,3.0,3.0
2025-02-16 15:22:23:587	Fenix:arm	debug	0.06144027308192458,13.00000238416429,1.0,510.0,0.03343810606567244,1.0,554.0
2025-02-16 15:22:23:589	Fenix:endEffector	debug	0.0,-93.00000000000001,0.3788888888888889
2025-02-16 15:22:23:591	Fenix:stateModels	debug	START, START, START, START, START, START, START, START, START, START
2025-02-16 15:22:23:593	Fenix:buttonPresses	debug	0.0
2025-02-16 15:22:23:623	Fenix:drivetrain	debug	0.0,-0.0,-0.0,-0.0,3.0,0.0,0.0,3.0
2025-02-16 15:22:23:637	Fenix:arm	debug	0.06144027308192458,13.00000238416429,1.0,492.0,0.03343810606567244,1.0,554.0
2025-02-16 15:22:23:640	Fenix:endEffector	debug	0.0,-93.00000000000001,0.3788888888888889
2025-02-16 15:22:23:642	Fenix:stateModels	debug	START, START, START, START, START, START, START, START, START, START
2025-02-16 15:22:23:644	Fenix:buttonPresses	debug	0.0
2025-02-16 15:22:23:675	Fenix:drivetrain	debug	0.0,-0.0,-0.0,-0.0,0.0,0.0,3.0,0.0
2025-02-16 15:22:23:689	Fenix:arm	debug	0.06144027308192458,13.00000238416429,1.0,499.0,0.03343810606567244,1.0,557.0
2025-02-16 15:22:23:691	Fenix:endEffector	debug	0.0,-93.00000000000001,0.3788888888888889
2025-02-16 15:22:23:694	Fenix:stateModels	debug	START, START, START, START, START, START, START, START, START, START
2025-02-16 15:22:23:696	Fenix:buttonPresses	debug	0.0
2025-02-16 15:22:23:731	Fenix:drivetrain	debug	0.0,-0.0,-0.0,-0.0,3.0,3.0,3.0,0.0
2025-02-16 15:22:23:748	Fenix:arm	debug	0.06144027308192458,13.00000238416429,1.0,510.0,0.03343810606567244,1.0,554.0
2025-02-16 15:22:23:752	Fenix:endEffector	debug	0.0,-93.00000000000001,0.3788888888888889
2025-02-16 15:22:23:755	Fenix:stateModels	debug	START, START, START, START, START, START, START, START, START, START
2025-02-16 15:22:23:757	Fenix:buttonPresses	debug	0.0
2025-02-16 15:22:23:791	Fenix:drivetrain	debug	0.0,-0.0,-0.0,-0.0,0.0,0.0,3.0,3.0
2025-02-16 15:22:23:804	Fenix:arm	debug	0.06144027308192458,13.00000238416429,1.0,484.0,0.03343810606567244,1.0,557.0
2025-02-16 15:22:23:807	Fenix:endEffector	debug	0.0,-93.00000000000001,0.3788888888888889
2025-02-16 15:22:23:809	Fenix:stateModels	debug	START, START, START, START, START, START, START, START, START, START
2025-02-16 15:22:23:811	Fenix:buttonPresses	debug	0.0
2025-02-16 15:22:23:839	Fenix:drivetrain	debug	0.0,-0.0,-0.0,-0.0,3.0,0.0,3.0,0.0
2025-02-16 15:22:23:851	Fenix:arm	debug	0.06144027308192458,13.00000238416429,1.0,466.0,0.03343810606567244,1.0,554.0
2025-02-16 15:22:23:853	Fenix:endEffector	debug	0.0,-93.00000000000001,0.3788888888888889
2025-02-16 15:22:23:855	Fenix:stateModels	debug	START, START, START, START, START, START, START, START, START, START
2025-02-16 15:22:23:857	Fenix:buttonPresses	debug	0.0
2025-02-16 15:22:23:887	Fenix:drivetrain	debug	0.0,-0.0,-0.0,-0.0,0.0,0.0,3.0,3.0
2025-02-16 15:22:23:899	Fenix:arm	debug	0.06144027308192458,13.00000238416429,1.0,459.0,0.03343810606567244,1.0,656.0
2025-02-16 15:22:23:901	Fenix:endEffector	debug	0.0,-93.00000000000001,0.3788888888888889
2025-02-16 15:22:23:903	Fenix:stateModels	debug	START, START, START, START, START, START, START, START, START, START
2025-02-16 15:22:23:905	Fenix:buttonPresses	debug	0.0
2025-02-16 15:22:23:940	Fenix:drivetrain	debug	0.0,-0.0,-0.0,-0.0,0.0,0.0,3.0,0.0
2025-02-16 15:22:23:955	Fenix:arm	debug	0.06144027308192458,13.00000238416429,1.0,470.0,0.03343810606567244,1.0,703.0
2025-02-16 15:22:23:959	Fenix:endEffector	debug	0.0,-93.00000000000001,0.3788888888888889
2025-02-16 15:22:23:960	Fenix:stateModels	debug	START, START, START, START, START, START, START, START, START, START
2025-02-16 15:22:23:962	Fenix:buttonPresses	debug	0.0
2025-02-16 15:22:23:994	Fenix:drivetrain	debug	0.0,-0.0,-0.0,-0.0,3.0,3.0,3.0,10.0
2025-02-16 15:22:24:005	Fenix:arm	debug	0.04915221846553967,13.00000238416429,1.0,430.0,0.03343810606567244,1.0,718.0
2025-02-16 15:22:24:007	Fenix:endEffector	debug	0.0,-93.00000000000001,0.3788888888888889
2025-02-16 15:22:24:009	Fenix:stateModels	debug	START, START, START, START, START, START, START, START, START, START
2025-02-16 15:22:24:011	Fenix:buttonPresses	debug	0.0
2025-02-16 15:22:24:040	Fenix:drivetrain	debug	0.0,-0.0,-0.0,-0.0,3.0,3.0,3.0,3.0
2025-02-16 15:22:24:051	Fenix:arm	debug	0.04915221846553967,13.00000238416429,1.0,441.0,0.03343810606567244,1.0,718.0
2025-02-16 15:22:24:053	Fenix:endEffector	debug	0.0,-93.00000000000001,0.3788888888888889
2025-02-16 15:22:24:054	Fenix:stateModels	debug	START, START, START, START, START, START, START, START, START, START
2025-02-16 15:22:24:056	Fenix:buttonPresses	debug	0.0
2025-02-16 15:22:24:087	Fenix:drivetrain	debug	0.0,-0.0,-0.0,-0.0,3.0,3.0,3.0,3.0
2025-02-16 15:22:24:098	Fenix:arm	debug	0.04915221846553967,13.00000238416429,1.0,470.0,0.03343810606567244,1.0,721.0
2025-02-16 15:22:24:100	Fenix:endEffector	debug	0.0,-93.00000000000001,0.3788888888888889
2025-02-16 15:22:24:102	Fenix:stateModels	debug	START, START, START, START, START, START, START, START, START, START
2025-02-16 15:22:24:104	Fenix:buttonPresses	debug	0.0
2025-02-16 15:22:24:131	Fenix:drivetrain	debug	0.0,-0.0,-0.0,-0.0,3.0,3.0,3.0,0.0
2025-02-16 15:22:24:141	Fenix:arm	debug	0.03686416384915475,13.00000238416429,1.0,470.0,0.03343810606567244,1.0,725.0
2025-02-16 15:22:24:143	Fenix:endEffector	debug	0.0,-93.00000000000001,0.3788888888888889
2025-02-16 15:22:24:145	Fenix:stateModels	debug	START, START, START, START, START, START, START, START, START, START
2025-02-16 15:22:24:147	Fenix:buttonPresses	debug	0.0
2025-02-16 15:22:24:173	Fenix:drivetrain	debug	0.0,-0.0,-0.0,-0.0,3.0,3.0,3.0,0.0
2025-02-16 15:22:24:185	Fenix:arm	debug	0.03686416384915475,13.00000238416429,1.0,495.0,0.03343810606567244,1.0,729.0
2025-02-16 15:22:24:188	Fenix:endEffector	debug	0.0,-93.00000000000001,0.3788888888888889
2025-02-16 15:22:24:189	Fenix:stateModels	debug	START, START, START, START, START, START, START, START, START, START
2025-02-16 15:22:24:191	Fenix:buttonPresses	debug	0.0
2025-02-16 15:22:24:220	Fenix:drivetrain	debug	0.0,-0.0,-0.0,-0.0,3.0,3.0,3.0,3.0
2025-02-16 15:22:24:233	Fenix:arm	debug	0.03686416384915475,13.00000238416429,1.0,506.0,0.03343810606567244,1.0,729.0
2025-02-16 15:22:24:237	Fenix:endEffector	debug	0.0,-93.00000000000001,0.3788888888888889
2025-02-16 15:22:24:239	Fenix:stateModels	debug	START, START, START, START, START, START, START, START, START, START
2025-02-16 15:22:24:241	Fenix:buttonPresses	debug	0.0
2025-02-16 15:22:24:276	Fenix:drivetrain	debug	0.0,-0.0,-0.0,-0.0,0.0,0.0,3.0,3.0
2025-02-16 15:22:24:291	Fenix:arm	debug	0.03686416384915475,13.00000238416429,1.0,484.0,0.03343810606567244,1.0,729.0
2025-02-16 15:22:24:295	Fenix:endEffector	debug	0.0,-93.00000000000001,0.3788888888888889
2025-02-16 15:22:24:297	Fenix:stateModels	debug	START, START, START, START, START, START, START, START, START, START
2025-02-16 15:22:24:298	Fenix:buttonPresses	debug	0.0
2025-02-16 15:22:24:328	Fenix:drivetrain	debug	0.0,-0.0,-0.0,-0.0,0.0,0.0,3.0,3.0
2025-02-16 15:22:24:339	Fenix:arm	debug	0.03686416384915475,13.00000238416429,1.0,535.0,0.03343810606567244,1.0,729.0
2025-02-16 15:22:24:341	Fenix:endEffector	debug	0.0,-93.00000000000001,0.3788888888888889
2025-02-16 15:22:24:343	Fenix:stateModels	debug	START, START, START, START, START, START, START, START, START, START
2025-02-16 15:22:24:345	Fenix:buttonPresses	debug	0.0
2025-02-16 15:22:24:371	Fenix:drivetrain	debug	0.0,-0.0,-0.0,-0.0,0.0,3.0,3.0,3.0
2025-02-16 15:22:24:381	Fenix:arm	debug	0.03686416384915475,13.00000238416429,1.0,532.0,0.03343810606567244,1.0,780.0
2025-02-16 15:22:24:384	Fenix:endEffector	debug	0.0,-93.00000000000001,0.3788888888888889
2025-02-16 15:22:24:385	Fenix:stateModels	debug	START, START, START, START, START, START, START, START, START, START
2025-02-16 15:22:24:387	Fenix:buttonPresses	debug	0.0
2025-02-16 15:22:24:413	Fenix:drivetrain	debug	0.0,-0.0,-0.0,-0.0,0.0,0.0,3.0,3.0
2025-02-16 15:22:24:424	Fenix:arm	debug	0.03686416384915475,13.00000238416429,1.0,521.0,0.03343810606567244,1.0,856.0
2025-02-16 15:22:24:426	Fenix:endEffector	debug	0.0,-93.00000000000001,0.3788888888888889
2025-02-16 15:22:24:427	Fenix:stateModels	debug	START, START, START, START, START, START, START, START, START, START
2025-02-16 15:22:24:429	Fenix:buttonPresses	debug	0.0
2025-02-16 15:22:24:458	Fenix:drivetrain	debug	0.0,-0.0,-0.0,-0.0,0.0,0.0,3.0,0.0
2025-02-16 15:22:24:473	Fenix:arm	debug	0.03686416384915475,13.00000238416429,1.0,532.0,0.03343810606567244,1.0,871.0
2025-02-16 15:22:24:479	Fenix:endEffector	debug	0.0,-93.00000000000001,0.3788888888888889
2025-02-16 15:22:24:481	Fenix:stateModels	debug	START, START, START, START, START, START, START, START, START, START
2025-02-16 15:22:24:484	Fenix:buttonPresses	debug	0.0
2025-02-16 15:22:24:517	Fenix:drivetrain	debug	0.0,-0.0,-0.0,-0.0,0.0,0.0,3.0,3.0
2025-02-16 15:22:24:529	Fenix:arm	debug	0.03686416384915475,13.00000238416429,1.0,543.0,0.03343810606567244,1.0,874.0
2025-02-16 15:22:24:532	Fenix:endEffector	debug	0.0,-93.00000000000001,0.3788888888888889
2025-02-16 15:22:24:534	Fenix:stateModels	debug	START, START, START, START, START, START, START, START, START, START
2025-02-16 15:22:24:536	Fenix:buttonPresses	debug	0.0
2025-02-16 15:22:24:566	Fenix:drivetrain	debug	0.0,-0.0,-0.0,-0.0,0.0,3.0,3.0,3.0
2025-02-16 15:22:24:578	Fenix:arm	debug	0.03686416384915475,13.00000238416429,1.0,532.0,0.03343810606567244,1.0,882.0
2025-02-16 15:22:24:580	Fenix:endEffector	debug	0.0,-93.00000000000001,0.3788888888888889
2025-02-16 15:22:24:582	Fenix:stateModels	debug	START, START, START, START, START, START, START, START, START, START
2025-02-16 15:22:24:584	Fenix:buttonPresses	debug	0.0
2025-02-16 15:22:24:617	Fenix:drivetrain	debug	0.0,-0.0,-0.0,-0.0,0.0,3.0,3.0,3.0
2025-02-16 15:22:24:629	Fenix:arm	debug	0.03686416384915475,13.00000238416429,1.0,524.0,0.03343810606567244,1.0,885.0
2025-02-16 15:22:24:631	Fenix:endEffector	debug	0.0,-93.00000000000001,0.3788888888888889
2025-02-16 15:22:24:633	Fenix:stateModels	debug	START, START, START, START, START, START, START, START, START, START
2025-02-16 15:22:24:635	Fenix:buttonPresses	debug	0.0
2025-02-16 15:22:24:662	Fenix:drivetrain	debug	0.0,-0.0,-0.0,-0.0,0.0,3.0,3.0,3.0
2025-02-16 15:22:24:673	Fenix:arm	debug	0.024576109232769833,13.00000238416429,1.0,626.0,0.03343810606567244,1.0,882.0
2025-02-16 15:22:24:676	Fenix:endEffector	debug	0.0,-93.00000000000001,0.3788888888888889
2025-02-16 15:22:24:678	Fenix:stateModels	debug	START, START, START, START, START, START, START, START, START, START
2025-02-16 15:22:24:680	Fenix:buttonPresses	debug	0.0
2025-02-16 15:22:24:741	Fenix:drivetrain	debug	0.0,-0.0,-0.0,-0.0,0.0,0.0,3.0,0.0
2025-02-16 15:22:24:754	Fenix:arm	debug	0.0,13.00000238416429,1.0,670.0,0.03343810606567244,1.0,885.0
2025-02-16 15:22:24:756	Fenix:endEffector	debug	0.0,-93.00000000000001,0.3788888888888889
2025-02-16 15:22:24:758	Fenix:stateModels	debug	START, START, START, START, START, START, START, START, START, START
2025-02-16 15:22:24:760	Fenix:buttonPresses	debug	0.0
2025-02-16 15:22:24:800	Fenix:drivetrain	debug	0.0,-0.0,-0.0,-0.0,3.0,3.0,3.0,7.0
2025-02-16 15:22:24:814	Fenix:arm	debug	0.04915221846553967,13.00000238416429,1.0,14.0,0.03343810606567244,1.0,885.0
2025-02-16 15:22:24:818	Fenix:endEffector	debug	0.0,-93.00000000000001,0.3788888888888889
2025-02-16 15:22:24:820	Fenix:stateModels	debug	START, START, START, START, START, START, START, START, START, START
2025-02-16 15:22:24:822	Fenix:buttonPresses	debug	0.0
2025-02-16 15:22:24:856	Fenix:drivetrain	debug	0.0,-0.0,-0.0,-0.0,0.0,3.0,3.0,3.0
2025-02-16 15:22:24:868	Fenix:arm	debug	0.04915221846553967,13.00000238416429,1.0,3.0,0.03343810606567244,1.0,885.0
2025-02-16 15:22:24:871	Fenix:endEffector	debug	0.0,-93.00000000000001,0.3788888888888889
2025-02-16 15:22:24:873	Fenix:stateModels	debug	START, START, START, START, START, START, START, START, START, START
2025-02-16 15:22:24:875	Fenix:buttonPresses	debug	0.0
2025-02-16 15:22:24:902	Fenix:drivetrain	debug	0.0,-0.0,-0.0,-0.0,0.0,3.0,3.0,3.0
2025-02-16 15:22:24:913	Fenix:arm	debug	0.04915221846553967,13.00000238416429,1.0,3.0,0.03343810606567244,1.0,885.0
2025-02-16 15:22:24:915	Fenix:endEffector	debug	0.0,-93.00000000000001,0.3788888888888889
2025-02-16 15:22:24:917	Fenix:stateModels	debug	START, START, START, START, START, START, START, START, START, START
2025-02-16 15:22:24:919	Fenix:buttonPresses	debug	0.0
2025-02-16 15:22:24:947	Fenix:drivetrain	debug	0.0,-0.0,-0.0,-0.0,0.0,0.0,3.0,3.0
2025-02-16 15:22:24:959	Fenix:arm	debug	0.04915221846553967,13.00000238416429,1.0,3.0,0.03343810606567244,1.0,889.0
2025-02-16 15:22:24:961	Fenix:endEffector	debug	0.0,-93.00000000000001,0.3788888888888889
2025-02-16 15:22:24:963	Fenix:stateModels	debug	START, START, START, START, START, START, START, START, START, START
2025-02-16 15:22:24:965	Fenix:buttonPresses	debug	0.0
2025-02-16 15:22:24:993	Fenix:drivetrain	debug	0.0,-0.0,-0.0,-0.0,3.0,3.0,3.0,0.0
2025-02-16 15:22:25:006	Fenix:arm	debug	0.04915221846553967,13.00000238416429,1.0,10.0,0.03343810606567244,1.0,893.0
2025-02-16 15:22:25:010	Fenix:endEffector	debug	0.0,-93.00000000000001,0.3788888888888889
2025-02-16 15:22:25:012	Fenix:stateModels	debug	START, START, START, START, START, START, START, START, START, START
2025-02-16 15:22:25:014	Fenix:buttonPresses	debug	0.0
2025-02-16 15:22:25:044	Fenix:drivetrain	debug	0.0,-0.0,-0.0,-0.0,0.0,3.0,3.0,0.0
2025-02-16 15:22:25:055	Fenix:arm	debug	0.04915221846553967,13.00000238416429,1.0,3.0,0.03343810606567244,1.0,893.0
2025-02-16 15:22:25:057	Fenix:endEffector	debug	0.0,-93.00000000000001,0.3788888888888889
2025-02-16 15:22:25:058	Fenix:stateModels	debug	START, START, START, START, START, START, START, START, START, START
2025-02-16 15:22:25:060	Fenix:buttonPresses	debug	0.0
2025-02-16 15:22:25:088	Fenix:drivetrain	debug	0.0,-0.0,-0.0,-0.0,0.0,3.0,3.0,0.0
2025-02-16 15:22:25:099	Fenix:arm	debug	0.04915221846553967,13.00000238416429,1.0,3.0,0.03343810606567244,1.0,896.0
2025-02-16 15:22:25:101	Fenix:endEffector	debug	0.0,-93.00000000000001,0.3788888888888889
2025-02-16 15:22:25:102	Fenix:stateModels	debug	START, START, START, START, START, START, START, START, START, START
2025-02-16 15:22:25:104	Fenix:buttonPresses	debug	0.0
2025-02-16 15:22:25:135	Fenix:drivetrain	debug	0.0,-0.0,-0.0,-0.0,3.0,0.0,3.0,0.0
2025-02-16 15:22:25:145	Fenix:arm	debug	0.04915221846553967,13.00000238416429,1.0,0.0,0.03343810606567244,1.0,900.0
2025-02-16 15:22:25:147	Fenix:endEffector	debug	0.0,-93.00000000000001,0.3788888888888889
2025-02-16 15:22:25:149	Fenix:stateModels	debug	START, START, START, START, START, START, START, START, START, START
2025-02-16 15:22:25:150	Fenix:buttonPresses	debug	0.0
2025-02-16 15:22:25:177	Fenix:drivetrain	debug	0.0,-0.0,-0.0,-0.0,0.0,0.0,3.0,0.0
2025-02-16 15:22:25:192	Fenix:arm	debug	0.04915221846553967,13.00000238416429,1.0,10.0,0.03343810606567244,1.0,965.0
2025-02-16 15:22:25:196	Fenix:endEffector	debug	0.0,-93.00000000000001,0.3788888888888889
2025-02-16 15:22:25:199	Fenix:stateModels	debug	START, START, START, START, START, START, START, START, START, START
2025-02-16 15:22:25:202	Fenix:buttonPresses	debug	0.0
2025-02-16 15:22:25:233	Fenix:drivetrain	debug	0.0,-0.0,-0.0,-0.0,0.0,0.0,3.0,0.0
2025-02-16 15:22:25:248	Fenix:arm	debug	0.04915221846553967,13.00000238416429,1.0,0.0,0.03343810606567244,1.0,1038.0
2025-02-16 15:22:25:250	Fenix:endEffector	debug	0.0,-93.00000000000001,0.3788888888888889
2025-02-16 15:22:25:252	Fenix:stateModels	debug	START, START, START, START, START, START, START, START, START, START
2025-02-16 15:22:25:254	Fenix:buttonPresses	debug	0.0
2025-02-16 15:22:25:284	Fenix:drivetrain	debug	0.0,-0.0,-0.0,-0.0,3.0,0.0,3.0,0.0
2025-02-16 15:22:25:296	Fenix:arm	debug	0.04915221846553967,13.00000238416429,1.0,10.0,0.03343810606567244,1.0,1042.0
2025-02-16 15:22:25:298	Fenix:endEffector	debug	0.0,-93.00000000000001,0.3788888888888889
2025-02-16 15:22:25:300	Fenix:stateModels	debug	START, START, START, START, START, START, START, START, START, START
2025-02-16 15:22:25:302	Fenix:buttonPresses	debug	0.0
2025-02-16 15:22:25:341	Fenix:drivetrain	debug	0.0,-0.0,-0.0,-0.0,0.0,0.0,3.0,10.0
2025-02-16 15:22:25:355	Fenix:arm	debug	0.04915221846553967,13.00000238416429,1.0,3.0,0.03343810606567244,1.0,1049.0
2025-02-16 15:22:25:359	Fenix:endEffector	debug	0.0,-93.00000000000001,0.3788888888888889
2025-02-16 15:22:25:361	Fenix:stateModels	debug	START, START, START, START, START, START, START, START, START, START
2025-02-16 15:22:25:363	Fenix:buttonPresses	debug	0.0
2025-02-16 15:22:25:396	Fenix:drivetrain	debug	0.0,-0.0,-0.0,-0.0,0.0,3.0,3.0,3.0
2025-02-16 15:22:25:408	Fenix:arm	debug	0.04915221846553967,13.00000238416429,1.0,3.0,0.03343810606567244,1.0,1053.0
2025-02-16 15:22:25:410	Fenix:endEffector	debug	0.0,-93.00000000000001,0.3788888888888889
2025-02-16 15:22:25:412	Fenix:stateModels	debug	START, START, START, START, START, START, START, START, START, START
2025-02-16 15:22:25:414	Fenix:buttonPresses	debug	0.0
2025-02-16 15:22:25:444	Fenix:drivetrain	debug	0.0,-0.0,-0.0,-0.0,0.0,3.0,3.0,3.0
2025-02-16 15:22:25:457	Fenix:arm	debug	0.04915221846553967,13.00000238416429,1.0,0.0,0.03343810606567244,1.0,1060.0
2025-02-16 15:22:25:459	Fenix:endEffector	debug	0.0,-93.00000000000001,0.3788888888888889
2025-02-16 15:22:25:461	Fenix:stateModels	debug	START, START, START, START, START, START, START, START, START, START
2025-02-16 15:22:25:465	Fenix:buttonPresses	debug	0.0
2025-02-16 15:22:25:493	Fenix:drivetrain	debug	0.0,-0.0,-0.0,-0.0,0.0,0.0,3.0,3.0
2025-02-16 15:22:25:506	Fenix:arm	debug	0.04915221846553967,13.00000238416429,1.0,0.0,0.03343810606567244,1.0,1060.0
2025-02-16 15:22:25:508	Fenix:endEffector	debug	0.0,-93.00000000000001,0.3788888888888889
2025-02-16 15:22:25:509	Fenix:stateModels	debug	START, START, START, START, START, START, START, START, START, START
2025-02-16 15:22:25:511	Fenix:buttonPresses	debug	0.0
2025-02-16 15:22:25:544	Fenix:drivetrain	debug	0.0,-0.0,-0.0,-0.0,3.0,3.0,3.0,0.0
2025-02-16 15:22:25:557	Fenix:arm	debug	0.04915221846553967,13.00000238416429,1.0,0.0,0.03343810606567244,1.0,1071.0
2025-02-16 15:22:25:561	Fenix:endEffector	debug	0.0,-93.00000000000001,0.3788888888888889
2025-02-16 15:22:25:562	Fenix:stateModels	debug	START, START, START, START, START, START, START, START, START, START
2025-02-16 15:22:25:564	Fenix:buttonPresses	debug	0.0
2025-02-16 15:22:25:593	Fenix:drivetrain	debug	0.0,-0.0,-0.0,-0.0,0.0,0.0,3.0,3.0
2025-02-16 15:22:25:605	Fenix:arm	debug	0.04915221846553967,13.00000238416429,1.0,3.0,0.03343810606567244,1.0,1078.0
2025-02-16 15:22:25:607	Fenix:endEffector	debug	0.0,-93.00000000000001,0.3788888888888889
2025-02-16 15:22:25:610	Fenix:stateModels	debug	START, START, START, START, START, START, START, START, START, START
2025-02-16 15:22:25:612	Fenix:buttonPresses	debug	0.0
2025-02-16 15:22:25:645	Fenix:drivetrain	debug	0.0,-0.0,-0.0,-0.0,0.0,0.0,3.0,0.0
2025-02-16 15:22:25:658	Fenix:arm	debug	0.04915221846553967,13.00000238416429,1.0,3.0,0.03343810606567244,1.0,1166.0
2025-02-16 15:22:25:661	Fenix:endEffector	debug	0.0,-93.00000000000001,0.3788888888888889
2025-02-16 15:22:25:663	Fenix:stateModels	debug	START, START, START, START, START, START, START, START, START, START
2025-02-16 15:22:25:665	Fenix:buttonPresses	debug	0.0
2025-02-16 15:22:25:693	Fenix:drivetrain	debug	0.0,-0.0,-0.0,-0.0,3.0,0.0,3.0,3.0
2025-02-16 15:22:25:704	Fenix:arm	debug	0.04915221846553967,13.00000238416429,1.0,3.0,0.03343810606567244,1.0,1180.0
2025-02-16 15:22:25:707	Fenix:endEffector	debug	0.0,-93.00000000000001,0.3788888888888889
2025-02-16 15:22:25:709	Fenix:stateModels	debug	START, START, START, START, START, START, START, START, START, START
2025-02-16 15:22:25:711	Fenix:buttonPresses	debug	0.0
2025-02-16 15:22:25:739	Fenix:drivetrain	debug	0.0,-0.0,-0.0,-0.0,7.0,0.0,3.0,0.0
2025-02-16 15:22:25:753	Fenix:arm	debug	0.03686416384915475,13.00000238416429,1.0,10.0,0.03343810606567244,1.0,1195.0
2025-02-16 15:22:25:755	Fenix:endEffector	debug	0.0,-93.00000000000001,0.3788888888888889
2025-02-16 15:22:25:757	Fenix:stateModels	debug	START, START, START, START, START, START, START, START, START, START
2025-02-16 15:22:25:759	Fenix:buttonPresses	debug	0.0
2025-02-16 15:22:25:788	Fenix:drivetrain	debug	0.0,-0.0,-0.0,-0.0,3.0,0.0,3.0,3.0
2025-02-16 15:22:25:800	Fenix:arm	debug	0.03686416384915475,13.00000238416429,1.0,3.0,0.03343810606567244,1.0,1199.0
2025-02-16 15:22:25:803	Fenix:endEffector	debug	0.0,-93.00000000000001,0.3788888888888889
2025-02-16 15:22:25:805	Fenix:stateModels	debug	START, START, START, START, START, START, START, START, START, START
2025-02-16 15:22:25:807	Fenix:buttonPresses	debug	0.0
2025-02-16 15:22:25:835	Fenix:drivetrain	debug	0.0,-0.0,-0.0,-0.0,0.0,0.0,3.0,0.0
2025-02-16 15:22:25:846	Fenix:arm	debug	0.03686416384915475,13.00000238416429,1.0,3.0,0.03343810606567244,1.0,1202.0
2025-02-16 15:22:25:848	Fenix:endEffector	debug	0.0,-93.00000000000001,0.3788888888888889
2025-02-16 15:22:25:850	Fenix:stateModels	debug	START, START, START, START, START, START, START, START, START, START
2025-02-16 15:22:25:852	Fenix:buttonPresses	debug	0.0
2025-02-16 15:22:25:886	Fenix:drivetrain	debug	0.0,-0.0,-0.0,-0.0,3.0,0.0,3.0,3.0
2025-02-16 15:22:25:900	Fenix:arm	debug	0.03686416384915475,13.00000238416429,1.0,10.0,0.03343810606567244,1.0,1199.0
2025-02-16 15:22:25:903	Fenix:endEffector	debug	0.0,-93.00000000000001,0.3788888888888889
2025-02-16 15:22:25:905	Fenix:stateModels	debug	START, START, START, START, START, START, START, START, START, START
2025-02-16 15:22:25:907	Fenix:buttonPresses	debug	0.0
2025-02-16 15:22:25:940	Fenix:drivetrain	debug	0.0,-0.0,-0.0,-0.0,3.0,0.0,3.0,3.0
2025-02-16 15:22:25:950	Fenix:arm	debug	0.03686416384915475,13.00000238416429,1.0,0.0,0.03343810606567244,1.0,1199.0
2025-02-16 15:22:25:952	Fenix:endEffector	debug	0.0,-93.00000000000001,0.3788888888888889
2025-02-16 15:22:25:954	Fenix:stateModels	debug	START, START, START, START, START, START, START, START, START, START
2025-02-16 15:22:25:955	Fenix:buttonPresses	debug	0.0
2025-02-16 15:22:25:984	Fenix:drivetrain	debug	0.0,-0.0,-0.0,-0.0,3.0,0.0,3.0,0.0
2025-02-16 15:22:25:995	Fenix:arm	debug	0.03686416384915475,13.00000238416429,1.0,10.0,0.03343810606567244,1.0,1206.0
2025-02-16 15:22:25:996	Fenix:endEffector	debug	0.0,-93.00000000000001,0.3788888888888889
2025-02-16 15:22:25:998	Fenix:stateModels	debug	START, START, START, START, START, START, START, START, START, START
2025-02-16 15:22:26:000	Fenix:buttonPresses	debug	0.0
2025-02-16 15:22:26:028	Fenix:drivetrain	debug	0.0,-0.0,-0.0,-0.0,0.0,0.0,7.0,7.0
2025-02-16 15:22:26:039	Fenix:arm	debug	0.03686416384915475,13.00000238416429,1.0,7.0,0.03343810606567244,1.0,1202.0
2025-02-16 15:22:26:041	Fenix:endEffector	debug	0.0,-93.00000000000001,0.3788888888888889
2025-02-16 15:22:26:044	Fenix:stateModels	debug	START, START, START, START, START, START, START, START, START, START
2025-02-16 15:22:26:045	Fenix:buttonPresses	debug	0.0
2025-02-16 15:22:26:077	Fenix:drivetrain	debug	0.0,-0.0,-0.0,-0.0,0.0,0.0,3.0,3.0
2025-02-16 15:22:26:090	Fenix:arm	debug	0.03686416384915475,13.00000238416429,1.0,0.0,0.03343810606567244,1.0,1206.0
2025-02-16 15:22:26:094	Fenix:endEffector	debug	0.0,-93.00000000000001,0.3788888888888889
2025-02-16 15:22:26:095	Fenix:stateModels	debug	START, START, START, START, START, START, START, START, START, START
2025-02-16 15:22:26:097	Fenix:buttonPresses	debug	0.0
2025-02-16 15:22:26:126	Fenix:drivetrain	debug	0.0,-0.0,-0.0,-0.0,3.0,0.0,3.0,3.0
2025-02-16 15:22:26:138	Fenix:arm	debug	0.03686416384915475,13.00000238416429,1.0,7.0,0.03343810606567244,1.0,1206.0
2025-02-16 15:22:26:141	Fenix:endEffector	debug	0.0,-93.00000000000001,0.3788888888888889
2025-02-16 15:22:26:143	Fenix:stateModels	debug	START, START, START, START, START, START, START, START, START, START
2025-02-16 15:22:26:145	Fenix:buttonPresses	debug	0.0
2025-02-16 15:22:26:176	Fenix:drivetrain	debug	0.0,-0.0,-0.0,-0.0,3.0,0.0,3.0,3.0
2025-02-16 15:22:26:187	Fenix:arm	debug	0.03686416384915475,13.00000238416429,1.0,0.0,0.03343810606567244,1.0,1210.0
2025-02-16 15:22:26:189	Fenix:endEffector	debug	0.0,-93.00000000000001,0.3788888888888889
2025-02-16 15:22:26:190	Fenix:stateModels	debug	START, START, START, START, START, START, START, START, START, START
2025-02-16 15:22:26:193	Fenix:buttonPresses	debug	0.0
2025-02-16 15:22:26:221	Fenix:drivetrain	debug	0.0,-0.0,-0.0,-0.0,0.0,0.0,3.0,3.0
2025-02-16 15:22:26:233	Fenix:arm	debug	0.03686416384915475,13.00000238416429,1.0,0.0,0.03343810606567244,1.0,1210.0
2025-02-16 15:22:26:235	Fenix:endEffector	debug	0.0,-93.00000000000001,0.3788888888888889
2025-02-16 15:22:26:237	Fenix:stateModels	debug	START, START, START, START, START, START, START, START, START, START
2025-02-16 15:22:26:239	Fenix:buttonPresses	debug	0.0
2025-02-16 15:22:26:265	Fenix:drivetrain	debug	0.0,-0.0,-0.0,-0.0,0.0,0.0,3.0,3.0
2025-02-16 15:22:26:279	Fenix:arm	debug	0.03686416384915475,13.00000238416429,1.0,0.0,0.03343810606567244,1.0,1213.0
2025-02-16 15:22:26:281	Fenix:endEffector	debug	0.0,-93.00000000000001,0.3788888888888889
2025-02-16 15:22:26:283	Fenix:stateModels	debug	START, START, START, START, START, START, START, START, START, START
2025-02-16 15:22:26:285	Fenix:buttonPresses	debug	0.0
2025-02-16 15:22:26:313	Fenix:drivetrain	debug	0.0,-0.0,-0.0,-0.0,0.0,0.0,3.0,3.0
2025-02-16 15:22:26:328	Fenix:arm	debug	0.03686416384915475,13.00000238416429,1.0,0.0,0.03343810606567244,1.0,1217.0
2025-02-16 15:22:26:330	Fenix:endEffector	debug	0.0,-93.00000000000001,0.3788888888888889
2025-02-16 15:22:26:332	Fenix:stateModels	debug	START, START, START, START, START, START, START, START, START, START
2025-02-16 15:22:26:334	Fenix:buttonPresses	debug	0.0
2025-02-16 15:22:26:361	Fenix:drivetrain	debug	0.0,-0.0,-0.0,-0.0,0.0,0.0,3.0,3.0
2025-02-16 15:22:26:372	Fenix:arm	debug	0.03686416384915475,13.00000238416429,1.0,0.0,0.03343810606567244,1.0,1217.0
2025-02-16 15:22:26:373	Fenix:endEffector	debug	0.0,-93.00000000000001,0.3788888888888889
2025-02-16 15:22:26:375	Fenix:stateModels	debug	START, START, START, START, START, START, START, START, START, START
2025-02-16 15:22:26:376	Fenix:buttonPresses	debug	0.0
2025-02-16 15:22:26:409	Fenix:drivetrain	debug	0.0,-0.0,-0.0,-0.0,3.0,3.0,3.0,3.0
2025-02-16 15:22:26:420	Fenix:arm	debug	0.03686416384915475,13.0,1.0,10.0,0.0,1.0,1334.0
2025-02-16 15:22:26:423	Fenix:endEffector	debug	0.0,-93.00000000000001,0.3788888888888889
2025-02-16 15:22:26:424	Fenix:stateModels	debug	START, START, START, START, START, START, START, START, START, START
2025-02-16 15:22:26:425	Fenix:buttonPresses	debug	0.0
2025-02-16 15:22:26:453	Fenix:drivetrain	debug	0.0,-0.0,-0.0,-0.0,3.0,0.0,3.0,0.0
2025-02-16 15:22:26:465	Fenix:arm	debug	0.03686416384915475,13.0,1.0,10.0,0.0,1.0,1232.0
2025-02-16 15:22:26:467	Fenix:endEffector	debug	0.0,-93.00000000000001,0.3788888888888889
2025-02-16 15:22:26:469	Fenix:stateModels	debug	START, START, START, START, START, START, START, START, START, START
2025-02-16 15:22:26:471	Fenix:buttonPresses	debug	0.0
2025-02-16 15:22:26:497	Fenix:drivetrain	debug	0.0,-0.0,-0.0,-0.0,0.0,0.0,3.0,0.0
2025-02-16 15:22:26:508	Fenix:arm	debug	0.03686416384915475,13.0,1.0,10.0,0.0,1.0,1235.0
2025-02-16 15:22:26:510	Fenix:endEffector	debug	0.0,-93.00000000000001,0.3788888888888889
2025-02-16 15:22:26:511	Fenix:stateModels	debug	START, START, START, START, START, START, START, START, START, START
2025-02-16 15:22:26:513	Fenix:buttonPresses	debug	0.0
2025-02-16 15:22:26:541	Fenix:drivetrain	debug	0.0,-0.0,-0.0,-0.0,0.0,0.0,7.0,3.0
2025-02-16 15:22:26:551	Fenix:arm	debug	0.03686416384915475,13.0,1.0,0.0,0.0,1.0,1232.0
2025-02-16 15:22:26:553	Fenix:endEffector	debug	0.0,-93.00000000000001,0.3788888888888889
2025-02-16 15:22:26:554	Fenix:stateModels	debug	START, START, START, START, START, START, START, START, START, START
2025-02-16 15:22:26:556	Fenix:buttonPresses	debug	0.0
2025-02-16 15:22:26:586	Fenix:drivetrain	debug	0.0,-0.0,-0.0,-0.0,3.0,0.0,3.0,0.0
2025-02-16 15:22:26:599	Fenix:arm	debug	0.03686416384915475,13.0,1.0,10.0,0.0,1.0,1239.0
2025-02-16 15:22:26:604	Fenix:endEffector	debug	0.0,-93.00000000000001,0.3788888888888889
2025-02-16 15:22:26:606	Fenix:stateModels	debug	START, START, START, START, START, START, START, START, START, START
2025-02-16 15:22:26:607	Fenix:buttonPresses	debug	0.0
2025-02-16 15:22:26:637	Fenix:drivetrain	debug	0.0,-0.0,-0.0,-0.0,3.0,0.0,3.0,0.0
2025-02-16 15:22:26:648	Fenix:arm	debug	0.03686416384915475,13.0,1.0,3.0,0.0,1.0,1239.0
2025-02-16 15:22:26:650	Fenix:endEffector	debug	0.0,-93.00000000000001,0.3788888888888889
2025-02-16 15:22:26:651	Fenix:stateModels	debug	START, START, START, START, START, START, START, START, START, START
2025-02-16 15:22:26:653	Fenix:buttonPresses	debug	0.0
2025-02-16 15:22:26:683	Fenix:drivetrain	debug	0.0,-0.0,-0.0,-0.0,0.0,3.0,3.0,0.0
2025-02-16 15:22:26:694	Fenix:arm	debug	0.03686416384915475,13.0,1.0,3.0,0.0,1.0,1239.0
2025-02-16 15:22:26:698	Fenix:endEffector	debug	0.0,-93.00000000000001,0.3788888888888889
2025-02-16 15:22:26:700	Fenix:stateModels	debug	START, START, START, START, START, START, START, START, START, START
2025-02-16 15:22:26:701	Fenix:buttonPresses	debug	0.0
2025-02-16 15:22:26:731	Fenix:drivetrain	debug	0.0,-0.0,-0.0,-0.0,0.0,0.0,3.0,3.0
2025-02-16 15:22:26:743	Fenix:arm	debug	0.03686416384915475,13.0,1.0,3.0,0.0,1.0,1239.0
2025-02-16 15:22:26:744	Fenix:endEffector	debug	0.0,-93.00000000000001,0.3788888888888889
2025-02-16 15:22:26:747	Fenix:stateModels	debug	START, START, START, START, START, START, START, START, START, START
2025-02-16 15:22:26:748	Fenix:buttonPresses	debug	0.0
2025-02-16 15:22:26:802	Fenix:drivetrain	debug	0.0,-0.0,-0.0,-0.0,0.0,0.0,3.0,3.0
2025-02-16 15:22:26:813	Fenix:arm	debug	0.024576109232769833,13.0,1.0,7.0,0.0,1.0,1246.0
2025-02-16 15:22:26:816	Fenix:endEffector	debug	0.0,-93.00000000000001,0.3788888888888889
2025-02-16 15:22:26:818	Fenix:stateModels	debug	START, START, START, START, START, START, START, START, START, START
2025-02-16 15:22:26:820	Fenix:buttonPresses	debug	0.0
2025-02-16 15:22:26:851	Fenix:drivetrain	debug	0.0,-0.0,-0.0,-0.0,0.0,0.0,3.0,3.0
2025-02-16 15:22:26:864	Fenix:arm	debug	0.024576109232769833,13.0,1.0,0.0,0.0,1.0,1246.0
2025-02-16 15:22:26:866	Fenix:endEffector	debug	0.0,-93.00000000000001,0.3788888888888889
2025-02-16 15:22:26:868	Fenix:stateModels	debug	START, START, START, START, START, START, START, START, START, START
2025-02-16 15:22:26:870	Fenix:buttonPresses	debug	0.0
2025-02-16 15:22:26:900	Fenix:drivetrain	debug	0.0,-0.0,-0.0,-0.0,3.0,0.0,3.0,0.0
2025-02-16 15:22:26:911	Fenix:arm	debug	0.024576109232769833,13.0,1.0,10.0,0.0,1.0,1246.0
2025-02-16 15:22:26:913	Fenix:endEffector	debug	0.0,-93.00000000000001,0.3788888888888889
2025-02-16 15:22:26:916	Fenix:stateModels	debug	START, START, START, START, START, START, START, START, START, START
2025-02-16 15:22:26:918	Fenix:buttonPresses	debug	0.0
2025-02-16 15:22:26:958	Fenix:drivetrain	debug	0.0,-0.0,-0.0,-0.0,0.0,0.0,3.0,7.0
2025-02-16 15:22:26:975	Fenix:arm	debug	0.024576109232769833,13.0,1.0,10.0,0.0,1.0,1250.0
2025-02-16 15:22:26:979	Fenix:endEffector	debug	0.0,-93.00000000000001,0.3788888888888889
2025-02-16 15:22:26:981	Fenix:stateModels	debug	START, START, START, START, START, START, START, START, START, START
2025-02-16 15:22:26:984	Fenix:buttonPresses	debug	0.0
2025-02-16 15:22:27:021	Fenix:drivetrain	debug	0.0,-0.0,-0.0,-0.0,3.0,0.0,3.0,0.0
2025-02-16 15:22:27:032	Fenix:arm	debug	0.024576109232769833,13.0,1.0,10.0,0.0,1.0,1253.0
2025-02-16 15:22:27:035	Fenix:endEffector	debug	0.0,-93.00000000000001,0.3788888888888889
2025-02-16 15:22:27:037	Fenix:stateModels	debug	START, START, START, START, START, START, START, START, START, START
2025-02-16 15:22:27:039	Fenix:buttonPresses	debug	0.0
2025-02-16 15:22:27:071	Fenix:drivetrain	debug	0.0,-0.0,-0.0,-0.0,0.0,3.0,3.0,3.0
2025-02-16 15:22:27:083	Fenix:arm	debug	0.024576109232769833,13.0,1.0,3.0,0.0,1.0,1352.0
2025-02-16 15:22:27:085	Fenix:endEffector	debug	0.0,-93.00000000000001,0.3788888888888889
2025-02-16 15:22:27:087	Fenix:stateModels	debug	START, START, START, START, START, START, START, START, START, START
2025-02-16 15:22:27:089	Fenix:buttonPresses	debug	0.0
2025-02-16 15:22:27:123	Fenix:drivetrain	debug	0.0,-0.0,-0.0,-0.0,0.0,0.0,3.0,0.0
2025-02-16 15:22:27:137	Fenix:arm	debug	0.024576109232769833,13.0,1.0,10.0,0.0,1.0,1370.0
2025-02-16 15:22:27:142	Fenix:endEffector	debug	0.0,-93.00000000000001,0.3788888888888889
2025-02-16 15:22:27:144	Fenix:stateModels	debug	START, START, START, START, START, START, START, START, START, START
2025-02-16 15:22:27:146	Fenix:buttonPresses	debug	0.0
2025-02-16 15:22:27:181	Fenix:drivetrain	debug	0.0,-0.0,-0.0,-0.0,3.0,0.0,3.0,0.0
2025-02-16 15:22:27:193	Fenix:arm	debug	0.024576109232769833,13.0,1.0,3.0,0.0,1.0,1370.0
2025-02-16 15:22:27:195	Fenix:endEffector	debug	0.0,-93.00000000000001,0.3788888888888889
2025-02-16 15:22:27:197	Fenix:stateModels	debug	START, START, START, START, START, START, START, START, START, START
2025-02-16 15:22:27:200	Fenix:buttonPresses	debug	0.0
2025-02-16 15:22:27:229	Fenix:drivetrain	debug	0.0,-0.0,-0.0,-0.0,0.0,3.0,3.0,0.0
2025-02-16 15:22:27:243	Fenix:arm	debug	0.024576109232769833,13.0,1.0,3.0,0.0,1.0,1370.0
2025-02-16 15:22:27:245	Fenix:endEffector	debug	0.0,-93.00000000000001,0.3788888888888889
2025-02-16 15:22:27:247	Fenix:stateModels	debug	START, START, START, START, START, START, START, START, START, START
2025-02-16 15:22:27:249	Fenix:buttonPresses	debug	0.0
2025-02-16 15:22:27:278	Fenix:drivetrain	debug	0.0,-0.0,-0.0,-0.0,0.0,0.0,3.0,0.0
2025-02-16 15:22:27:289	Fenix:arm	debug	0.024576109232769833,13.0,1.0,3.0,0.0,1.0,1374.0
2025-02-16 15:22:27:291	Fenix:endEffector	debug	0.0,-93.00000000000001,0.3788888888888889
2025-02-16 15:22:27:293	Fenix:stateModels	debug	START, START, START, START, START, START, START, START, START, START
2025-02-16 15:22:27:295	Fenix:buttonPresses	debug	0.0
2025-02-16 15:22:27:323	Fenix:drivetrain	debug	0.0,-0.0,-0.0,-0.0,0.0,0.0,3.0,0.0
2025-02-16 15:22:27:338	Fenix:arm	debug	0.024576109232769833,13.0,1.0,3.0,0.0,1.0,1374.0
2025-02-16 15:22:27:340	Fenix:endEffector	debug	0.0,-93.00000000000001,0.3788888888888889
2025-02-16 15:22:27:342	Fenix:stateModels	debug	START, START, START, START, START, START, START, START, START, START
2025-02-16 15:22:27:344	Fenix:buttonPresses	debug	0.0
2025-02-16 15:22:27:375	Fenix:drivetrain	debug	0.0,-0.0,-0.0,-0.0,0.0,0.0,3.0,3.0
2025-02-16 15:22:27:387	Fenix:arm	debug	0.024576109232769833,13.0,1.0,0.0,0.0,1.0,1377.0
2025-02-16 15:22:27:389	Fenix:endEffector	debug	0.0,-93.00000000000001,0.3788888888888889
2025-02-16 15:22:27:391	Fenix:stateModels	debug	START, START, START, START, START, START, START, START, START, START
2025-02-16 15:22:27:394	Fenix:buttonPresses	debug	0.0
2025-02-16 15:22:27:424	Fenix:drivetrain	debug	0.0,-0.0,-0.0,-0.0,0.0,3.0,3.0,0.0
2025-02-16 15:22:27:436	Fenix:arm	debug	0.024576109232769833,13.0,1.0,3.0,0.0,1.0,1381.0
2025-02-16 15:22:27:439	Fenix:endEffector	debug	0.0,-93.00000000000001,0.3788888888888889
2025-02-16 15:22:27:442	Fenix:stateModels	debug	START, START, START, START, START, START, START, START, START, START
2025-02-16 15:22:27:444	Fenix:buttonPresses	debug	0.0
2025-02-16 15:22:27:481	Fenix:drivetrain	debug	0.0,-0.0,-0.0,-0.0,0.0,0.0,3.0,3.0
2025-02-16 15:22:27:493	Fenix:arm	debug	0.024576109232769833,13.0,1.0,0.0,0.0,1.0,1377.0
2025-02-16 15:22:27:496	Fenix:endEffector	debug	0.0,-93.00000000000001,0.3788888888888889
2025-02-16 15:22:27:498	Fenix:stateModels	debug	START, START, START, START, START, START, START, START, START, START
2025-02-16 15:22:27:499	Fenix:buttonPresses	debug	0.0
2025-02-16 15:22:27:531	Fenix:drivetrain	debug	0.0,-0.0,-0.0,-0.0,0.0,0.0,3.0,3.0
2025-02-16 15:22:27:541	Fenix:arm	debug	0.024576109232769833,13.0,1.0,14.0,0.0,1.0,1377.0
2025-02-16 15:22:27:543	Fenix:endEffector	debug	0.0,-93.00000000000001,0.3788888888888889
2025-02-16 15:22:27:545	Fenix:stateModels	debug	START, START, START, START, START, START, START, START, START, START
2025-02-16 15:22:27:546	Fenix:buttonPresses	debug	0.0
2025-02-16 15:22:27:573	Fenix:drivetrain	debug	0.0,-0.0,-0.0,-0.0,0.0,0.0,3.0,0.0
2025-02-16 15:22:27:584	Fenix:arm	debug	0.024576109232769833,13.0,1.0,3.0,0.0,1.0,1377.0
2025-02-16 15:22:27:586	Fenix:endEffector	debug	0.0,-93.00000000000001,0.3788888888888889
2025-02-16 15:22:27:588	Fenix:stateModels	debug	START, START, START, START, START, START, START, START, START, START
2025-02-16 15:22:27:590	Fenix:buttonPresses	debug	0.0
2025-02-16 15:22:27:620	Fenix:drivetrain	debug	0.0,-0.0,-0.0,-0.0,0.0,3.0,0.0,0.0
2025-02-16 15:22:27:630	Fenix:arm	debug	0.024576109232769833,13.0,1.0,3.0,0.0,1.0,1377.0
2025-02-16 15:22:27:632	Fenix:endEffector	debug	0.0,-93.00000000000001,0.3788888888888889
2025-02-16 15:22:27:634	Fenix:stateModels	debug	START, START, START, START, START, START, START, START, START, START
2025-02-16 15:22:27:635	Fenix:buttonPresses	debug	0.0
2025-02-16 15:22:27:661	Fenix:drivetrain	debug	0.0,-0.0,-0.0,-0.0,0.0,0.0,3.0,0.0
2025-02-16 15:22:27:673	Fenix:arm	debug	0.024576109232769833,13.0,1.0,3.0,0.0,1.0,1377.0
2025-02-16 15:22:27:677	Fenix:endEffector	debug	0.0,-93.00000000000001,0.3788888888888889
2025-02-16 15:22:27:679	Fenix:stateModels	debug	START, START, START, START, START, START, START, START, START, START
2025-02-16 15:22:27:680	Fenix:buttonPresses	debug	0.0
2025-02-16 15:22:27:714	Fenix:drivetrain	debug	0.0,-0.0,-0.0,-0.0,3.0,0.0,3.0,3.0
2025-02-16 15:22:27:726	Fenix:arm	debug	0.024576109232769833,13.0,1.0,3.0,0.0,1.0,1381.0
2025-02-16 15:22:27:728	Fenix:endEffector	debug	0.0,-93.00000000000001,0.3788888888888889
2025-02-16 15:22:27:729	Fenix:stateModels	debug	START, START, START, START, START, START, START, START, START, START
2025-02-16 15:22:27:731	Fenix:buttonPresses	debug	0.0
2025-02-16 15:22:27:758	Fenix:drivetrain	debug	0.0,-0.0,-0.0,-0.0,3.0,0.0,3.0,3.0
2025-02-16 15:22:27:769	Fenix:arm	debug	0.024576109232769833,13.0,1.0,3.0,0.0,1.0,1381.0
2025-02-16 15:22:27:771	Fenix:endEffector	debug	0.0,-93.00000000000001,0.3788888888888889
2025-02-16 15:22:27:773	Fenix:stateModels	debug	START, START, START, START, START, START, START, START, START, START
2025-02-16 15:22:27:775	Fenix:buttonPresses	debug	0.0
2025-02-16 15:22:27:817	Fenix:drivetrain	debug	-0.7051678084910891,-0.7051678084910891,-0.7051675994840625,-0.7051678084910891,2970.0,2792.0,3342.0,2183.0
2025-02-16 15:22:27:829	Fenix:arm	debug	0.024576109232769833,13.0,1.0,3.0,0.0,1.0,987.0
2025-02-16 15:22:27:831	Fenix:endEffector	debug	0.0,-93.00000000000001,0.3788888888888889
2025-02-16 15:22:27:833	Fenix:stateModels	debug	START, START, START, START, START, START, START, START, START, START
2025-02-16 15:22:27:835	Fenix:buttonPresses	debug	0.0
2025-02-16 15:22:27:870	Fenix:drivetrain	debug	-0.8906488775944745,-0.8906488775944745,-0.8837621479667784,-0.8906488775944745,5423.0,3386.0,5438.0,3568.0
2025-02-16 15:22:27:887	Fenix:arm	debug	0.024576109232769833,13.0,1.0,65.0,0.0,1.0,933.0
2025-02-16 15:22:27:890	Fenix:endEffector	debug	0.0,-93.00000000000001,0.3788888888888889
2025-02-16 15:22:27:892	Fenix:stateModels	debug	START, START, START, START, START, START, START, START, START, START
2025-02-16 15:22:27:895	Fenix:buttonPresses	debug	0.0
2025-02-16 15:22:27:930	Fenix:drivetrain	debug	-0.8906488775944745,-0.8906488775944745,-0.9052614059723972,-0.8906488775944745,5726.0,1855.0,5456.0,3047.0
2025-02-16 15:22:27:942	Fenix:arm	debug	0.024576109232769833,13.0,1.0,218.0,0.0,1.0,951.0
2025-02-16 15:22:27:944	Fenix:endEffector	debug	0.0,-93.00000000000001,0.3788888888888889
2025-02-16 15:22:27:946	Fenix:stateModels	debug	START, START, START, START, START, START, START, START, START, START
2025-02-16 15:22:27:948	Fenix:buttonPresses	debug	0.0
2025-02-16 15:22:27:995	Fenix:drivetrain	debug	-0.8906488775944745,-0.8906488775944745,-0.9280091411541354,-0.8906488775944745,4636.0,3470.0,4381.0,3178.0
2025-02-16 15:22:28:010	Fenix:arm	debug	0.024576109232769833,13.0,1.0,233.0,0.0,1.0,998.0
2025-02-16 15:22:28:013	Fenix:endEffector	debug	0.0,-93.00000000000001,0.3788888888888889
2025-02-16 15:22:28:015	Fenix:stateModels	debug	START, START, START, START, START, START, START, START, START, START
2025-02-16 15:22:28:017	Fenix:buttonPresses	debug	0.0
2025-02-16 15:22:28:051	Fenix:drivetrain	debug	-0.8906488775944745,-0.8906488775944745,-0.9280091411541354,-0.8906488775944745,3925.0,3466.0,3721.0,2879.0
2025-02-16 15:22:28:063	Fenix:arm	debug	0.024576109232769833,13.0,1.0,247.0,0.0,1.0,1049.0
2025-02-16 15:22:28:065	Fenix:endEffector	debug	0.0,-93.00000000000001,0.3788888888888889
2025-02-16 15:22:28:067	Fenix:stateModels	debug	START, START, START, START, START, START, START, START, START, START
2025-02-16 15:22:28:069	Fenix:buttonPresses	debug	0.0
2025-02-16 15:22:28:098	Fenix:drivetrain	debug	-0.8906488775944745,-0.8906488775944745,-0.9280091411541354,-0.8906488775944745,3575.0,3240.0,3306.0,2664.0
2025-02-16 15:22:28:111	Fenix:arm	debug	0.024576109232769833,13.0,1.0,247.0,0.0,1.0,1038.0
2025-02-16 15:22:28:113	Fenix:endEffector	debug	0.0,-93.00000000000001,0.3788888888888889
2025-02-16 15:22:28:116	Fenix:stateModels	debug	START, START, START, START, START, START, START, START, START, START
2025-02-16 15:22:28:118	Fenix:buttonPresses	debug	0.0
2025-02-16 15:22:28:148	Fenix:drivetrain	debug	-0.8906488775944745,-0.8906488775944745,-0.9280091411541354,-0.8906488775944745,3309.0,2507.0,3058.0,2555.0
2025-02-16 15:22:28:159	Fenix:arm	debug	0.024576109232769833,13.0,1.0,277.0,0.0,1.0,1144.0
2025-02-16 15:22:28:160	Fenix:endEffector	debug	0.0,-93.00000000000001,0.3788888888888889
2025-02-16 15:22:28:162	Fenix:stateModels	debug	START, START, START, START, START, START, START, START, START, START
2025-02-16 15:22:28:164	Fenix:buttonPresses	debug	0.0
2025-02-16 15:22:28:201	Fenix:drivetrain	debug	-0.735256763715706,-0.735256763715706,-0.7606065598375371,-0.735256763715706,2314.0,2442.0,2063.0,1687.0
2025-02-16 15:22:28:215	Fenix:arm	debug	0.024576109232769833,13.0,1.0,302.0,0.0,1.0,1242.0
2025-02-16 15:22:28:220	Fenix:endEffector	debug	0.0,-93.00000000000001,0.3788888888888889
2025-02-16 15:22:28:222	Fenix:stateModels	debug	START, START, START, START, START, START, START, START, START, START
2025-02-16 15:22:28:225	Fenix:buttonPresses	debug	0.0
2025-02-16 15:22:28:269	Fenix:drivetrain	debug	0.0,0.0,0.0,0.0,459.0,699.0,641.0,710.0
2025-02-16 15:22:28:283	Fenix:arm	debug	0.012288054616384917,13.0,1.0,317.0,0.0,1.0,1308.0
2025-02-16 15:22:28:286	Fenix:endEffector	debug	0.0,-93.00000000000001,0.3788888888888889
2025-02-16 15:22:28:289	Fenix:stateModels	debug	START, START, START, START, START, START, START, START, START, START
2025-02-16 15:22:28:292	Fenix:buttonPresses	debug	0.0
2025-02-16 15:22:28:323	Fenix:drivetrain	debug	0.0,0.0,0.0,0.0,36.0,51.0,47.0,32.0
2025-02-16 15:22:28:336	Fenix:arm	debug	0.0,13.000009536661222,1.0,193.0,-0.06687621213134488,1.0,954.0
2025-02-16 15:22:28:339	Fenix:endEffector	debug	0.0,-93.00000000000001,0.3788888888888889
2025-02-16 15:22:28:341	Fenix:stateModels	debug	START, START, START, START, START, START, START, START, START, START
2025-02-16 15:22:28:343	Fenix:buttonPresses	debug	0.0
2025-02-16 15:22:28:371	Fenix:drivetrain	debug	0.0,0.0,0.0,0.0,7.0,7.0,10.0,3.0
2025-02-16 15:22:28:383	Fenix:arm	debug	0.0,13.000009536661222,1.0,10.0,-0.06687621213134488,1.0,1078.0
2025-02-16 15:22:28:384	Fenix:endEffector	debug	0.0,-93.00000000000001,0.3788888888888889
2025-02-16 15:22:28:386	Fenix:stateModels	debug	START, START, START, START, START, START, START, START, START, START
2025-02-16 15:22:28:388	Fenix:buttonPresses	debug	0.0
2025-02-16 15:22:28:415	Fenix:drivetrain	debug	0.0,0.0,0.0,0.0,3.0,3.0,7.0,3.0
2025-02-16 15:22:28:429	Fenix:arm	debug	0.0,13.000009536661222,1.0,14.0,-0.06687621213134488,1.0,1002.0
2025-02-16 15:22:28:430	Fenix:endEffector	debug	0.0,-93.00000000000001,0.3788888888888889
2025-02-16 15:22:28:432	Fenix:stateModels	debug	START, START, START, START, START, START, START, START, START, START
2025-02-16 15:22:28:434	Fenix:buttonPresses	debug	0.0
2025-02-16 15:22:28:463	Fenix:drivetrain	debug	0.0,0.0,0.0,0.0,3.0,3.0,7.0,0.0
2025-02-16 15:22:28:474	Fenix:arm	debug	0.0,13.000009536661222,1.0,10.0,-0.06687621213134488,1.0,838.0
2025-02-16 15:22:28:477	Fenix:endEffector	debug	0.0,-93.00000000000001,0.3788888888888889
2025-02-16 15:22:28:478	Fenix:stateModels	debug	START, START, START, START, START, START, START, START, START, START
2025-02-16 15:22:28:480	Fenix:buttonPresses	debug	0.0
2025-02-16 15:22:28:517	Fenix:drivetrain	debug	0.0,0.0,0.0,0.0,3.0,3.0,3.0,3.0
2025-02-16 15:22:28:531	Fenix:arm	debug	0.0,13.000009536661222,1.0,3.0,-0.06687621213134488,1.0,936.0
2025-02-16 15:22:28:535	Fenix:endEffector	debug	0.0,-93.00000000000001,0.3788888888888889
2025-02-16 15:22:28:537	Fenix:stateModels	debug	START, START, START, START, START, START, START, START, START, START
2025-02-16 15:22:28:539	Fenix:buttonPresses	debug	0.0
2025-02-16 15:22:28:574	Fenix:drivetrain	debug	0.0,0.0,0.0,0.0,3.0,0.0,3.0,3.0
2025-02-16 15:22:28:585	Fenix:arm	debug	0.0,13.000009536661222,1.0,0.0,-0.06687621213134488,1.0,1020.0
2025-02-16 15:22:28:587	Fenix:endEffector	debug	0.0,-93.00000000000001,0.3788888888888889
2025-02-16 15:22:28:588	Fenix:stateModels	debug	START, START, START, START, START, START, START, START, START, START
2025-02-16 15:22:28:590	Fenix:buttonPresses	debug	0.0
2025-02-16 15:22:28:615	Fenix:drivetrain	debug	0.0,0.0,0.0,0.0,3.0,3.0,3.0,3.0
2025-02-16 15:22:28:625	Fenix:arm	debug	0.0,13.000009536661222,1.0,0.0,-0.06687621213134488,1.0,1027.0
2025-02-16 15:22:28:627	Fenix:endEffector	debug	0.0,-93.00000000000001,0.3788888888888889
2025-02-16 15:22:28:628	Fenix:stateModels	debug	START, START, START, START, START, START, START, START, START, START
2025-02-16 15:22:28:629	Fenix:buttonPresses	debug	0.0
2025-02-16 15:22:28:656	Fenix:drivetrain	debug	0.0,0.0,0.0,0.0,3.0,3.0,3.0,3.0
2025-02-16 15:22:28:667	Fenix:arm	debug	0.0,13.000009536661222,1.0,0.0,-0.06687621213134488,1.0,1024.0
2025-02-16 15:22:28:668	Fenix:endEffector	debug	0.0,-93.00000000000001,0.3788888888888889
2025-02-16 15:22:28:669	Fenix:stateModels	debug	START, START, START, START, START, START, START, START, START, START
2025-02-16 15:22:28:670	Fenix:buttonPresses	debug	0.0
2025-02-16 15:22:28:696	Fenix:drivetrain	debug	0.0,0.0,0.0,0.0,3.0,0.0,3.0,10.0
2025-02-16 15:22:28:706	Fenix:arm	debug	0.0,13.000009536661222,1.0,3.0,-0.06687621213134488,1.0,1020.0
2025-02-16 15:22:28:708	Fenix:endEffector	debug	0.0,-93.00000000000001,0.3788888888888889
2025-02-16 15:22:28:710	Fenix:stateModels	debug	START, START, START, START, START, START, START, START, START, START
2025-02-16 15:22:28:711	Fenix:buttonPresses	debug	0.0
2025-02-16 15:22:28:744	Fenix:drivetrain	debug	0.0,0.0,0.0,0.0,0.0,0.0,3.0,3.0
2025-02-16 15:22:28:756	Fenix:arm	debug	0.0,13.000009536661222,1.0,0.0,-0.06687621213134488,1.0,1027.0
2025-02-16 15:22:28:761	Fenix:endEffector	debug	0.0,-93.00000000000001,0.3788888888888889
2025-02-16 15:22:28:763	Fenix:stateModels	debug	START, START, START, START, START, START, START, START, START, START
2025-02-16 15:22:28:764	Fenix:buttonPresses	debug	0.0
2025-02-16 15:22:28:802	Fenix:drivetrain	debug	0.0,-0.0,-0.0,-0.0,0.0,0.0,3.0,3.0
2025-02-16 15:22:28:813	Fenix:arm	debug	0.0,13.000009536661222,1.0,3.0,-0.06687621213134488,1.0,1042.0
2025-02-16 15:22:28:814	Fenix:endEffector	debug	0.0,-93.00000000000001,0.3788888888888889
2025-02-16 15:22:28:816	Fenix:stateModels	debug	START, START, START, START, START, START, START, START, START, START
2025-02-16 15:22:28:818	Fenix:buttonPresses	debug	0.0
2025-02-16 15:22:28:870	Fenix:drivetrain	debug	0.0,-0.0,-0.0,-0.0,0.0,0.0,3.0,3.0
2025-02-16 15:22:28:882	Fenix:arm	debug	0.0,13.000009536661222,1.0,7.0,-0.06687621213134488,1.0,903.0
2025-02-16 15:22:28:884	Fenix:endEffector	debug	0.0,-93.00000000000001,0.3788888888888889
2025-02-16 15:22:28:885	Fenix:stateModels	debug	START, START, START, START, START, START, START, START, START, START
2025-02-16 15:22:28:888	Fenix:buttonPresses	debug	0.0
2025-02-16 15:22:28:917	Fenix:drivetrain	debug	0.0,-0.0,-0.0,-0.0,0.0,0.0,3.0,0.0
2025-02-16 15:22:28:928	Fenix:arm	debug	0.012288054616384917,13.000009536661222,1.0,3.0,-0.06687621213134488,1.0,944.0
2025-02-16 15:22:28:931	Fenix:endEffector	debug	0.0,-93.00000000000001,0.3788888888888889
2025-02-16 15:22:28:935	Fenix:stateModels	debug	START, START, START, START, START, START, START, START, START, START
2025-02-16 15:22:28:937	Fenix:buttonPresses	debug	0.0
2025-02-16 15:22:28:964	Fenix:drivetrain	debug	0.0,-0.0,-0.0,-0.0,0.0,0.0,3.0,0.0
2025-02-16 15:22:28:976	Fenix:arm	debug	0.024576109232769833,13.000009536661222,1.0,3.0,-0.06687621213134488,1.0,958.0
2025-02-16 15:22:28:977	Fenix:endEffector	debug	0.0,-93.00000000000001,0.3788888888888889
2025-02-16 15:22:28:979	Fenix:stateModels	debug	START, START, START, START, START, START, START, START, START, START
2025-02-16 15:22:28:980	Fenix:buttonPresses	debug	0.0
2025-02-16 15:22:29:009	Fenix:drivetrain	debug	0.0,-0.0,-0.0,-0.0,3.0,0.0,3.0,3.0
2025-02-16 15:22:29:019	Fenix:arm	debug	0.024576109232769833,13.000009536661222,1.0,3.0,-0.06687621213134488,1.0,954.0
2025-02-16 15:22:29:021	Fenix:endEffector	debug	0.0,-93.00000000000001,0.3788888888888889
2025-02-16 15:22:29:023	Fenix:stateModels	debug	START, START, START, START, START, START, START, START, START, START
2025-02-16 15:22:29:024	Fenix:buttonPresses	debug	0.0
2025-02-16 15:22:29:060	Fenix:drivetrain	debug	0.0,-0.0,-0.0,-0.0,3.0,0.0,3.0,0.0
2025-02-16 15:22:29:073	Fenix:arm	debug	0.024576109232769833,13.000009536661222,1.0,331.0,-0.06687621213134488,1.0,893.0
2025-02-16 15:22:29:076	Fenix:endEffector	debug	0.0,-93.00000000000001,0.3788888888888889
2025-02-16 15:22:29:078	Fenix:stateModels	debug	START, START, START, START, START, START, START, START, START, START
2025-02-16 15:22:29:080	Fenix:buttonPresses	debug	0.0
2025-02-16 15:22:29:111	Fenix:drivetrain	debug	0.0,-0.0,-0.0,-0.0,3.0,0.0,3.0,0.0
2025-02-16 15:22:29:122	Fenix:arm	debug	0.024576109232769833,13.000009536661222,1.0,346.0,-0.06687621213134488,1.0,801.0
2025-02-16 15:22:29:124	Fenix:endEffector	debug	0.0,-93.00000000000001,0.3788888888888889
2025-02-16 15:22:29:126	Fenix:stateModels	debug	START, START, START, START, START, START, START, START, START, START
2025-02-16 15:22:29:128	Fenix:buttonPresses	debug	0.0
2025-02-16 15:22:29:154	Fenix:drivetrain	debug	0.0,-0.0,-0.0,-0.0,3.0,0.0,3.0,10.0
2025-02-16 15:22:29:166	Fenix:arm	debug	0.024576109232769833,13.000009536661222,1.0,346.0,-0.06687621213134488,1.0,794.0
2025-02-16 15:22:29:168	Fenix:endEffector	debug	0.0,-93.00000000000001,0.3788888888888889
2025-02-16 15:22:29:169	Fenix:stateModels	debug	START, START, START, START, START, START, START, START, START, START
2025-02-16 15:22:29:171	Fenix:buttonPresses	debug	0.0
2025-02-16 15:22:29:198	Fenix:drivetrain	debug	0.0,-0.0,-0.0,-0.0,3.0,0.0,7.0,0.0
2025-02-16 15:22:29:209	Fenix:arm	debug	0.024576109232769833,13.000009536661222,1.0,342.0,-0.06687621213134488,1.0,790.0
2025-02-16 15:22:29:210	Fenix:endEffector	debug	0.0,-93.00000000000001,0.3788888888888889
2025-02-16 15:22:29:213	Fenix:stateModels	debug	START, START, START, START, START, START, START, START, START, START
2025-02-16 15:22:29:214	Fenix:buttonPresses	debug	0.0
2025-02-16 15:22:29:245	Fenix:drivetrain	debug	0.0,-0.0,-0.0,-0.0,3.0,0.0,3.0,0.0
2025-02-16 15:22:29:255	Fenix:arm	debug	0.024576109232769833,13.000009536661222,1.0,368.0,-0.06687621213134488,1.0,794.0
2025-02-16 15:22:29:257	Fenix:endEffector	debug	0.0,-93.00000000000001,0.3788888888888889
2025-02-16 15:22:29:258	Fenix:stateModels	debug	START, START, START, START, START, START, START, START, START, START
2025-02-16 15:22:29:260	Fenix:buttonPresses	debug	0.0
2025-02-16 15:22:29:298	Fenix:drivetrain	debug	0.0,-0.0,-0.0,-0.0,3.0,3.0,3.0,3.0
2025-02-16 15:22:29:310	Fenix:arm	debug	0.024576109232769833,13.000009536661222,1.0,357.0,-0.06687621213134488,1.0,794.0
2025-02-16 15:22:29:315	Fenix:endEffector	debug	0.0,-93.00000000000001,0.3788888888888889
2025-02-16 15:22:29:316	Fenix:stateModels	debug	START, START, START, START, START, START, START, START, START, START
2025-02-16 15:22:29:318	Fenix:buttonPresses	debug	0.0
2025-02-16 15:22:29:345	Fenix:drivetrain	debug	0.0,-0.0,-0.0,-0.0,0.0,0.0,3.0,3.0
2025-02-16 15:22:29:355	Fenix:arm	debug	0.024576109232769833,13.000009536661222,1.0,371.0,-0.06687621213134488,1.0,794.0
2025-02-16 15:22:29:357	Fenix:endEffector	debug	0.0,-93.00000000000001,0.3788888888888889
2025-02-16 15:22:29:359	Fenix:stateModels	debug	START, START, START, START, START, START, START, START, START, START
2025-02-16 15:22:29:361	Fenix:buttonPresses	debug	0.0
2025-02-16 15:22:29:386	Fenix:drivetrain	debug	0.0,-0.0,-0.0,-0.0,3.0,3.0,3.0,0.0
2025-02-16 15:22:29:401	Fenix:arm	debug	0.024576109232769833,13.000009536661222,1.0,360.0,-0.06687621213134488,1.0,794.0
2025-02-16 15:22:29:403	Fenix:endEffector	debug	0.0,-93.00000000000001,0.3788888888888889
2025-02-16 15:22:29:405	Fenix:stateModels	debug	START, START, START, START, START, START, START, START, START, START
2025-02-16 15:22:29:406	Fenix:buttonPresses	debug	0.0
2025-02-16 15:22:29:432	Fenix:drivetrain	debug	0.0,-0.0,-0.0,-0.0,3.0,0.0,3.0,3.0
2025-02-16 15:22:29:443	Fenix:arm	debug	0.024576109232769833,13.000009536661222,1.0,349.0,-0.06687621213134488,1.0,794.0
2025-02-16 15:22:29:445	Fenix:endEffector	debug	0.0,-93.00000000000001,0.3788888888888889
2025-02-16 15:22:29:446	Fenix:stateModels	debug	START, START, START, START, START, START, START, START, START, START
2025-02-16 15:22:29:448	Fenix:buttonPresses	debug	0.0
2025-02-16 15:22:29:474	Fenix:drivetrain	debug	0.0,-0.0,-0.0,-0.0,0.0,3.0,3.0,3.0
2025-02-16 15:22:29:486	Fenix:arm	debug	0.024576109232769833,13.000009536661222,1.0,364.0,-0.06687621213134488,1.0,794.0
2025-02-16 15:22:29:489	Fenix:endEffector	debug	0.0,-93.00000000000001,0.3788888888888889
2025-02-16 15:22:29:491	Fenix:stateModels	debug	START, START, START, START, START, START, START, START, START, START
2025-02-16 15:22:29:493	Fenix:buttonPresses	debug	0.0
2025-02-16 15:22:29:520	Fenix:drivetrain	debug	0.0,-0.0,-0.0,-0.0,0.0,0.0,3.0,0.0
2025-02-16 15:22:29:531	Fenix:arm	debug	0.024576109232769833,13.000009536661222,1.0,371.0,-0.06687621213134488,1.0,798.0
2025-02-16 15:22:29:533	Fenix:endEffector	debug	0.0,-93.00000000000001,0.3788888888888889
2025-02-16 15:22:29:535	Fenix:stateModels	debug	START, START, START, START, START, START, START, START, START, START
2025-02-16 15:22:29:537	Fenix:buttonPresses	debug	0.0
2025-02-16 15:22:29:571	Fenix:drivetrain	debug	0.0,-0.0,-0.0,-0.0,3.0,0.0,3.0,0.0
2025-02-16 15:22:29:584	Fenix:arm	debug	0.024576109232769833,13.000009536661222,1.0,357.0,-0.06687621213134488,1.0,794.0
2025-02-16 15:22:29:588	Fenix:endEffector	debug	0.0,-93.00000000000001,0.3788888888888889
2025-02-16 15:22:29:590	Fenix:stateModels	debug	START, START, START, START, START, START, START, START, START, START
2025-02-16 15:22:29:593	Fenix:buttonPresses	debug	0.0
2025-02-16 15:22:29:627	Fenix:drivetrain	debug	0.0,-0.0,-0.0,-0.0,3.0,3.0,3.0,0.0
2025-02-16 15:22:29:640	Fenix:arm	debug	0.024576109232769833,13.000009536661222,1.0,360.0,-0.06687621213134488,1.0,590.0
2025-02-16 15:22:29:642	Fenix:endEffector	debug	0.0,-93.00000000000001,0.3788888888888889
2025-02-16 15:22:29:644	Fenix:stateModels	debug	START, START, START, START, START, START, START, START, START, START
2025-02-16 15:22:29:646	Fenix:buttonPresses	debug	0.0
2025-02-16 15:22:29:675	Fenix:drivetrain	debug	0.0,-0.0,-0.0,-0.0,3.0,0.0,3.0,3.0
2025-02-16 15:22:29:688	Fenix:arm	debug	0.024576109232769833,13.000009536661222,1.0,353.0,-0.06687621213134488,1.0,462.0
2025-02-16 15:22:29:691	Fenix:endEffector	debug	0.0,-93.00000000000001,0.3788888888888889
2025-02-16 15:22:29:694	Fenix:stateModels	debug	START, START, START, START, START, START, START, START, START, START
2025-02-16 15:22:29:696	Fenix:buttonPresses	debug	0.0
2025-02-16 15:22:29:742	Fenix:drivetrain	debug	-0.8872082586859199,0.8872082586859197,0.8872114142432075,0.8872082586859197,3790.0,2700.0,3320.0,3532.0
2025-02-16 15:22:29:758	Fenix:arm	debug	0.024576109232769833,13.000009536661222,1.0,204.0,-0.06687621213134488,1.0,346.0
2025-02-16 15:22:29:760	Fenix:endEffector	debug	0.0,-93.00000000000001,0.3788888888888889
2025-02-16 15:22:29:762	Fenix:stateModels	debug	START, START, START, START, START, START, START, START, START, START
2025-02-16 15:22:29:764	Fenix:buttonPresses	debug	0.0
2025-02-16 15:22:29:804	Fenix:drivetrain	debug	-1.0,1.0,0.8872114142432075,1.0,4607.0,4104.0,4406.0,4363.0
2025-02-16 15:22:29:820	Fenix:arm	debug	0.08601638231469441,13.000009536661222,1.0,236.0,-0.06687621213134488,1.0,379.0
2025-02-16 15:22:29:826	Fenix:endEffector	debug	0.0,-93.00000000000001,0.3788888888888889
2025-02-16 15:22:29:828	Fenix:stateModels	debug	START, START, START, START, START, START, START, START, START, START
2025-02-16 15:22:29:831	Fenix:buttonPresses	debug	0.0
2025-02-16 15:22:29:869	Fenix:drivetrain	debug	-1.0,1.0,0.6265007715896025,1.0,4053.0,1873.0,1931.0,3386.0
2025-02-16 15:22:29:884	Fenix:arm	debug	0.0737283276983095,13.000009536661222,1.0,280.0,-0.06687621213134488,1.0,397.0
2025-02-16 15:22:29:887	Fenix:endEffector	debug	0.0,-93.00000000000001,0.3788888888888889
2025-02-16 15:22:29:889	Fenix:stateModels	debug	START, START, START, START, START, START, START, START, START, START
2025-02-16 15:22:29:892	Fenix:buttonPresses	debug	0.0
2025-02-16 15:22:29:926	Fenix:drivetrain	debug	-1.0,1.0,0.5248496894317383,1.0,3692.0,448.0,557.0,2854.0
2025-02-16 15:22:29:941	Fenix:arm	debug	0.0737283276983095,13.000009536661222,1.0,324.0,-0.06687621213134488,1.0,400.0
2025-02-16 15:22:29:944	Fenix:endEffector	debug	0.0,-93.00000000000001,0.3788888888888889
2025-02-16 15:22:29:946	Fenix:stateModels	debug	START, START, START, START, START, START, START, START, START, START
2025-02-16 15:22:29:948	Fenix:buttonPresses	debug	0.0
2025-02-16 15:22:29:986	Fenix:drivetrain	debug	0.0,0.0,0.0,0.0,1713.0,91.0,98.0,1202.0
2025-02-16 15:22:29:999	Fenix:arm	debug	0.06144027308192458,13.000009536661222,1.0,400.0,-0.06687621213134488,1.0,404.0
2025-02-16 15:22:30:001	Fenix:endEffector	debug	0.0,-93.00000000000001,0.3788888888888889
2025-02-16 15:22:30:005	Fenix:stateModels	debug	START, START, START, START, START, START, START, START, START, START
2025-02-16 15:22:30:007	Fenix:buttonPresses	debug	0.0
2025-02-16 15:22:30:032	Fenix:drivetrain	debug	0.0,0.0,0.0,0.0,116.0,14.0,14.0,80.0
2025-02-16 15:22:30:044	Fenix:arm	debug	-0.06144027308192458,13.000009536661222,1.0,437.0,-0.06687621213134488,1.0,397.0
2025-02-16 15:22:30:045	Fenix:endEffector	debug	0.0,-93.00000000000001,0.3788888888888889
2025-02-16 15:22:30:047	Fenix:stateModels	debug	START, START, START, START, START, START, START, START, START, START
2025-02-16 15:22:30:049	Fenix:buttonPresses	debug	0.0
2025-02-16 15:22:30:082	Fenix:drivetrain	debug	0.0,0.0,0.0,0.0,10.0,3.0,7.0,7.0
2025-02-16 15:22:30:094	Fenix:arm	debug	-0.024576109232769833,13.000009536661222,1.0,594.0,-0.06687621213134488,1.0,437.0
2025-02-16 15:22:30:098	Fenix:endEffector	debug	0.0,-93.00000000000001,0.3788888888888889
2025-02-16 15:22:30:099	Fenix:stateModels	debug	START, START, START, START, START, START, START, START, START, START
2025-02-16 15:22:30:101	Fenix:buttonPresses	debug	0.0
2025-02-16 15:22:30:132	Fenix:drivetrain	debug	0.0,0.0,0.0,0.0,3.0,3.0,3.0,3.0
2025-02-16 15:22:30:144	Fenix:arm	debug	-0.024576109232769833,13.000009536661222,1.0,131.0,-0.06687621213134488,1.0,470.0
2025-02-16 15:22:30:146	Fenix:endEffector	debug	0.0,-93.00000000000001,0.3788888888888889
2025-02-16 15:22:30:148	Fenix:stateModels	debug	START, START, START, START, START, START, START, START, START, START
2025-02-16 15:22:30:149	Fenix:buttonPresses	debug	0.0
2025-02-16 15:22:30:175	Fenix:drivetrain	debug	0.0,0.0,0.0,0.0,3.0,3.0,3.0,3.0
2025-02-16 15:22:30:186	Fenix:arm	debug	-0.024576109232769833,13.000009536661222,1.0,10.0,-0.06687621213134488,1.0,415.0
2025-02-16 15:22:30:189	Fenix:endEffector	debug	0.0,-93.00000000000001,0.3788888888888889
2025-02-16 15:22:30:190	Fenix:stateModels	debug	START, START, START, START, START, START, START, START, START, START
2025-02-16 15:22:30:192	Fenix:buttonPresses	debug	0.0
2025-02-16 15:22:30:218	Fenix:drivetrain	debug	0.0,0.0,0.0,0.0,3.0,3.0,7.0,3.0
2025-02-16 15:22:30:228	Fenix:arm	debug	-0.024576109232769833,13.000009536661222,1.0,7.0,-0.06687621213134488,1.0,462.0
2025-02-16 15:22:30:230	Fenix:endEffector	debug	0.0,-93.00000000000001,0.3788888888888889
2025-02-16 15:22:30:232	Fenix:stateModels	debug	START, START, START, START, START, START, START, START, START, START
2025-02-16 15:22:30:234	Fenix:buttonPresses	debug	0.0
2025-02-16 15:22:30:263	Fenix:drivetrain	debug	0.0,0.0,0.0,0.0,0.0,0.0,3.0,3.0
2025-02-16 15:22:30:274	Fenix:arm	debug	-0.024576109232769833,13.000009536661222,1.0,7.0,-0.06687621213134488,1.0,499.0
2025-02-16 15:22:30:276	Fenix:endEffector	debug	0.0,-93.00000000000001,0.3788888888888889
2025-02-16 15:22:30:278	Fenix:stateModels	debug	START, START, START, START, START, START, START, START, START, START
2025-02-16 15:22:30:280	Fenix:buttonPresses	debug	0.0
2025-02-16 15:22:30:311	Fenix:drivetrain	debug	0.0,0.0,0.0,0.0,3.0,0.0,3.0,3.0
2025-02-16 15:22:30:324	Fenix:arm	debug	-0.024576109232769833,13.000009536661222,1.0,0.0,-0.06687621213134488,1.0,448.0
2025-02-16 15:22:30:329	Fenix:endEffector	debug	0.0,-93.00000000000001,0.3788888888888889
2025-02-16 15:22:30:331	Fenix:stateModels	debug	START, START, START, START, START, START, START, START, START, START
2025-02-16 15:22:30:334	Fenix:buttonPresses	debug	0.0
2025-02-16 15:22:30:363	Fenix:drivetrain	debug	0.0,0.0,0.0,0.0,3.0,3.0,3.0,0.0
2025-02-16 15:22:30:376	Fenix:arm	debug	-0.024576109232769833,13.000009536661222,1.0,0.0,-0.06687621213134488,1.0,298.0
2025-02-16 15:22:30:378	Fenix:endEffector	debug	0.0,-93.00000000000001,0.3788888888888889
2025-02-16 15:22:30:380	Fenix:stateModels	debug	START, START, START, START, START, START, START, START, START, START
2025-02-16 15:22:30:382	Fenix:buttonPresses	debug	0.0
2025-02-16 15:22:30:411	Fenix:drivetrain	debug	0.0,0.0,0.0,0.0,3.0,0.0,3.0,3.0
2025-02-16 15:22:30:423	Fenix:arm	debug	-0.024576109232769833,13.000009536661222,1.0,0.0,-0.06687621213134488,1.0,309.0
2025-02-16 15:22:30:426	Fenix:endEffector	debug	0.0,-93.00000000000001,0.3788888888888889
2025-02-16 15:22:30:428	Fenix:stateModels	debug	START, START, START, START, START, START, START, START, START, START
2025-02-16 15:22:30:431	Fenix:buttonPresses	debug	0.0
2025-02-16 15:22:30:460	Fenix:drivetrain	debug	0.0,0.0,0.0,0.0,3.0,3.0,3.0,0.0
2025-02-16 15:22:30:476	Fenix:arm	debug	-0.024576109232769833,13.000009536661222,1.0,0.0,-0.06687621213134488,1.0,309.0
2025-02-16 15:22:30:478	Fenix:endEffector	debug	0.0,-93.00000000000001,0.3788888888888889
2025-02-16 15:22:30:480	Fenix:stateModels	debug	START, START, START, START, START, START, START, START, START, START
2025-02-16 15:22:30:483	Fenix:buttonPresses	debug	0.0
2025-02-16 15:22:30:518	Fenix:drivetrain	debug	0.0,-0.0,-0.0,-0.0,3.0,0.0,3.0,0.0
2025-02-16 15:22:30:530	Fenix:arm	debug	-0.024576109232769833,13.000009536661222,1.0,3.0,-0.06687621213134488,1.0,306.0
2025-02-16 15:22:30:533	Fenix:endEffector	debug	0.0,-93.00000000000001,0.3788888888888889
2025-02-16 15:22:30:535	Fenix:stateModels	debug	START, START, START, START, START, START, START, START, START, START
2025-02-16 15:22:30:537	Fenix:buttonPresses	debug	0.0
2025-02-16 15:22:30:566	Fenix:drivetrain	debug	0.0,-0.0,-0.0,-0.0,3.0,0.0,3.0,3.0
2025-02-16 15:22:30:578	Fenix:arm	debug	-0.024576109232769833,13.000009536661222,1.0,3.0,-0.06687621213134488,1.0,313.0
2025-02-16 15:22:30:580	Fenix:endEffector	debug	0.0,-93.00000000000001,0.3788888888888889
2025-02-16 15:22:30:582	Fenix:stateModels	debug	START, START, START, START, START, START, START, START, START, START
2025-02-16 15:22:30:584	Fenix:buttonPresses	debug	0.0
2025-02-16 15:22:30:623	Fenix:drivetrain	debug	0.0,-0.0,-0.0,-0.0,3.0,0.0,3.0,0.0
2025-02-16 15:22:30:638	Fenix:arm	debug	-0.024576109232769833,13.000009536661222,1.0,0.0,-0.06687621213134488,1.0,313.0
2025-02-16 15:22:30:641	Fenix:endEffector	debug	0.0,-93.00000000000001,0.3788888888888889
2025-02-16 15:22:30:644	Fenix:stateModels	debug	START, START, START, START, START, START, START, START, START, START
2025-02-16 15:22:30:646	Fenix:buttonPresses	debug	0.0
2025-02-16 15:22:30:678	Fenix:drivetrain	debug	0.0,-0.0,-0.0,-0.0,3.0,3.0,3.0,3.0
2025-02-16 15:22:30:690	Fenix:arm	debug	-0.024576109232769833,13.000009536661222,1.0,3.0,-0.06687621213134488,1.0,313.0
2025-02-16 15:22:30:693	Fenix:endEffector	debug	0.0,-93.00000000000001,0.3788888888888889
2025-02-16 15:22:30:695	Fenix:stateModels	debug	START, START, START, START, START, START, START, START, START, START
2025-02-16 15:22:30:697	Fenix:buttonPresses	debug	0.0
2025-02-16 15:22:30:728	Fenix:drivetrain	debug	0.0,-0.0,-0.0,-0.0,3.0,0.0,3.0,3.0
2025-02-16 15:22:30:744	Fenix:arm	debug	-0.024576109232769833,13.000009536661222,1.0,0.0,-0.06687621213134488,1.0,309.0
2025-02-16 15:22:30:747	Fenix:endEffector	debug	0.0,-93.00000000000001,0.3788888888888889
2025-02-16 15:22:30:750	Fenix:stateModels	debug	START, START, START, START, START, START, START, START, START, START
2025-02-16 15:22:30:752	Fenix:buttonPresses	debug	0.0
2025-02-16 15:22:30:782	Fenix:drivetrain	debug	0.0,-0.0,-0.0,-0.0,3.0,0.0,3.0,3.0
2025-02-16 15:22:30:795	Fenix:arm	debug	-0.024576109232769833,13.000009536661222,1.0,3.0,-0.06687621213134488,1.0,313.0
2025-02-16 15:22:30:798	Fenix:endEffector	debug	0.0,-93.00000000000001,0.3788888888888889
2025-02-16 15:22:30:801	Fenix:stateModels	debug	START, START, START, START, START, START, START, START, START, START
2025-02-16 15:22:30:804	Fenix:buttonPresses	debug	0.0
2025-02-16 15:22:30:839	Fenix:drivetrain	debug	0.0,-0.0,-0.0,-0.0,3.0,3.0,3.0,3.0
2025-02-16 15:22:30:854	Fenix:arm	debug	-0.024576109232769833,13.000009536661222,1.0,3.0,-0.06687621213134488,1.0,211.0
2025-02-16 15:22:30:859	Fenix:endEffector	debug	0.0,-93.00000000000001,0.3788888888888889
2025-02-16 15:22:30:862	Fenix:stateModels	debug	START, START, START, START, START, START, START, START, START, START
2025-02-16 15:22:30:864	Fenix:buttonPresses	debug	0.0
2025-02-16 15:22:30:925	Fenix:drivetrain	debug	0.0,-0.0,-0.0,-0.0,3.0,3.0,7.0,3.0
2025-02-16 15:22:30:937	Fenix:arm	debug	0.012288054616384917,13.000009536661222,1.0,0.0,-0.06687621213134488,1.0,215.0
2025-02-16 15:22:30:939	Fenix:endEffector	debug	0.0,-93.00000000000001,0.3788888888888889
2025-02-16 15:22:30:942	Fenix:stateModels	debug	START, START, START, START, START, START, START, START, START, START
2025-02-16 15:22:30:944	Fenix:buttonPresses	debug	0.0
2025-02-16 15:22:30:974	Fenix:drivetrain	debug	0.0,-0.0,-0.0,-0.0,3.0,0.0,3.0,0.0
2025-02-16 15:22:30:985	Fenix:arm	debug	0.024576109232769833,13.000009536661222,1.0,3.0,-0.06687621213134488,1.0,218.0
2025-02-16 15:22:30:988	Fenix:endEffector	debug	0.0,-93.00000000000001,0.3788888888888889
2025-02-16 15:22:30:990	Fenix:stateModels	debug	START, START, START, START, START, START, START, START, START, START
2025-02-16 15:22:30:992	Fenix:buttonPresses	debug	0.0
2025-02-16 15:22:31:034	Fenix:drivetrain	debug	0.0,-0.0,-0.0,-0.0,0.0,0.0,3.0,0.0
2025-02-16 15:22:31:047	Fenix:arm	debug	0.024576109232769833,13.000009536661222,1.0,3.0,-0.06687621213134488,1.0,105.0
2025-02-16 15:22:31:049	Fenix:endEffector	debug	0.0,-93.00000000000001,0.3788888888888889
2025-02-16 15:22:31:051	Fenix:stateModels	debug	START, START, START, START, START, START, START, START, START, START
2025-02-16 15:22:31:053	Fenix:buttonPresses	debug	0.0
2025-02-16 15:22:31:082	Fenix:drivetrain	debug	0.0,-0.0,-0.0,-0.0,3.0,3.0,3.0,3.0
2025-02-16 15:22:31:094	Fenix:arm	debug	0.024576109232769833,13.000009536661222,1.0,0.0,-0.06687621213134488,1.0,98.0
2025-02-16 15:22:31:096	Fenix:endEffector	debug	0.0,-93.00000000000001,0.3788888888888889
2025-02-16 15:22:31:098	Fenix:stateModels	debug	START, START, START, START, START, START, START, START, START, START
2025-02-16 15:22:31:100	Fenix:buttonPresses	debug	0.0
2025-02-16 15:22:31:139	Fenix:drivetrain	debug	0.0,-0.0,-0.0,-0.0,3.0,3.0,3.0,3.0
2025-02-16 15:22:31:153	Fenix:arm	debug	0.024576109232769833,13.000009536661222,1.0,0.0,-0.06687621213134488,1.0,98.0
2025-02-16 15:22:31:157	Fenix:endEffector	debug	0.0,-93.00000000000001,0.3788888888888889
2025-02-16 15:22:31:159	Fenix:stateModels	debug	START, START, START, START, START, START, START, START, START, START
2025-02-16 15:22:31:161	Fenix:buttonPresses	debug	0.0
2025-02-16 15:22:31:196	Fenix:drivetrain	debug	0.0,-0.0,-0.0,-0.0,3.0,3.0,3.0,0.0
2025-02-16 15:22:31:208	Fenix:arm	debug	0.024576109232769833,13.000009536661222,1.0,3.0,-0.06687621213134488,1.0,98.0
2025-02-16 15:22:31:210	Fenix:endEffector	debug	0.0,-93.00000000000001,0.3788888888888889
2025-02-16 15:22:31:211	Fenix:stateModels	debug	START, START, START, START, START, START, START, START, START, START
2025-02-16 15:22:31:213	Fenix:buttonPresses	debug	0.0
2025-02-16 15:22:31:246	Fenix:drivetrain	debug	0.0,-0.0,-0.0,-0.0,3.0,3.0,3.0,0.0
2025-02-16 15:22:31:258	Fenix:arm	debug	0.024576109232769833,13.000009536661222,1.0,7.0,-0.06687621213134488,1.0,98.0
2025-02-16 15:22:31:260	Fenix:endEffector	debug	0.0,-93.00000000000001,0.3788888888888889
2025-02-16 15:22:31:262	Fenix:stateModels	debug	START, START, START, START, START, START, START, START, START, START
2025-02-16 15:22:31:264	Fenix:buttonPresses	debug	0.0
2025-02-16 15:22:31:294	Fenix:drivetrain	debug	0.0,-0.0,-0.0,-0.0,0.0,0.0,3.0,0.0
2025-02-16 15:22:31:307	Fenix:arm	debug	0.024576109232769833,13.000009536661222,1.0,3.0,-0.06687621213134488,1.0,98.0
2025-02-16 15:22:31:309	Fenix:endEffector	debug	0.0,-93.00000000000001,0.3788888888888889
2025-02-16 15:22:31:311	Fenix:stateModels	debug	START, START, START, START, START, START, START, START, START, START
2025-02-16 15:22:31:313	Fenix:buttonPresses	debug	0.0
2025-02-16 15:22:31:347	Fenix:drivetrain	debug	0.0,-0.0,-0.0,-0.0,0.0,0.0,7.0,3.0
2025-02-16 15:22:31:362	Fenix:arm	debug	0.024576109232769833,13.000009536661222,1.0,3.0,-0.06687621213134488,1.0,94.0
2025-02-16 15:22:31:367	Fenix:endEffector	debug	0.0,-93.00000000000001,0.3788888888888889
2025-02-16 15:22:31:369	Fenix:stateModels	debug	START, START, START, START, START, START, START, START, START, START
2025-02-16 15:22:31:371	Fenix:buttonPresses	debug	0.0
2025-02-16 15:22:31:400	Fenix:drivetrain	debug	0.0,-0.0,-0.0,-0.0,0.0,3.0,3.0,0.0
2025-02-16 15:22:31:415	Fenix:arm	debug	0.024576109232769833,13.000009536661222,1.0,3.0,-0.06687621213134488,1.0,94.0
2025-02-16 15:22:31:417	Fenix:endEffector	debug	0.0,-93.00000000000001,0.3788888888888889
2025-02-16 15:22:31:420	Fenix:stateModels	debug	START, START, START, START, START, START, START, START, START, START
2025-02-16 15:22:31:422	Fenix:buttonPresses	debug	0.0
2025-02-16 15:22:31:451	Fenix:drivetrain	debug	0.0,-0.0,-0.0,-0.0,3.0,0.0,3.0,10.0
2025-02-16 15:22:31:465	Fenix:arm	debug	0.024576109232769833,13.000009536661222,1.0,3.0,-0.06687621213134488,1.0,94.0
2025-02-16 15:22:31:467	Fenix:endEffector	debug	0.0,-93.00000000000001,0.3788888888888889
2025-02-16 15:22:31:469	Fenix:stateModels	debug	START, START, START, START, START, START, START, START, START, START
2025-02-16 15:22:31:471	Fenix:buttonPresses	debug	0.0
2025-02-16 15:22:31:500	Fenix:drivetrain	debug	0.0,-0.0,-0.0,-0.0,3.0,0.0,3.0,0.0
2025-02-16 15:22:31:514	Fenix:arm	debug	0.024576109232769833,13.000009536661222,1.0,10.0,-0.06687621213134488,1.0,25.0
2025-02-16 15:22:31:517	Fenix:endEffector	debug	0.0,-93.00000000000001,0.3788888888888889
2025-02-16 15:22:31:519	Fenix:stateModels	debug	START, START, START, START, START, START, START, START, START, START
2025-02-16 15:22:31:521	Fenix:buttonPresses	debug	0.0
2025-02-16 15:22:31:554	Fenix:drivetrain	debug	0.0,-0.0,-0.0,-0.0,0.0,3.0,3.0,0.0
2025-02-16 15:22:31:566	Fenix:arm	debug	0.024576109232769833,13.000009536661222,1.0,3.0,-0.06687621213134488,1.0,21.0
2025-02-16 15:22:31:568	Fenix:endEffector	debug	0.0,-93.00000000000001,0.3788888888888889
2025-02-16 15:22:31:570	Fenix:stateModels	debug	START, START, START, START, START, START, START, START, START, START
2025-02-16 15:22:31:572	Fenix:buttonPresses	debug	0.0
2025-02-16 15:22:31:598	Fenix:drivetrain	debug	0.0,-0.0,-0.0,-0.0,3.0,0.0,10.0,3.0
2025-02-16 15:22:31:609	Fenix:arm	debug	0.024576109232769833,13.000009536661222,1.0,3.0,-0.06687621213134488,1.0,21.0
2025-02-16 15:22:31:611	Fenix:endEffector	debug	0.0,-93.00000000000001,0.3788888888888889
2025-02-16 15:22:31:613	Fenix:stateModels	debug	START, START, START, START, START, START, START, START, START, START
2025-02-16 15:22:31:614	Fenix:buttonPresses	debug	0.0
2025-02-16 15:22:31:663	Fenix:drivetrain	debug	0.9835422945840603,0.9835422945840603,0.9835446267100945,0.9835422945840603,4807.0,4151.0,4275.0,4374.0
2025-02-16 15:22:31:678	Fenix:arm	debug	0.024576109232769833,13.000009536661222,1.0,0.0,-0.06687621213134488,1.0,10.0
2025-02-16 15:22:31:682	Fenix:endEffector	debug	0.0,-93.00000000000001,0.3788888888888889
2025-02-16 15:22:31:684	Fenix:stateModels	debug	START, START, START, START, START, START, START, START, START, START
2025-02-16 15:22:31:686	Fenix:buttonPresses	debug	0.0
2025-02-16 15:22:31:722	Fenix:drivetrain	debug	0.9835422945840603,0.9835422945840603,1.0,0.9835422945840603,4665.0,5934.0,3776.0,5923.0
2025-02-16 15:22:31:733	Fenix:arm	debug	0.024576109232769833,13.000009536661222,1.0,10.0,-0.06687621213134488,1.0,72.0
2025-02-16 15:22:31:735	Fenix:endEffector	debug	0.0,-93.00000000000001,0.3788888888888889
2025-02-16 15:22:31:737	Fenix:stateModels	debug	START, START, START, START, START, START, START, START, START, START
2025-02-16 15:22:31:738	Fenix:buttonPresses	debug	0.0
2025-02-16 15:22:31:774	Fenix:drivetrain	debug	0.9835422945840603,0.9835422945840603,1.0,0.9835422945840603,3878.0,5452.0,3134.0,5321.0
2025-02-16 15:22:31:786	Fenix:arm	debug	0.024576109232769833,13.000009536661222,1.0,7.0,-0.06687621213134488,1.0,76.0
2025-02-16 15:22:31:788	Fenix:endEffector	debug	0.0,-93.00000000000001,0.3788888888888889
2025-02-16 15:22:31:789	Fenix:stateModels	debug	START, START, START, START, START, START, START, START, START, START
2025-02-16 15:22:31:791	Fenix:buttonPresses	debug	0.0
2025-02-16 15:22:31:817	Fenix:drivetrain	debug	0.9835422945840603,0.9835422945840603,1.0,0.9835422945840603,3951.0,5084.0,3732.0,4578.0
2025-02-16 15:22:31:828	Fenix:arm	debug	0.024576109232769833,13.000009536661222,1.0,0.0,-0.06687621213134488,1.0,76.0
2025-02-16 15:22:31:830	Fenix:endEffector	debug	0.0,-93.00000000000001,0.3788888888888889
2025-02-16 15:22:31:831	Fenix:stateModels	debug	START, START, START, START, START, START, START, START, START, START
2025-02-16 15:22:31:833	Fenix:buttonPresses	debug	0.0
2025-02-16 15:22:31:871	Fenix:drivetrain	debug	0.9979303538485288,0.9979303538485288,1.0,0.9979303538485288,3706.0,4399.0,3907.0,3663.0
2025-02-16 15:22:31:886	Fenix:arm	debug	0.024576109232769833,13.000009536661222,1.0,0.0,-0.06687621213134488,1.0,76.0
2025-02-16 15:22:31:891	Fenix:endEffector	debug	0.0,-93.00000000000001,0.3788888888888889
2025-02-16 15:22:31:894	Fenix:stateModels	debug	START, START, START, START, START, START, START, START, START, START
2025-02-16 15:22:31:896	Fenix:buttonPresses	debug	0.0
2025-02-16 15:22:31:936	Fenix:drivetrain	debug	0.9979303538485288,0.9979303538485288,0.9876201827307836,0.9979303538485288,3207.0,3681.0,3127.0,3196.0
2025-02-16 15:22:31:952	Fenix:arm	debug	0.024576109232769833,13.000009536661222,1.0,3.0,-0.06687621213134488,1.0,91.0
2025-02-16 15:22:31:955	Fenix:endEffector	debug	0.0,-93.00000000000001,0.3788888888888889
2025-02-16 15:22:31:959	Fenix:stateModels	debug	START, START, START, START, START, START, START, START, START, START
2025-02-16 15:22:31:961	Fenix:buttonPresses	debug	0.0
2025-02-16 15:22:32:009	Fenix:drivetrain	debug	0.8080461689970335,0.8080461689970335,0.7949215682531838,0.8080461689970335,2256.0,2795.0,2212.0,2099.0
2025-02-16 15:22:32:028	Fenix:arm	debug	0.024576109232769833,13.000009536661222,1.0,3.0,-0.06687621213134488,1.0,102.0
2025-02-16 15:22:32:031	Fenix:endEffector	debug	0.0,-93.00000000000001,0.3788888888888889
2025-02-16 15:22:32:033	Fenix:stateModels	debug	START, START, START, START, START, START, START, START, START, START
2025-02-16 15:22:32:036	Fenix:buttonPresses	debug	0.0
2025-02-16 15:22:32:079	Fenix:drivetrain	debug	0.0,0.0,-0.0,0.0,798.0,750.0,659.0,718.0
2025-02-16 15:22:32:094	Fenix:arm	debug	0.024576109232769833,13.000009536661222,1.0,3.0,-0.06687621213134488,1.0,127.0
2025-02-16 15:22:32:098	Fenix:endEffector	debug	0.0,-93.00000000000001,0.3788888888888889
2025-02-16 15:22:32:101	Fenix:stateModels	debug	START, START, START, START, START, START, START, START, START, START
2025-02-16 15:22:32:104	Fenix:buttonPresses	debug	0.0
2025-02-16 15:22:32:136	Fenix:drivetrain	debug	0.0,0.0,-0.0,0.0,32.0,36.0,32.0,32.0
2025-02-16 15:22:32:149	Fenix:arm	debug	0.024576109232769833,13.000009536661222,1.0,10.0,-0.06687621213134488,1.0,145.0
2025-02-16 15:22:32:151	Fenix:endEffector	debug	0.0,-93.00000000000001,0.3788888888888889
2025-02-16 15:22:32:153	Fenix:stateModels	debug	START, START, START, START, START, START, START, START, START, START
2025-02-16 15:22:32:155	Fenix:buttonPresses	debug	0.0
2025-02-16 15:22:32:199	Fenix:drivetrain	debug	0.0,0.0,-0.0,0.0,3.0,7.0,10.0,3.0
2025-02-16 15:22:32:216	Fenix:arm	debug	0.03686416384915475,13.000009536661222,1.0,3.0,-0.06687621213134488,1.0,156.0
2025-02-16 15:22:32:221	Fenix:endEffector	debug	0.0,-93.00000000000001,0.3788888888888889
2025-02-16 15:22:32:224	Fenix:stateModels	debug	START, START, START, START, START, START, START, START, START, START
2025-02-16 15:22:32:227	Fenix:buttonPresses	debug	0.0
2025-02-16 15:22:32:285	Fenix:drivetrain	debug	-0.8707837346445298,-0.8707837346445298,-0.8391969695813715,-0.8707837346445298,6480.0,3805.0,5212.0,3710.0
2025-02-16 15:22:32:297	Fenix:arm	debug	0.04915221846553967,13.000009536661222,1.0,127.0,-0.06687621213134488,1.0,91.0
2025-02-16 15:22:32:299	Fenix:endEffector	debug	0.0,-93.00000000000001,0.3788888888888889
2025-02-16 15:22:32:300	Fenix:stateModels	debug	START, START, START, START, START, START, START, START, START, START
2025-02-16 15:22:32:302	Fenix:buttonPresses	debug	0.0
2025-02-16 15:22:32:338	Fenix:drivetrain	debug	-1.0,-1.0,-0.9717925915387581,-1.0,8201.0,1680.0,7027.0,1775.0
2025-02-16 15:22:32:348	Fenix:arm	debug	0.04915221846553967,13.000009536661222,1.0,138.0,-0.06687621213134488,1.0,134.0
2025-02-16 15:22:32:350	Fenix:endEffector	debug	0.0,-93.00000000000001,0.3788888888888889
2025-02-16 15:22:32:351	Fenix:stateModels	debug	START, START, START, START, START, START, START, START, START, START
2025-02-16 15:22:32:354	Fenix:buttonPresses	debug	0.0
2025-02-16 15:22:32:391	Fenix:drivetrain	debug	-1.0,-1.0,-0.9989667140058088,-1.0,7293.0,845.0,7377.0,929.0
2025-02-16 15:22:32:407	Fenix:arm	debug	0.04915221846553967,13.000009536661222,1.0,218.0,-0.06687621213134488,1.0,153.0
2025-02-16 15:22:32:412	Fenix:endEffector	debug	0.0,-93.00000000000001,0.3788888888888889
2025-02-16 15:22:32:415	Fenix:stateModels	debug	START, START, START, START, START, START, START, START, START, START
2025-02-16 15:22:32:417	Fenix:buttonPresses	debug	0.0
2025-02-16 15:22:32:448	Fenix:drivetrain	debug	-0.9873046559143104,-0.9873046559143104,-0.9989667140058088,-0.9873046559143104,5576.0,3962.0,5835.0,3196.0
2025-02-16 15:22:32:460	Fenix:arm	debug	0.04915221846553967,13.000009536661222,1.0,200.0,-0.06687621213134488,1.0,127.0
2025-02-16 15:22:32:462	Fenix:endEffector	debug	0.0,-93.00000000000001,0.3788888888888889
2025-02-16 15:22:32:464	Fenix:stateModels	debug	START, START, START, START, START, START, START, START, START, START
2025-02-16 15:22:32:466	Fenix:buttonPresses	debug	0.0
2025-02-16 15:22:32:494	Fenix:drivetrain	debug	-0.9873046559143104,-0.9873046559143104,-0.9989667140058088,-0.9873046559143104,4672.0,3750.0,5008.0,3094.0
2025-02-16 15:22:32:507	Fenix:arm	debug	0.04915221846553967,13.000009536661222,1.0,211.0,-0.06687621213134488,1.0,145.0
2025-02-16 15:22:32:509	Fenix:endEffector	debug	0.0,-93.00000000000001,0.3788888888888889
2025-02-16 15:22:32:511	Fenix:stateModels	debug	START, START, START, START, START, START, START, START, START, START
2025-02-16 15:22:32:513	Fenix:buttonPresses	debug	0.0
2025-02-16 15:22:32:550	Fenix:drivetrain	debug	-0.9873046559143104,-0.9873046559143104,-0.9989667140058088,-0.9873046559143104,4508.0,3058.0,4570.0,2569.0
2025-02-16 15:22:32:564	Fenix:arm	debug	0.04915221846553967,13.000009536661222,1.0,236.0,-0.06687621213134488,1.0,236.0
2025-02-16 15:22:32:566	Fenix:endEffector	debug	0.0,-93.00000000000001,0.3788888888888889
2025-02-16 15:22:32:567	Fenix:stateModels	debug	START, START, START, START, START, START, START, START, START, START
2025-02-16 15:22:32:569	Fenix:buttonPresses	debug	0.0
2025-02-16 15:22:32:602	Fenix:drivetrain	debug	0.0,0.0,-0.0,0.0,1786.0,1990.0,2351.0,1078.0
2025-02-16 15:22:32:612	Fenix:arm	debug	0.03686416384915475,13.00000238416429,1.0,280.0,-0.03343810606567244,1.0,298.0
2025-02-16 15:22:32:613	Fenix:endEffector	debug	0.0,-93.00000000000001,0.3788888888888889
2025-02-16 15:22:32:615	Fenix:stateModels	debug	START, START, START, START, START, START, START, START, START, START
2025-02-16 15:22:32:616	Fenix:buttonPresses	debug	0.0
2025-02-16 15:22:32:640	Fenix:drivetrain	debug	0.0,0.0,-0.0,0.0,233.0,229.0,313.0,116.0
2025-02-16 15:22:32:650	Fenix:arm	debug	0.024576109232769833,13.0,1.0,280.0,0.0,1.0,153.0
2025-02-16 15:22:32:652	Fenix:endEffector	debug	0.0,-93.00000000000001,0.3788888888888889
2025-02-16 15:22:32:653	Fenix:stateModels	debug	START, START, START, START, START, START, START, START, START, START
2025-02-16 15:22:32:654	Fenix:buttonPresses	debug	0.0
2025-02-16 15:22:32:681	Fenix:drivetrain	debug	0.0,0.0,-0.0,0.0,36.0,32.0,47.0,18.0
2025-02-16 15:22:32:691	Fenix:arm	debug	0.0,13.0,1.0,54.0,0.0,1.0,145.0
2025-02-16 15:22:32:693	Fenix:endEffector	debug	0.0,-93.00000000000001,0.3788888888888889
2025-02-16 15:22:32:695	Fenix:stateModels	debug	START, START, START, START, START, START, START, START, START, START
2025-02-16 15:22:32:697	Fenix:buttonPresses	debug	0.0
2025-02-16 15:22:32:732	Fenix:drivetrain	debug	0.0,0.0,-0.0,0.0,7.0,7.0,10.0,3.0
2025-02-16 15:22:32:744	Fenix:arm	debug	0.0,13.00000238416429,1.0,7.0,0.03343810606567244,1.0,215.0
2025-02-16 15:22:32:748	Fenix:endEffector	debug	0.0,-93.00000000000001,0.3788888888888889
2025-02-16 15:22:32:750	Fenix:stateModels	debug	START, START, START, START, START, START, START, START, START, START
2025-02-16 15:22:32:752	Fenix:buttonPresses	debug	0.0
2025-02-16 15:22:32:789	Fenix:drivetrain	debug	0.0,0.0,-0.0,0.0,3.0,3.0,3.0,3.0
2025-02-16 15:22:32:800	Fenix:arm	debug	0.0,13.00000238416429,1.0,3.0,0.03343810606567244,1.0,178.0
2025-02-16 15:22:32:802	Fenix:endEffector	debug	0.0,-93.00000000000001,0.3788888888888889
2025-02-16 15:22:32:803	Fenix:stateModels	debug	START, START, START, START, START, START, START, START, START, START
2025-02-16 15:22:32:806	Fenix:buttonPresses	debug	0.0
2025-02-16 15:22:32:834	Fenix:drivetrain	debug	0.0,0.0,-0.0,0.0,3.0,3.0,7.0,3.0
2025-02-16 15:22:32:846	Fenix:arm	debug	0.0,13.00000238416429,1.0,3.0,0.03343810606567244,1.0,156.0
2025-02-16 15:22:32:849	Fenix:endEffector	debug	0.0,-93.00000000000001,0.3788888888888889
2025-02-16 15:22:32:851	Fenix:stateModels	debug	START, START, START, START, START, START, START, START, START, START
2025-02-16 15:22:32:853	Fenix:buttonPresses	debug	0.0
2025-02-16 15:22:32:885	Fenix:drivetrain	debug	0.0,0.0,-0.0,0.0,3.0,3.0,3.0,0.0
2025-02-16 15:22:32:896	Fenix:arm	debug	0.0,13.00000238416429,1.0,3.0,0.03343810606567244,1.0,160.0
2025-02-16 15:22:32:898	Fenix:endEffector	debug	0.0,-93.00000000000001,0.3788888888888889
2025-02-16 15:22:32:900	Fenix:stateModels	debug	START, START, START, START, START, START, START, START, START, START
2025-02-16 15:22:32:901	Fenix:buttonPresses	debug	0.0
2025-02-16 15:22:32:956	Fenix:drivetrain	debug	0.0,0.0,-0.0,0.0,3.0,3.0,7.0,3.0
2025-02-16 15:22:32:969	Fenix:arm	debug	0.012288054616384917,13.00000238416429,1.0,10.0,0.03343810606567244,1.0,160.0
2025-02-16 15:22:32:974	Fenix:endEffector	debug	0.0,-93.00000000000001,0.3788888888888889
2025-02-16 15:22:32:976	Fenix:stateModels	debug	START, START, START, START, START, START, START, START, START, START
2025-02-16 15:22:32:978	Fenix:buttonPresses	debug	0.0
2025-02-16 15:22:33:005	Fenix:drivetrain	debug	0.0,0.0,-0.0,0.0,3.0,0.0,7.0,0.0
2025-02-16 15:22:33:019	Fenix:arm	debug	0.03686416384915475,13.00000238416429,1.0,0.0,0.03343810606567244,1.0,160.0
2025-02-16 15:22:33:021	Fenix:endEffector	debug	0.0,-93.00000000000001,0.3788888888888889
2025-02-16 15:22:33:023	Fenix:stateModels	debug	START, START, START, START, START, START, START, START, START, START
2025-02-16 15:22:33:026	Fenix:buttonPresses	debug	0.0
2025-02-16 15:22:33:057	Fenix:drivetrain	debug	0.0,0.0,-0.0,0.0,3.0,0.0,3.0,0.0
2025-02-16 15:22:33:068	Fenix:arm	debug	0.03686416384915475,13.00000238416429,1.0,138.0,0.03343810606567244,1.0,160.0
2025-02-16 15:22:33:071	Fenix:endEffector	debug	0.0,-93.00000000000001,0.3788888888888889
2025-02-16 15:22:33:073	Fenix:stateModels	debug	START, START, START, START, START, START, START, START, START, START
2025-02-16 15:22:33:075	Fenix:buttonPresses	debug	0.0
2025-02-16 15:22:33:109	Fenix:drivetrain	debug	0.0,-0.0,-0.0,-0.0,3.0,0.0,3.0,3.0
2025-02-16 15:22:33:121	Fenix:arm	debug	0.03686416384915475,13.00000238416429,1.0,331.0,0.03343810606567244,1.0,156.0
2025-02-16 15:22:33:123	Fenix:endEffector	debug	0.0,-93.00000000000001,0.3788888888888889
2025-02-16 15:22:33:125	Fenix:stateModels	debug	START, START, START, START, START, START, START, START, START, START
2025-02-16 15:22:33:128	Fenix:buttonPresses	debug	0.0
2025-02-16 15:22:33:155	Fenix:drivetrain	debug	0.0,-0.0,-0.0,-0.0,7.0,0.0,3.0,0.0
2025-02-16 15:22:33:167	Fenix:arm	debug	0.03686416384915475,13.00000238416429,1.0,3.0,0.03343810606567244,1.0,160.0
2025-02-16 15:22:33:169	Fenix:endEffector	debug	0.0,-93.00000000000001,0.3788888888888889
2025-02-16 15:22:33:171	Fenix:stateModels	debug	START, START, START, START, START, START, START, START, START, START
2025-02-16 15:22:33:173	Fenix:buttonPresses	debug	0.0
2025-02-16 15:22:33:200	Fenix:drivetrain	debug	0.0,-0.0,-0.0,-0.0,0.0,3.0,3.0,0.0
2025-02-16 15:22:33:212	Fenix:arm	debug	0.03686416384915475,13.00000238416429,1.0,10.0,0.03343810606567244,1.0,164.0
2025-02-16 15:22:33:214	Fenix:endEffector	debug	0.0,-93.00000000000001,0.3788888888888889
2025-02-16 15:22:33:216	Fenix:stateModels	debug	START, START, START, START, START, START, START, START, START, START
2025-02-16 15:22:33:218	Fenix:buttonPresses	debug	0.0
2025-02-16 15:22:33:254	Fenix:drivetrain	debug	0.0,-0.0,-0.0,-0.0,0.0,0.0,3.0,7.0
2025-02-16 15:22:33:270	Fenix:arm	debug	0.03686416384915475,13.00000238416429,1.0,0.0,0.03343810606567244,1.0,160.0
2025-02-16 15:22:33:274	Fenix:endEffector	debug	0.0,-93.00000000000001,0.3788888888888889
2025-02-16 15:22:33:276	Fenix:stateModels	debug	START, START, START, START, START, START, START, START, START, START
2025-02-16 15:22:33:277	Fenix:buttonPresses	debug	0.0
2025-02-16 15:22:33:312	Fenix:drivetrain	debug	0.0,-0.0,-0.0,-0.0,0.0,3.0,3.0,0.0
2025-02-16 15:22:33:324	Fenix:arm	debug	0.03686416384915475,13.00000238416429,1.0,7.0,0.03343810606567244,1.0,160.0
2025-02-16 15:22:33:326	Fenix:endEffector	debug	0.0,-93.00000000000001,0.3788888888888889
2025-02-16 15:22:33:328	Fenix:stateModels	debug	START, START, START, START, START, START, START, START, START, START
2025-02-16 15:22:33:330	Fenix:buttonPresses	debug	0.0
2025-02-16 15:22:33:359	Fenix:drivetrain	debug	0.0,-0.0,-0.0,-0.0,3.0,0.0,3.0,3.0
2025-02-16 15:22:33:371	Fenix:arm	debug	0.03686416384915475,13.00000238416429,1.0,3.0,0.03343810606567244,1.0,160.0
2025-02-16 15:22:33:373	Fenix:endEffector	debug	0.0,-93.00000000000001,0.3788888888888889
2025-02-16 15:22:33:375	Fenix:stateModels	debug	START, START, START, START, START, START, START, START, START, START
2025-02-16 15:22:33:377	Fenix:buttonPresses	debug	0.0
2025-02-16 15:22:33:412	Fenix:drivetrain	debug	0.0,-0.0,-0.0,-0.0,3.0,3.0,3.0,3.0
2025-02-16 15:22:33:423	Fenix:arm	debug	0.03686416384915475,13.00000238416429,1.0,3.0,0.03343810606567244,1.0,160.0
2025-02-16 15:22:33:425	Fenix:endEffector	debug	0.0,-93.00000000000001,0.3788888888888889
2025-02-16 15:22:33:427	Fenix:stateModels	debug	START, START, START, START, START, START, START, START, START, START
2025-02-16 15:22:33:429	Fenix:buttonPresses	debug	0.0
2025-02-16 15:22:33:457	Fenix:drivetrain	debug	0.0,-0.0,-0.0,-0.0,3.0,0.0,3.0,3.0
2025-02-16 15:22:33:474	Fenix:arm	debug	0.03686416384915475,13.00000238416429,1.0,10.0,0.03343810606567244,1.0,160.0
2025-02-16 15:22:33:479	Fenix:endEffector	debug	0.0,-93.00000000000001,0.3788888888888889
2025-02-16 15:22:33:482	Fenix:stateModels	debug	START, START, START, START, START, START, START, START, START, START
2025-02-16 15:22:33:484	Fenix:buttonPresses	debug	0.0
2025-02-16 15:22:33:512	Fenix:drivetrain	debug	0.0,-0.0,-0.0,-0.0,3.0,0.0,3.0,3.0
2025-02-16 15:22:33:528	Fenix:arm	debug	0.03686416384915475,13.00000238416429,1.0,10.0,0.03343810606567244,1.0,164.0
2025-02-16 15:22:33:530	Fenix:endEffector	debug	0.0,-93.00000000000001,0.3788888888888889
2025-02-16 15:22:33:533	Fenix:stateModels	debug	START, START, START, START, START, START, START, START, START, START
2025-02-16 15:22:33:535	Fenix:buttonPresses	debug	0.0
2025-02-16 15:22:33:568	Fenix:drivetrain	debug	0.0,-0.0,-0.0,-0.0,0.0,0.0,3.0,0.0
2025-02-16 15:22:33:581	Fenix:arm	debug	0.03686416384915475,13.00000238416429,1.0,0.0,0.03343810606567244,1.0,160.0
2025-02-16 15:22:33:585	Fenix:endEffector	debug	0.0,-93.00000000000001,0.3788888888888889
2025-02-16 15:22:33:587	Fenix:stateModels	debug	START, START, START, START, START, START, START, START, START, START
2025-02-16 15:22:33:589	Fenix:buttonPresses	debug	0.0
2025-02-16 15:22:33:624	Fenix:drivetrain	debug	0.0,-0.0,-0.0,-0.0,3.0,3.0,3.0,0.0
2025-02-16 15:22:33:636	Fenix:arm	debug	0.03686416384915475,13.00000238416429,1.0,10.0,0.03343810606567244,1.0,164.0
2025-02-16 15:22:33:639	Fenix:endEffector	debug	0.0,-93.00000000000001,0.3788888888888889
2025-02-16 15:22:33:641	Fenix:stateModels	debug	START, START, START, START, START, START, START, START, START, START
2025-02-16 15:22:33:643	Fenix:buttonPresses	debug	0.0
2025-02-16 15:22:33:672	Fenix:drivetrain	debug	0.0,-0.0,-0.0,-0.0,0.0,0.0,3.0,0.0
2025-02-16 15:22:33:684	Fenix:arm	debug	0.03686416384915475,13.00000238416429,1.0,3.0,0.03343810606567244,1.0,160.0
2025-02-16 15:22:33:686	Fenix:endEffector	debug	0.0,-93.00000000000001,0.3788888888888889
2025-02-16 15:22:33:689	Fenix:stateModels	debug	START, START, START, START, START, START, START, START, START, START
2025-02-16 15:22:33:691	Fenix:buttonPresses	debug	0.0
2025-02-16 15:22:33:720	Fenix:drivetrain	debug	0.0,-0.0,-0.0,-0.0,3.0,0.0,3.0,0.0
2025-02-16 15:22:33:732	Fenix:arm	debug	0.03686416384915475,13.00000238416429,1.0,3.0,0.03343810606567244,1.0,164.0
2025-02-16 15:22:33:736	Fenix:endEffector	debug	0.0,-93.00000000000001,0.3788888888888889
2025-02-16 15:22:33:739	Fenix:stateModels	debug	START, START, START, START, START, START, START, START, START, START
2025-02-16 15:22:33:742	Fenix:buttonPresses	debug	0.0
2025-02-16 15:22:33:782	Fenix:drivetrain	debug	0.0,-0.0,-0.0,-0.0,0.0,3.0,3.0,3.0
2025-02-16 15:22:33:797	Fenix:arm	debug	0.03686416384915475,13.00000238416429,1.0,0.0,0.03343810606567244,1.0,87.0
2025-02-16 15:22:33:801	Fenix:endEffector	debug	0.0,-93.00000000000001,0.3788888888888889
2025-02-16 15:22:33:804	Fenix:stateModels	debug	START, START, START, START, START, START, START, START, START, START
2025-02-16 15:22:33:807	Fenix:buttonPresses	debug	0.0
2025-02-16 15:22:33:843	Fenix:drivetrain	debug	0.0,-0.0,-0.0,-0.0,3.0,3.0,3.0,3.0
2025-02-16 15:22:33:856	Fenix:arm	debug	0.03686416384915475,13.00000238416429,1.0,3.0,0.03343810606567244,1.0,91.0
2025-02-16 15:22:33:860	Fenix:endEffector	debug	0.0,-93.00000000000001,0.3788888888888889
2025-02-16 15:22:33:863	Fenix:stateModels	debug	START, START, START, START, START, START, START, START, START, START
2025-02-16 15:22:33:866	Fenix:buttonPresses	debug	0.0
2025-02-16 15:22:33:894	Fenix:drivetrain	debug	0.0,-0.0,-0.0,-0.0,3.0,0.0,3.0,3.0
2025-02-16 15:22:33:905	Fenix:arm	debug	0.03686416384915475,13.00000238416429,1.0,3.0,0.03343810606567244,1.0,83.0
2025-02-16 15:22:33:907	Fenix:endEffector	debug	0.0,-93.00000000000001,0.3788888888888889
2025-02-16 15:22:33:909	Fenix:stateModels	debug	START, START, START, START, START, START, START, START, START, START
2025-02-16 15:22:33:911	Fenix:buttonPresses	debug	0.0
2025-02-16 15:22:33:944	Fenix:drivetrain	debug	0.0,-0.0,-0.0,-0.0,3.0,0.0,3.0,3.0
2025-02-16 15:22:33:954	Fenix:arm	debug	0.03686416384915475,13.00000238416429,1.0,3.0,0.03343810606567244,1.0,83.0
2025-02-16 15:22:33:956	Fenix:endEffector	debug	0.0,-93.00000000000001,0.3788888888888889
2025-02-16 15:22:33:957	Fenix:stateModels	debug	START, START, START, START, START, START, START, START, START, START
2025-02-16 15:22:33:959	Fenix:buttonPresses	debug	0.0
2025-02-16 15:22:33:985	Fenix:drivetrain	debug	0.0,-0.0,-0.0,-0.0,3.0,0.0,3.0,0.0
2025-02-16 15:22:34:000	Fenix:arm	debug	0.03686416384915475,13.00000238416429,1.0,0.0,0.03343810606567244,1.0,87.0
2025-02-16 15:22:34:005	Fenix:endEffector	debug	0.0,-93.00000000000001,0.3788888888888889
2025-02-16 15:22:34:007	Fenix:stateModels	debug	START, START, START, START, START, START, START, START, START, START
2025-02-16 15:22:34:008	Fenix:buttonPresses	debug	0.0
2025-02-16 15:22:34:041	Fenix:drivetrain	debug	0.0,-0.0,-0.0,-0.0,0.0,3.0,3.0,3.0
2025-02-16 15:22:34:052	Fenix:arm	debug	0.03686416384915475,13.00000238416429,1.0,3.0,0.03343810606567244,1.0,80.0
2025-02-16 15:22:34:054	Fenix:endEffector	debug	0.0,-93.00000000000001,0.3788888888888889
2025-02-16 15:22:34:056	Fenix:stateModels	debug	START, START, START, START, START, START, START, START, START, START
2025-02-16 15:22:34:057	Fenix:buttonPresses	debug	0.0
2025-02-16 15:22:34:084	Fenix:drivetrain	debug	0.0,-0.0,-0.0,-0.0,0.0,0.0,3.0,0.0
2025-02-16 15:22:34:095	Fenix:arm	debug	0.03686416384915475,13.00000238416429,1.0,0.0,0.03343810606567244,1.0,83.0
2025-02-16 15:22:34:097	Fenix:endEffector	debug	0.0,-93.00000000000001,0.3788888888888889
2025-02-16 15:22:34:099	Fenix:stateModels	debug	START, START, START, START, START, START, START, START, START, START
2025-02-16 15:22:34:100	Fenix:buttonPresses	debug	0.0
2025-02-16 15:22:34:132	Fenix:drivetrain	debug	0.0,-0.0,-0.0,-0.0,0.0,3.0,3.0,0.0
2025-02-16 15:22:34:142	Fenix:arm	debug	0.03686416384915475,13.00000238416429,1.0,3.0,0.03343810606567244,1.0,87.0
2025-02-16 15:22:34:143	Fenix:endEffector	debug	0.0,-93.00000000000001,0.3788888888888889
2025-02-16 15:22:34:145	Fenix:stateModels	debug	START, START, START, START, START, START, START, START, START, START
2025-02-16 15:22:34:147	Fenix:buttonPresses	debug	0.0
2025-02-16 15:22:34:172	Fenix:drivetrain	debug	0.0,-0.0,-0.0,-0.0,0.0,0.0,3.0,0.0
2025-02-16 15:22:34:185	Fenix:arm	debug	0.03686416384915475,13.00000238416429,1.0,7.0,0.03343810606567244,1.0,80.0
2025-02-16 15:22:34:187	Fenix:endEffector	debug	0.0,-93.00000000000001,0.3788888888888889
2025-02-16 15:22:34:190	Fenix:stateModels	debug	START, START, START, START, START, START, START, START, START, START
2025-02-16 15:22:34:193	Fenix:buttonPresses	debug	0.0
2025-02-16 15:22:34:221	Fenix:drivetrain	debug	0.0,-0.0,-0.0,-0.0,3.0,3.0,3.0,0.0
2025-02-16 15:22:34:231	Fenix:arm	debug	0.03686416384915475,13.00000238416429,1.0,3.0,0.03343810606567244,1.0,80.0
2025-02-16 15:22:34:233	Fenix:endEffector	debug	0.0,-93.00000000000001,0.3788888888888889
2025-02-16 15:22:34:236	Fenix:stateModels	debug	START, START, START, START, START, START, START, START, START, START
2025-02-16 15:22:34:237	Fenix:buttonPresses	debug	0.0
2025-02-16 15:22:34:265	Fenix:drivetrain	debug	0.0,-0.0,-0.0,-0.0,3.0,0.0,3.0,0.0
2025-02-16 15:22:34:276	Fenix:arm	debug	0.03686416384915475,13.00000238416429,1.0,3.0,0.03343810606567244,1.0,80.0
2025-02-16 15:22:34:279	Fenix:endEffector	debug	0.0,-93.00000000000001,0.3788888888888889
2025-02-16 15:22:34:280	Fenix:stateModels	debug	START, START, START, START, START, START, START, START, START, START
2025-02-16 15:22:34:282	Fenix:buttonPresses	debug	0.0
2025-02-16 15:22:34:320	Fenix:drivetrain	debug	0.0,-0.0,-0.0,-0.0,3.0,0.0,3.0,0.0
2025-02-16 15:22:34:334	Fenix:arm	debug	0.03686416384915475,13.00000238416429,1.0,7.0,0.03343810606567244,1.0,32.0
2025-02-16 15:22:34:337	Fenix:endEffector	debug	0.0,-93.00000000000001,0.3788888888888889
2025-02-16 15:22:34:339	Fenix:stateModels	debug	START, START, START, START, START, START, START, START, START, START
2025-02-16 15:22:34:340	Fenix:buttonPresses	debug	0.0
2025-02-16 15:22:34:370	Fenix:drivetrain	debug	0.0,-0.0,-0.0,-0.0,0.0,0.0,7.0,0.0
2025-02-16 15:22:34:381	Fenix:arm	debug	0.03686416384915475,13.00000238416429,1.0,0.0,0.03343810606567244,1.0,32.0
2025-02-16 15:22:34:383	Fenix:endEffector	debug	0.0,-93.00000000000001,0.3788888888888889
2025-02-16 15:22:34:384	Fenix:stateModels	debug	START, START, START, START, START, START, START, START, START, START
2025-02-16 15:22:34:385	Fenix:buttonPresses	debug	0.0
2025-02-16 15:22:34:426	Fenix:drivetrain	debug	0.9999994072134483,0.9999994072134483,1.0,0.9999994072134483,3794.0,3666.0,3834.0,2642.0
2025-02-16 15:22:34:438	Fenix:arm	debug	0.03686416384915475,13.00000238416429,1.0,0.0,0.03343810606567244,1.0,21.0
2025-02-16 15:22:34:439	Fenix:endEffector	debug	0.0,-93.00000000000001,0.3788888888888889
2025-02-16 15:22:34:441	Fenix:stateModels	debug	START, START, START, START, START, START, START, START, START, START
2025-02-16 15:22:34:443	Fenix:buttonPresses	debug	0.0
2025-02-16 15:22:34:479	Fenix:drivetrain	debug	0.9804027310641067,0.9804027310641067,1.0,0.9804027310641067,5033.0,5988.0,3634.0,6079.0
2025-02-16 15:22:34:490	Fenix:arm	debug	0.024576109232769833,13.00000238416429,1.0,7.0,0.03343810606567244,1.0,21.0
2025-02-16 15:22:34:492	Fenix:endEffector	debug	0.0,-93.00000000000001,0.3788888888888889
2025-02-16 15:22:34:494	Fenix:stateModels	debug	START, START, START, START, START, START, START, START, START, START
2025-02-16 15:22:34:496	Fenix:buttonPresses	debug	0.0
2025-02-16 15:22:34:522	Fenix:drivetrain	debug	0.9804027310641067,0.9804027310641067,1.0,0.9804027310641067,4665.0,5839.0,3014.0,5503.0
2025-02-16 15:22:34:538	Fenix:arm	debug	0.012288054616384917,13.00000238416429,1.0,18.0,0.03343810606567244,1.0,18.0
2025-02-16 15:22:34:543	Fenix:endEffector	debug	0.0,-93.00000000000001,0.3788888888888889
2025-02-16 15:22:34:546	Fenix:stateModels	debug	START, START, START, START, START, START, START, START, START, START
2025-02-16 15:22:34:549	Fenix:buttonPresses	debug	0.0
2025-02-16 15:22:34:575	Fenix:drivetrain	debug	0.9804027310641067,0.9804027310641067,1.0,0.9804027310641067,3666.0,5143.0,3747.0,4971.0
2025-02-16 15:22:34:586	Fenix:arm	debug	0.012288054616384917,13.00000238416429,1.0,3.0,0.03343810606567244,1.0,18.0
2025-02-16 15:22:34:588	Fenix:endEffector	debug	0.0,-93.00000000000001,0.3788888888888889
2025-02-16 15:22:34:590	Fenix:stateModels	debug	START, START, START, START, START, START, START, START, START, START
2025-02-16 15:22:34:591	Fenix:buttonPresses	debug	0.0
2025-02-16 15:22:34:621	Fenix:drivetrain	debug	0.991921044778641,0.991921044778641,1.0,0.991921044778641,3772.0,4574.0,4180.0,3973.0
2025-02-16 15:22:34:633	Fenix:arm	debug	0.012288054616384917,13.00000238416429,1.0,3.0,0.03343810606567244,1.0,21.0
2025-02-16 15:22:34:634	Fenix:endEffector	debug	0.0,-93.00000000000001,0.3788888888888889
2025-02-16 15:22:34:636	Fenix:stateModels	debug	START, START, START, START, START, START, START, START, START, START
2025-02-16 15:22:34:638	Fenix:buttonPresses	debug	0.0
2025-02-16 15:22:34:671	Fenix:drivetrain	debug	0.0,0.0,-0.0,0.0,1432.0,2285.0,1913.0,1392.0
2025-02-16 15:22:34:682	Fenix:arm	debug	0.012288054616384917,13.00000238416429,1.0,3.0,0.03343810606567244,1.0,25.0
2025-02-16 15:22:34:684	Fenix:endEffector	debug	0.0,-93.00000000000001,0.3788888888888889
2025-02-16 15:22:34:685	Fenix:stateModels	debug	START, START, START, START, START, START, START, START, START, START
2025-02-16 15:22:34:687	Fenix:buttonPresses	debug	0.0
2025-02-16 15:22:34:714	Fenix:drivetrain	debug	0.0,0.0,-0.0,0.0,164.0,284.0,229.0,167.0
2025-02-16 15:22:34:726	Fenix:arm	debug	0.012288054616384917,13.00000238416429,1.0,7.0,0.03343810606567244,1.0,21.0
2025-02-16 15:22:34:728	Fenix:endEffector	debug	0.0,-93.00000000000001,0.3788888888888889
2025-02-16 15:22:34:730	Fenix:stateModels	debug	START, START, START, START, START, START, START, START, START, START
2025-02-16 15:22:34:733	Fenix:buttonPresses	debug	0.0
2025-02-16 15:22:34:760	Fenix:drivetrain	debug	0.0,0.0,-0.0,0.0,18.0,21.0,21.0,14.0
2025-02-16 15:22:34:770	Fenix:arm	debug	0.012288054616384917,13.00000238416429,1.0,10.0,0.03343810606567244,1.0,25.0
2025-02-16 15:22:34:773	Fenix:endEffector	debug	0.0,-93.00000000000001,0.3788888888888889
2025-02-16 15:22:34:774	Fenix:stateModels	debug	START, START, START, START, START, START, START, START, START, START
2025-02-16 15:22:34:775	Fenix:buttonPresses	debug	0.0
2025-02-16 15:22:34:805	Fenix:drivetrain	debug	0.0,0.0,-0.0,0.0,7.0,7.0,7.0,3.0
2025-02-16 15:22:34:816	Fenix:arm	debug	0.012288054616384917,13.00000238416429,1.0,218.0,0.03343810606567244,1.0,83.0
2025-02-16 15:22:34:818	Fenix:endEffector	debug	0.0,-93.00000000000001,0.3788888888888889
2025-02-16 15:22:34:820	Fenix:stateModels	debug	START, START, START, START, START, START, START, START, START, START
2025-02-16 15:22:34:821	Fenix:buttonPresses	debug	0.0
2025-02-16 15:22:34:862	Fenix:drivetrain	debug	0.0,0.0,-0.0,0.0,3.0,3.0,3.0,3.0
2025-02-16 15:22:34:876	Fenix:arm	debug	0.012288054616384917,13.00000238416429,1.0,127.0,0.03343810606567244,1.0,91.0
2025-02-16 15:22:34:879	Fenix:endEffector	debug	0.0,-93.00000000000001,0.3788888888888889
2025-02-16 15:22:34:881	Fenix:stateModels	debug	START, START, START, START, START, START, START, START, START, START
2025-02-16 15:22:34:883	Fenix:buttonPresses	debug	0.0
2025-02-16 15:22:34:913	Fenix:drivetrain	debug	0.0,0.0,-0.0,0.0,3.0,0.0,3.0,0.0
2025-02-16 15:22:34:925	Fenix:arm	debug	0.012288054616384917,13.00000238416429,1.0,3.0,0.03343810606567244,1.0,94.0
2025-02-16 15:22:34:927	Fenix:endEffector	debug	0.0,-93.00000000000001,0.3788888888888889
2025-02-16 15:22:34:930	Fenix:stateModels	debug	START, START, START, START, START, START, START, START, START, START
2025-02-16 15:22:34:932	Fenix:buttonPresses	debug	0.0
2025-02-16 15:22:34:987	Fenix:drivetrain	debug	0.0,0.0,-0.0,0.0,3.0,3.0,7.0,3.0
2025-02-16 15:22:34:998	Fenix:arm	debug	0.024576109232769833,13.00000238416429,1.0,3.0,0.03343810606567244,1.0,109.0
2025-02-16 15:22:35:000	Fenix:endEffector	debug	0.0,-93.00000000000001,0.3788888888888889
2025-02-16 15:22:35:002	Fenix:stateModels	debug	START, START, START, START, START, START, START, START, START, START
2025-02-16 15:22:35:004	Fenix:buttonPresses	debug	0.0
2025-02-16 15:22:35:030	Fenix:drivetrain	debug	0.0,0.0,-0.0,0.0,0.0,3.0,3.0,0.0
2025-02-16 15:22:35:044	Fenix:arm	debug	0.06144027308192458,13.00000238416429,1.0,153.0,0.03343810606567244,1.0,87.0
2025-02-16 15:22:35:049	Fenix:endEffector	debug	0.0,-93.00000000000001,0.3788888888888889
2025-02-16 15:22:35:052	Fenix:stateModels	debug	START, START, START, START, START, START, START, START, START, START
2025-02-16 15:22:35:054	Fenix:buttonPresses	debug	0.0
2025-02-16 15:22:35:081	Fenix:drivetrain	debug	0.0,0.0,-0.0,0.0,0.0,0.0,3.0,0.0
2025-02-16 15:22:35:092	Fenix:arm	debug	0.04915221846553967,13.00000238416429,1.0,371.0,0.03343810606567244,1.0,87.0
2025-02-16 15:22:35:093	Fenix:endEffector	debug	0.0,-93.00000000000001,0.3788888888888889
2025-02-16 15:22:35:095	Fenix:stateModels	debug	START, START, START, START, START, START, START, START, START, START
2025-02-16 15:22:35:096	Fenix:buttonPresses	debug	0.0
2025-02-16 15:22:35:137	Fenix:drivetrain	debug	-0.9999626551335762,-0.9999626551335762,-1.0,-0.9999626551335762,3743.0,3776.0,4093.0,3174.0
2025-02-16 15:22:35:148	Fenix:arm	debug	0.06144027308192458,13.00000238416429,1.0,204.0,0.03343810606567244,1.0,40.0
2025-02-16 15:22:35:150	Fenix:endEffector	debug	0.0,-93.00000000000001,0.3788888888888889
2025-02-16 15:22:35:151	Fenix:stateModels	debug	START, START, START, START, START, START, START, START, START, START
2025-02-16 15:22:35:153	Fenix:buttonPresses	debug	0.0
2025-02-16 15:22:35:179	Fenix:drivetrain	debug	-0.9999626551335762,-0.9999626551335762,-1.0,-0.9999626551335762,5992.0,3892.0,6090.0,3583.0
2025-02-16 15:22:35:190	Fenix:arm	debug	0.06144027308192458,13.00000238416429,1.0,185.0,0.03343810606567244,1.0,36.0
2025-02-16 15:22:35:192	Fenix:endEffector	debug	0.0,-93.00000000000001,0.3788888888888889
2025-02-16 15:22:35:193	Fenix:stateModels	debug	START, START, START, START, START, START, START, START, START, START
2025-02-16 15:22:35:195	Fenix:buttonPresses	debug	0.0
2025-02-16 15:22:35:222	Fenix:drivetrain	debug	-0.9999626551335762,-0.9999626551335762,-1.0,-0.9999626551335762,6109.0,2044.0,6298.0,1658.0
2025-02-16 15:22:35:232	Fenix:arm	debug	0.06144027308192458,13.00000238416429,1.0,207.0,0.03343810606567244,1.0,40.0
2025-02-16 15:22:35:234	Fenix:endEffector	debug	0.0,-93.00000000000001,0.3788888888888889
2025-02-16 15:22:35:237	Fenix:stateModels	debug	START, START, START, START, START, START, START, START, START, START
2025-02-16 15:22:35:238	Fenix:buttonPresses	debug	0.0
2025-02-16 15:22:35:264	Fenix:drivetrain	debug	-0.9999626551335762,-0.9999626551335762,-1.0,-0.9999626551335762,5584.0,3141.0,5554.0,2722.0
2025-02-16 15:22:35:277	Fenix:arm	debug	0.06144027308192458,13.00000238416429,1.0,196.0,0.03343810606567244,1.0,36.0
2025-02-16 15:22:35:279	Fenix:endEffector	debug	0.0,-93.00000000000001,0.3788888888888889
2025-02-16 15:22:35:281	Fenix:stateModels	debug	START, START, START, START, START, START, START, START, START, START
2025-02-16 15:22:35:283	Fenix:buttonPresses	debug	0.0
2025-02-16 15:22:35:312	Fenix:drivetrain	debug	-0.9999626551335762,-0.9999626551335762,-1.0,-0.9999626551335762,4425.0,3874.0,4654.0,3375.0
2025-02-16 15:22:35:326	Fenix:arm	debug	0.06144027308192458,13.00000238416429,1.0,211.0,0.03343810606567244,1.0,29.0
2025-02-16 15:22:35:327	Fenix:endEffector	debug	0.0,-93.00000000000001,0.3788888888888889
2025-02-16 15:22:35:329	Fenix:stateModels	debug	START, START, START, START, START, START, START, START, START, START
2025-02-16 15:22:35:331	Fenix:buttonPresses	debug	0.0
2025-02-16 15:22:35:366	Fenix:drivetrain	debug	-0.9999626551335762,-0.9999626551335762,-1.0,-0.9999626551335762,4024.0,3419.0,4137.0,2693.0
2025-02-16 15:22:35:379	Fenix:arm	debug	0.06144027308192458,13.00000238416429,1.0,236.0,0.03343810606567244,1.0,36.0
2025-02-16 15:22:35:382	Fenix:endEffector	debug	0.0,-93.00000000000001,0.3788888888888889
2025-02-16 15:22:35:384	Fenix:stateModels	debug	START, START, START, START, START, START, START, START, START, START
2025-02-16 15:22:35:385	Fenix:buttonPresses	debug	0.0
2025-02-16 15:22:35:416	Fenix:drivetrain	debug	-0.9999626551335762,-0.9999626551335762,-1.0,-0.9999626551335762,3557.0,3586.0,3881.0,2474.0
2025-02-16 15:22:35:427	Fenix:arm	debug	0.06144027308192458,13.00000238416429,1.0,244.0,0.03343810606567244,1.0,36.0
2025-02-16 15:22:35:429	Fenix:endEffector	debug	0.0,-93.00000000000001,0.3788888888888889
2025-02-16 15:22:35:430	Fenix:stateModels	debug	START, START, START, START, START, START, START, START, START, START
2025-02-16 15:22:35:431	Fenix:buttonPresses	debug	0.0
2025-02-16 15:22:35:464	Fenix:drivetrain	debug	0.0,0.0,-0.0,0.0,1651.0,1232.0,1396.0,991.0
2025-02-16 15:22:35:479	Fenix:arm	debug	0.06144027308192458,13.00000238416429,1.0,462.0,0.03343810606567244,1.0,76.0
2025-02-16 15:22:35:482	Fenix:endEffector	debug	0.0,-93.00000000000001,0.3788888888888889
2025-02-16 15:22:35:484	Fenix:stateModels	debug	START, START, START, START, START, START, START, START, START, START
2025-02-16 15:22:35:486	Fenix:buttonPresses	debug	0.0
2025-02-16 15:22:35:522	Fenix:drivetrain	debug	0.0,0.0,-0.0,0.0,72.0,87.0,109.0,36.0
2025-02-16 15:22:35:535	Fenix:arm	debug	0.012288054616384917,13.00000238416429,1.0,189.0,0.03343810606567244,1.0,58.0
2025-02-16 15:22:35:537	Fenix:endEffector	debug	0.0,-93.00000000000001,0.3788888888888889
2025-02-16 15:22:35:540	Fenix:stateModels	debug	START, START, START, START, START, START, START, START, START, START
2025-02-16 15:22:35:542	Fenix:buttonPresses	debug	0.0
2025-02-16 15:22:35:572	Fenix:drivetrain	debug	0.0,0.0,-0.0,0.0,10.0,10.0,18.0,7.0
2025-02-16 15:22:35:587	Fenix:arm	debug	0.0,13.00000238416429,1.0,7.0,0.03343810606567244,1.0,72.0
2025-02-16 15:22:35:592	Fenix:endEffector	debug	0.0,-93.00000000000001,0.3788888888888889
2025-02-16 15:22:35:594	Fenix:stateModels	debug	START, START, START, START, START, START, START, START, START, START
2025-02-16 15:22:35:597	Fenix:buttonPresses	debug	0.0
2025-02-16 15:22:35:625	Fenix:drivetrain	debug	0.0,0.0,-0.0,0.0,7.0,3.0,7.0,0.0
2025-02-16 15:22:35:637	Fenix:arm	debug	0.0,13.00000238416429,1.0,3.0,0.03343810606567244,1.0,80.0
2025-02-16 15:22:35:639	Fenix:endEffector	debug	0.0,-93.00000000000001,0.3788888888888889
2025-02-16 15:22:35:641	Fenix:stateModels	debug	START, START, START, START, START, START, START, START, START, START
2025-02-16 15:22:35:642	Fenix:buttonPresses	debug	0.0
2025-02-16 15:22:35:668	Fenix:drivetrain	debug	0.0,0.0,-0.0,0.0,3.0,3.0,7.0,0.0
2025-02-16 15:22:35:679	Fenix:arm	debug	0.0,13.00000238416429,1.0,0.0,0.03343810606567244,1.0,65.0
2025-02-16 15:22:35:681	Fenix:endEffector	debug	0.0,-93.00000000000001,0.3788888888888889
2025-02-16 15:22:35:683	Fenix:stateModels	debug	START, START, START, START, START, START, START, START, START, START
2025-02-16 15:22:35:685	Fenix:buttonPresses	debug	0.0
2025-02-16 15:22:35:710	Fenix:drivetrain	debug	0.0,0.0,-0.0,0.0,3.0,0.0,3.0,3.0
2025-02-16 15:22:35:721	Fenix:arm	debug	0.0,13.00000238416429,1.0,0.0,0.03343810606567244,1.0,51.0
2025-02-16 15:22:35:724	Fenix:endEffector	debug	0.0,-93.00000000000001,0.3788888888888889
2025-02-16 15:22:35:726	Fenix:stateModels	debug	START, START, START, START, START, START, START, START, START, START
2025-02-16 15:22:35:727	Fenix:buttonPresses	debug	0.0
2025-02-16 15:22:35:753	Fenix:drivetrain	debug	0.0,0.0,-0.0,0.0,3.0,3.0,3.0,3.0
2025-02-16 15:22:35:764	Fenix:arm	debug	0.0,13.00000238416429,1.0,3.0,0.03343810606567244,1.0,69.0
2025-02-16 15:22:35:766	Fenix:endEffector	debug	0.0,-93.00000000000001,0.3788888888888889
2025-02-16 15:22:35:769	Fenix:stateModels	debug	START, START, START, START, START, START, START, START, START, START
2025-02-16 15:22:35:770	Fenix:buttonPresses	debug	0.0
2025-02-16 15:22:35:798	Fenix:drivetrain	debug	0.0,0.0,-0.0,0.0,3.0,3.0,3.0,0.0
2025-02-16 15:22:35:811	Fenix:arm	debug	0.0,13.00000238416429,1.0,0.0,0.03343810606567244,1.0,153.0
2025-02-16 15:22:35:814	Fenix:endEffector	debug	0.0,-93.00000000000001,0.3788888888888889
2025-02-16 15:22:35:816	Fenix:stateModels	debug	START, START, START, START, START, START, START, START, START, START
2025-02-16 15:22:35:818	Fenix:buttonPresses	debug	0.0
2025-02-16 15:22:35:846	Fenix:drivetrain	debug	0.0,0.0,-0.0,0.0,3.0,0.0,3.0,3.0
2025-02-16 15:22:35:858	Fenix:arm	debug	0.0,13.00000238416429,1.0,14.0,0.03343810606567244,1.0,164.0
2025-02-16 15:22:35:860	Fenix:endEffector	debug	0.0,-93.00000000000001,0.3788888888888889
2025-02-16 15:22:35:861	Fenix:stateModels	debug	START, START, START, START, START, START, START, START, START, START
2025-02-16 15:22:35:863	Fenix:buttonPresses	debug	0.0
2025-02-16 15:22:35:899	Fenix:drivetrain	debug	0.0,0.0,-0.0,0.0,3.0,3.0,3.0,0.0
2025-02-16 15:22:35:912	Fenix:arm	debug	0.0,13.00000238416429,1.0,3.0,0.03343810606567244,1.0,167.0
2025-02-16 15:22:35:915	Fenix:endEffector	debug	0.0,-93.00000000000001,0.3788888888888889
2025-02-16 15:22:35:917	Fenix:stateModels	debug	START, START, START, START, START, START, START, START, START, START
2025-02-16 15:22:35:918	Fenix:buttonPresses	debug	0.0
2025-02-16 15:22:35:954	Fenix:drivetrain	debug	0.0,0.0,-0.0,-0.0,0.0,0.0,3.0,3.0
2025-02-16 15:22:35:967	Fenix:arm	debug	0.0,13.00000238416429,1.0,0.0,0.03343810606567244,1.0,171.0
2025-02-16 15:22:35:969	Fenix:endEffector	debug	0.0,-93.00000000000001,0.3788888888888889
2025-02-16 15:22:35:971	Fenix:stateModels	debug	START, START, START, START, START, START, START, START, START, START
2025-02-16 15:22:35:972	Fenix:buttonPresses	debug	0.0
2025-02-16 15:22:36:003	Fenix:drivetrain	debug	0.0,-0.0,-0.0,-0.0,3.0,0.0,3.0,3.0
2025-02-16 15:22:36:018	Fenix:arm	debug	0.0,13.00000238416429,1.0,3.0,0.03343810606567244,1.0,164.0
2025-02-16 15:22:36:020	Fenix:endEffector	debug	0.0,-93.00000000000001,0.3788888888888889
2025-02-16 15:22:36:021	Fenix:stateModels	debug	START, START, START, START, START, START, START, START, START, START
2025-02-16 15:22:36:025	Fenix:buttonPresses	debug	0.0
2025-02-16 15:22:36:061	Fenix:drivetrain	debug	0.0,-0.0,-0.0,-0.0,3.0,0.0,7.0,0.0
2025-02-16 15:22:36:075	Fenix:arm	debug	0.0,13.00000238416429,1.0,7.0,0.03343810606567244,1.0,174.0
2025-02-16 15:22:36:079	Fenix:endEffector	debug	0.0,-93.00000000000001,0.3788888888888889
2025-02-16 15:22:36:081	Fenix:stateModels	debug	START, START, START, START, START, START, START, START, START, START
2025-02-16 15:22:36:086	Fenix:buttonPresses	debug	0.0
2025-02-16 15:22:36:112	Fenix:drivetrain	debug	0.0,-0.0,-0.0,-0.0,3.0,0.0,3.0,3.0
2025-02-16 15:22:36:126	Fenix:arm	debug	0.0,13.00000238416429,1.0,3.0,0.03343810606567244,1.0,174.0
2025-02-16 15:22:36:130	Fenix:endEffector	debug	0.0,-93.00000000000001,0.3788888888888889
2025-02-16 15:22:36:132	Fenix:stateModels	debug	START, START, START, START, START, START, START, START, START, START
2025-02-16 15:22:36:134	Fenix:buttonPresses	debug	0.0
2025-02-16 15:22:36:161	Fenix:drivetrain	debug	0.0,-0.0,-0.0,-0.0,7.0,0.0,3.0,0.0
2025-02-16 15:22:36:173	Fenix:arm	debug	0.0,13.00000238416429,1.0,10.0,0.03343810606567244,1.0,182.0
2025-02-16 15:22:36:174	Fenix:endEffector	debug	0.0,-93.00000000000001,0.3788888888888889
2025-02-16 15:22:36:176	Fenix:stateModels	debug	START, START, START, START, START, START, START, START, START, START
2025-02-16 15:22:36:177	Fenix:buttonPresses	debug	0.0
2025-02-16 15:22:36:204	Fenix:drivetrain	debug	0.0,-0.0,-0.0,-0.0,0.0,0.0,3.0,0.0
2025-02-16 15:22:36:215	Fenix:arm	debug	0.0,13.00000238416429,1.0,0.0,0.03343810606567244,1.0,174.0
2025-02-16 15:22:36:217	Fenix:endEffector	debug	0.0,-93.00000000000001,0.3788888888888889
2025-02-16 15:22:36:218	Fenix:stateModels	debug	START, START, START, START, START, START, START, START, START, START
2025-02-16 15:22:36:220	Fenix:buttonPresses	debug	0.0
2025-02-16 15:22:36:247	Fenix:drivetrain	debug	0.0,-0.0,-0.0,-0.0,3.0,0.0,3.0,0.0
2025-02-16 15:22:36:258	Fenix:arm	debug	0.0,13.00000238416429,1.0,0.0,0.03343810606567244,1.0,258.0
2025-02-16 15:22:36:260	Fenix:endEffector	debug	0.0,-93.00000000000001,0.3788888888888889
2025-02-16 15:22:36:262	Fenix:stateModels	debug	START, START, START, START, START, START, START, START, START, START
2025-02-16 15:22:36:263	Fenix:buttonPresses	debug	0.0
2025-02-16 15:22:36:289	Fenix:drivetrain	debug	0.0,-0.0,-0.0,-0.0,3.0,0.0,3.0,0.0
2025-02-16 15:22:36:300	Fenix:arm	debug	0.0,13.00000238416429,1.0,0.0,0.03343810606567244,1.0,302.0
2025-02-16 15:22:36:302	Fenix:endEffector	debug	0.0,-93.00000000000001,0.3788888888888889
2025-02-16 15:22:36:304	Fenix:stateModels	debug	START, START, START, START, START, START, START, START, START, START
2025-02-16 15:22:36:306	Fenix:buttonPresses	debug	0.0
2025-02-16 15:22:36:333	Fenix:drivetrain	debug	0.0,-0.0,-0.0,-0.0,0.0,0.0,3.0,7.0
2025-02-16 15:22:36:344	Fenix:arm	debug	0.0,13.00000238416429,1.0,10.0,0.03343810606567244,1.0,324.0
2025-02-16 15:22:36:347	Fenix:endEffector	debug	0.0,-93.00000000000001,0.3788888888888889
2025-02-16 15:22:36:348	Fenix:stateModels	debug	START, START, START, START, START, START, START, START, START, START
2025-02-16 15:22:36:350	Fenix:buttonPresses	debug	0.0
2025-02-16 15:22:36:376	Fenix:drivetrain	debug	0.0,-0.0,-0.0,-0.0,3.0,3.0,3.0,7.0
2025-02-16 15:22:36:387	Fenix:arm	debug	0.0,13.00000238416429,1.0,3.0,0.03343810606567244,1.0,328.0
2025-02-16 15:22:36:389	Fenix:endEffector	debug	0.0,-93.00000000000001,0.3788888888888889
2025-02-16 15:22:36:391	Fenix:stateModels	debug	START, START, START, START, START, START, START, START, START, START
2025-02-16 15:22:36:392	Fenix:buttonPresses	debug	0.0
2025-02-16 15:22:36:428	Fenix:drivetrain	debug	0.0,-0.0,-0.0,-0.0,3.0,3.0,3.0,3.0
2025-02-16 15:22:36:440	Fenix:arm	debug	0.0,13.00000238416429,1.0,10.0,0.03343810606567244,1.0,331.0
2025-02-16 15:22:36:444	Fenix:endEffector	debug	0.0,-93.00000000000001,0.3788888888888889
2025-02-16 15:22:36:445	Fenix:stateModels	debug	START, START, START, START, START, START, START, START, START, START
2025-02-16 15:22:36:447	Fenix:buttonPresses	debug	0.0
2025-02-16 15:22:36:485	Fenix:drivetrain	debug	0.0,-0.0,-0.0,-0.0,0.0,0.0,7.0,0.0
2025-02-16 15:22:36:497	Fenix:arm	debug	0.0,13.00000238416429,1.0,3.0,0.03343810606567244,1.0,338.0
2025-02-16 15:22:36:501	Fenix:endEffector	debug	0.0,-93.00000000000001,0.3788888888888889
2025-02-16 15:22:36:503	Fenix:stateModels	debug	START, START, START, START, START, START, START, START, START, START
2025-02-16 15:22:36:506	Fenix:buttonPresses	debug	0.0
2025-02-16 15:22:36:538	Fenix:drivetrain	debug	0.0,-0.0,-0.0,-0.0,3.0,3.0,3.0,0.0
2025-02-16 15:22:36:554	Fenix:arm	debug	0.0,13.00000238416429,1.0,14.0,0.03343810606567244,1.0,346.0
2025-02-16 15:22:36:557	Fenix:endEffector	debug	0.0,-93.00000000000001,0.3788888888888889
2025-02-16 15:22:36:559	Fenix:stateModels	debug	START, START, START, START, START, START, START, START, START, START
2025-02-16 15:22:36:561	Fenix:buttonPresses	debug	0.0
2025-02-16 15:22:36:601	Fenix:drivetrain	debug	0.0,-0.0,-0.0,-0.0,3.0,0.0,7.0,0.0
2025-02-16 15:22:36:613	Fenix:arm	debug	0.0,13.00000238416429,1.0,7.0,0.03343810606567244,1.0,349.0
2025-02-16 15:22:36:615	Fenix:endEffector	debug	0.0,-93.00000000000001,0.3788888888888889
2025-02-16 15:22:36:617	Fenix:stateModels	debug	START, START, START, START, START, START, START, START, START, START
2025-02-16 15:22:36:619	Fenix:buttonPresses	debug	0.0
2025-02-16 15:22:36:649	Fenix:drivetrain	debug	0.0,-0.0,-0.0,-0.0,3.0,3.0,3.0,0.0
2025-02-16 15:22:36:665	Fenix:arm	debug	0.0,13.00000238416429,1.0,3.0,0.03343810606567244,1.0,353.0
2025-02-16 15:22:36:671	Fenix:endEffector	debug	0.0,-93.00000000000001,0.3788888888888889
2025-02-16 15:22:36:674	Fenix:stateModels	debug	START, START, START, START, START, START, START, START, START, START
2025-02-16 15:22:36:677	Fenix:buttonPresses	debug	0.0
2025-02-16 15:22:36:710	Fenix:drivetrain	debug	0.0,-0.0,-0.0,-0.0,0.0,0.0,3.0,0.0
2025-02-16 15:22:36:723	Fenix:arm	debug	0.0,13.00000238416429,1.0,0.0,0.03343810606567244,1.0,353.0
2025-02-16 15:22:36:726	Fenix:endEffector	debug	0.0,-93.00000000000001,0.3788888888888889
2025-02-16 15:22:36:727	Fenix:stateModels	debug	START, START, START, START, START, START, START, START, START, START
2025-02-16 15:22:36:729	Fenix:buttonPresses	debug	0.0
2025-02-16 15:22:36:756	Fenix:drivetrain	debug	0.0,-0.0,-0.0,-0.0,0.0,0.0,3.0,3.0
2025-02-16 15:22:36:767	Fenix:arm	debug	0.0,13.00000238416429,1.0,7.0,0.03343810606567244,1.0,357.0
2025-02-16 15:22:36:769	Fenix:endEffector	debug	0.0,-93.00000000000001,0.3788888888888889
2025-02-16 15:22:36:771	Fenix:stateModels	debug	START, START, START, START, START, START, START, START, START, START
2025-02-16 15:22:36:773	Fenix:buttonPresses	debug	0.0
2025-02-16 15:22:36:801	Fenix:drivetrain	debug	0.0,-0.0,-0.0,-0.0,3.0,0.0,3.0,0.0
2025-02-16 15:22:36:816	Fenix:arm	debug	0.0,13.00000238416429,1.0,10.0,0.03343810606567244,1.0,357.0
2025-02-16 15:22:36:818	Fenix:endEffector	debug	0.0,-93.00000000000001,0.3788888888888889
2025-02-16 15:22:36:820	Fenix:stateModels	debug	START, START, START, START, START, START, START, START, START, START
2025-02-16 15:22:36:824	Fenix:buttonPresses	debug	0.0
2025-02-16 15:22:36:851	Fenix:drivetrain	debug	0.0,-0.0,-0.0,-0.0,3.0,3.0,7.0,3.0
2025-02-16 15:22:36:863	Fenix:arm	debug	0.0,13.00000238416429,1.0,0.0,0.03343810606567244,1.0,360.0
2025-02-16 15:22:36:865	Fenix:endEffector	debug	0.0,-93.00000000000001,0.3788888888888889
2025-02-16 15:22:36:867	Fenix:stateModels	debug	START, START, START, START, START, START, START, START, START, START
2025-02-16 15:22:36:868	Fenix:buttonPresses	debug	0.0
2025-02-16 15:22:36:894	Fenix:drivetrain	debug	0.0,-0.0,-0.0,-0.0,0.0,0.0,3.0,3.0
2025-02-16 15:22:36:905	Fenix:arm	debug	0.0,13.00000238416429,1.0,10.0,0.03343810606567244,1.0,360.0
2025-02-16 15:22:36:907	Fenix:endEffector	debug	0.0,-93.00000000000001,0.3788888888888889
2025-02-16 15:22:36:909	Fenix:stateModels	debug	START, START, START, START, START, START, START, START, START, START
2025-02-16 15:22:36:911	Fenix:buttonPresses	debug	0.0
2025-02-16 15:22:36:949	Fenix:drivetrain	debug	0.0,-0.0,-0.0,-0.0,0.0,0.0,7.0,3.0
2025-02-16 15:22:36:963	Fenix:arm	debug	0.0,13.00000238416429,1.0,3.0,0.03343810606567244,1.0,360.0
2025-02-16 15:22:36:967	Fenix:endEffector	debug	0.0,-93.00000000000001,0.3788888888888889
2025-02-16 15:22:36:969	Fenix:stateModels	debug	START, START, START, START, START, START, START, START, START, START
2025-02-16 15:22:36:970	Fenix:buttonPresses	debug	0.0
2025-02-16 15:22:37:054	Fenix:drivetrain	debug	-0.9999976288559045,0.9999976288559047,1.0,0.9999976288559047,4935.0,4264.0,4895.0,4917.0
2025-02-16 15:22:37:067	Fenix:arm	debug	0.147456655396619,13.000009536661222,1.0,3.0,0.06687621213134488,1.0,149.0
2025-02-16 15:22:37:069	Fenix:endEffector	debug	0.0,-93.00000000000001,0.3788888888888889
2025-02-16 15:22:37:072	Fenix:stateModels	debug	START, START, START, START, START, START, START, START, START, START
2025-02-16 15:22:37:075	Fenix:buttonPresses	debug	0.0
2025-02-16 15:22:37:122	Fenix:drivetrain	debug	0.0,0.0,-0.0,0.0,1126.0,1366.0,1622.0,1191.0
2025-02-16 15:22:37:136	Fenix:arm	debug	0.12288054616384916,13.00000238416429,1.0,426.0,0.03343810606567244,1.0,342.0
2025-02-16 15:22:37:139	Fenix:endEffector	debug	0.0,-93.00000000000001,0.3788888888888889
2025-02-16 15:22:37:142	Fenix:stateModels	debug	START, START, START, START, START, START, START, START, START, START
2025-02-16 15:22:37:146	Fenix:buttonPresses	debug	0.0
2025-02-16 15:22:37:179	Fenix:drivetrain	debug	0.0,0.0,-0.0,0.0,43.0,58.0,69.0,80.0
2025-02-16 15:22:37:195	Fenix:arm	debug	-0.012288054616384917,13.00000238416429,1.0,189.0,0.03343810606567244,1.0,411.0
2025-02-16 15:22:37:202	Fenix:endEffector	debug	0.0,-93.00000000000001,0.3788888888888889
2025-02-16 15:22:37:205	Fenix:stateModels	debug	START, START, START, START, START, START, START, START, START, START
2025-02-16 15:22:37:208	Fenix:buttonPresses	debug	0.0
2025-02-16 15:22:37:240	Fenix:drivetrain	debug	0.0,0.0,-0.0,0.0,7.0,3.0,7.0,3.0
2025-02-16 15:22:37:252	Fenix:arm	debug	0.03686416384915475,13.00000238416429,1.0,116.0,0.03343810606567244,1.0,455.0
2025-02-16 15:22:37:255	Fenix:endEffector	debug	0.0,-93.00000000000001,0.3788888888888889
2025-02-16 15:22:37:257	Fenix:stateModels	debug	START, START, START, START, START, START, START, START, START, START
2025-02-16 15:22:37:259	Fenix:buttonPresses	debug	0.0
2025-02-16 15:22:37:288	Fenix:drivetrain	debug	0.0,0.0,-0.0,0.0,3.0,0.0,3.0,3.0
2025-02-16 15:22:37:300	Fenix:arm	debug	0.024576109232769833,13.00000238416429,1.0,273.0,0.03343810606567244,1.0,466.0
2025-02-16 15:22:37:302	Fenix:endEffector	debug	0.0,-93.00000000000001,0.3788888888888889
2025-02-16 15:22:37:305	Fenix:stateModels	debug	START, START, START, START, START, START, START, START, START, START
2025-02-16 15:22:37:307	Fenix:buttonPresses	debug	0.0
2025-02-16 15:22:37:339	Fenix:drivetrain	debug	0.0,0.0,-0.0,0.0,3.0,0.0,3.0,3.0
2025-02-16 15:22:37:350	Fenix:arm	debug	0.024576109232769833,13.00000238416429,1.0,331.0,0.03343810606567244,1.0,470.0
2025-02-16 15:22:37:353	Fenix:endEffector	debug	0.0,-93.00000000000001,0.3788888888888889
2025-02-16 15:22:37:356	Fenix:stateModels	debug	START, START, START, START, START, START, START, START, START, START
2025-02-16 15:22:37:359	Fenix:buttonPresses	debug	0.0
2025-02-16 15:22:37:395	Fenix:drivetrain	debug	-0.9829122956046521,0.9829122956046524,1.0,0.9829122956046524,3309.0,3109.0,4067.0,3203.0
2025-02-16 15:22:37:407	Fenix:arm	debug	0.03686416384915475,13.00000238416429,1.0,174.0,0.03343810606567244,1.0,240.0
2025-02-16 15:22:37:411	Fenix:endEffector	debug	0.0,-93.00000000000001,0.3788888888888889
2025-02-16 15:22:37:413	Fenix:stateModels	debug	START, START, START, START, START, START, START, START, START, START
2025-02-16 15:22:37:417	Fenix:buttonPresses	debug	0.0
2025-02-16 15:22:37:465	Fenix:drivetrain	debug	-0.0,-0.0,-0.0,-0.0,1217.0,893.0,929.0,1111.0
2025-02-16 15:22:37:482	Fenix:arm	debug	0.08601638231469441,13.00000238416429,1.0,415.0,0.03343810606567244,1.0,422.0
2025-02-16 15:22:37:487	Fenix:endEffector	debug	0.0,-93.00000000000001,0.3788888888888889
2025-02-16 15:22:37:490	Fenix:stateModels	debug	START, START, START, START, START, START, START, START, START, START
2025-02-16 15:22:37:493	Fenix:buttonPresses	debug	0.0
2025-02-16 15:22:37:532	Fenix:drivetrain	debug	-0.0,-0.0,-0.0,-0.0,32.0,40.0,43.0,29.0
2025-02-16 15:22:37:547	Fenix:arm	debug	0.0,13.00000238416429,1.0,211.0,0.03343810606567244,1.0,448.0
2025-02-16 15:22:37:549	Fenix:endEffector	debug	0.0,-93.00000000000001,0.3788888888888889
2025-02-16 15:22:37:552	Fenix:stateModels	debug	START, START, START, START, START, START, START, START, START, START
2025-02-16 15:22:37:556	Fenix:buttonPresses	debug	0.0
2025-02-16 15:22:37:588	Fenix:drivetrain	debug	-0.0,-0.0,-0.0,-0.0,7.0,3.0,7.0,3.0
2025-02-16 15:22:37:600	Fenix:arm	debug	0.03686416384915475,13.00000238416429,1.0,40.0,0.03343810606567244,1.0,499.0
2025-02-16 15:22:37:603	Fenix:endEffector	debug	0.0,-93.00000000000001,0.3788888888888889
2025-02-16 15:22:37:605	Fenix:stateModels	debug	START, START, START, START, START, START, START, START, START, START
2025-02-16 15:22:37:607	Fenix:buttonPresses	debug	0.0
2025-02-16 15:22:37:642	Fenix:drivetrain	debug	-0.0,-0.0,-0.0,-0.0,0.0,3.0,3.0,3.0
2025-02-16 15:22:37:654	Fenix:arm	debug	0.03686416384915475,13.00000238416429,1.0,240.0,0.03343810606567244,1.0,503.0
2025-02-16 15:22:37:657	Fenix:endEffector	debug	0.0,-93.00000000000001,0.3788888888888889
2025-02-16 15:22:37:659	Fenix:stateModels	debug	START, START, START, START, START, START, START, START, START, START
2025-02-16 15:22:37:661	Fenix:buttonPresses	debug	0.0
2025-02-16 15:22:37:691	Fenix:drivetrain	debug	-0.0,-0.0,-0.0,-0.0,3.0,0.0,3.0,3.0
2025-02-16 15:22:37:705	Fenix:arm	debug	0.03686416384915475,13.00000238416429,1.0,349.0,0.03343810606567244,1.0,513.0
2025-02-16 15:22:37:710	Fenix:endEffector	debug	0.0,-93.00000000000001,0.3788888888888889
2025-02-16 15:22:37:712	Fenix:stateModels	debug	START, START, START, START, START, START, START, START, START, START
2025-02-16 15:22:37:714	Fenix:buttonPresses	debug	0.0
2025-02-16 15:22:37:743	Fenix:drivetrain	debug	-0.0,-0.0,-0.0,-0.0,3.0,0.0,3.0,0.0
2025-02-16 15:22:37:757	Fenix:arm	debug	0.03686416384915475,13.00000238416429,1.0,364.0,0.03343810606567244,1.0,517.0
2025-02-16 15:22:37:761	Fenix:endEffector	debug	0.0,-93.00000000000001,0.3788888888888889
2025-02-16 15:22:37:763	Fenix:stateModels	debug	START, START, START, START, START, START, START, START, START, START
2025-02-16 15:22:37:765	Fenix:buttonPresses	debug	0.0
2025-02-16 15:22:37:811	Fenix:drivetrain	debug	-0.9999999999999998,1.0,0.9965370163552857,1.0,4070.9999999999995,2919.0,3823.0,3994.0
2025-02-16 15:22:37:822	Fenix:arm	debug	0.03686416384915475,13.00000238416429,1.0,215.0,0.03343810606567244,1.0,255.0
2025-02-16 15:22:37:824	Fenix:endEffector	debug	0.0,-93.00000000000001,0.3788888888888889
2025-02-16 15:22:37:828	Fenix:stateModels	debug	START, START, START, START, START, START, START, START, START, START
2025-02-16 15:22:37:830	Fenix:buttonPresses	debug	0.0
2025-02-16 15:22:37:864	Fenix:drivetrain	debug	-0.9999999999999998,1.0,0.8913617422805679,1.0,4847.0,4330.0,4680.0,4625.0
2025-02-16 15:22:37:875	Fenix:arm	debug	0.12288054616384916,13.00000238416429,1.0,255.0,0.03343810606567244,1.0,506.0
2025-02-16 15:22:37:877	Fenix:endEffector	debug	0.0,-93.00000000000001,0.3788888888888889
2025-02-16 15:22:37:879	Fenix:stateModels	debug	START, START, START, START, START, START, START, START, START, START
2025-02-16 15:22:37:881	Fenix:buttonPresses	debug	0.0
2025-02-16 15:22:37:916	Fenix:drivetrain	debug	-0.0,-0.0,-0.0,-0.0,2092.0,1199.0,1312.0,1647.0
2025-02-16 15:22:37:928	Fenix:arm	debug	0.08601638231469441,13.00000238416429,1.0,338.0,0.03343810606567244,1.0,433.0
2025-02-16 15:22:37:930	Fenix:endEffector	debug	0.0,-93.00000000000001,0.3788888888888889
2025-02-16 15:22:37:933	Fenix:stateModels	debug	START, START, START, START, START, START, START, START, START, START
2025-02-16 15:22:37:935	Fenix:buttonPresses	debug	0.0
2025-02-16 15:22:37:972	Fenix:drivetrain	debug	-0.0,-0.0,-0.0,-0.0,80.0,83.0,91.0,65.0
2025-02-16 15:22:37:986	Fenix:arm	debug	-0.012288054616384917,13.0,1.0,287.0,0.0,1.0,488.0
2025-02-16 15:22:37:990	Fenix:endEffector	debug	0.0,-93.00000000000001,0.3788888888888889
2025-02-16 15:22:37:992	Fenix:stateModels	debug	START, START, START, START, START, START, START, START, START, START
2025-02-16 15:22:37:994	Fenix:buttonPresses	debug	0.0
2025-02-16 15:22:38:022	Fenix:drivetrain	debug	-0.0,-0.0,-0.0,-0.0,10.0,7.0,10.0,7.0
2025-02-16 15:22:38:033	Fenix:arm	debug	0.0,13.00000238416429,1.0,422.0,0.03343810606567244,1.0,499.0
2025-02-16 15:22:38:035	Fenix:endEffector	debug	0.0,-93.00000000000001,0.3788888888888889
2025-02-16 15:22:38:036	Fenix:stateModels	debug	START, START, START, START, START, START, START, START, START, START
2025-02-16 15:22:38:038	Fenix:buttonPresses	debug	0.0
2025-02-16 15:22:38:074	Fenix:drivetrain	debug	-0.0,-0.0,-0.0,-0.0,3.0,3.0,7.0,3.0
2025-02-16 15:22:38:089	Fenix:arm	debug	0.012288054616384917,13.00000238416429,1.0,10.0,0.03343810606567244,1.0,605.0
2025-02-16 15:22:38:092	Fenix:endEffector	debug	0.0,-93.00000000000001,0.3788888888888889
2025-02-16 15:22:38:094	Fenix:stateModels	debug	START, START, START, START, START, START, START, START, START, START
2025-02-16 15:22:38:096	Fenix:buttonPresses	debug	0.0
2025-02-16 15:22:38:123	Fenix:drivetrain	debug	-0.0,-0.0,-0.0,-0.0,3.0,3.0,3.0,0.0
2025-02-16 15:22:38:134	Fenix:arm	debug	0.012288054616384917,13.00000238416429,1.0,7.0,0.03343810606567244,1.0,623.0
2025-02-16 15:22:38:136	Fenix:endEffector	debug	0.0,-93.00000000000001,0.3788888888888889
2025-02-16 15:22:38:137	Fenix:stateModels	debug	START, START, START, START, START, START, START, START, START, START
2025-02-16 15:22:38:139	Fenix:buttonPresses	debug	0.0
2025-02-16 15:22:38:171	Fenix:drivetrain	debug	-0.0,-0.0,-0.0,-0.0,3.0,3.0,3.0,3.0
2025-02-16 15:22:38:183	Fenix:arm	debug	0.012288054616384917,13.00000238416429,1.0,0.0,0.03343810606567244,1.0,641.0
2025-02-16 15:22:38:186	Fenix:endEffector	debug	0.0,-93.00000000000001,0.3788888888888889
2025-02-16 15:22:38:187	Fenix:stateModels	debug	START, START, START, START, START, START, START, START, START, START
2025-02-16 15:22:38:189	Fenix:buttonPresses	debug	0.0
2025-02-16 15:22:38:216	Fenix:drivetrain	debug	-0.0,-0.0,-0.0,-0.0,0.0,0.0,7.0,0.0
2025-02-16 15:22:38:229	Fenix:arm	debug	0.012288054616384917,13.00000238416429,1.0,7.0,0.03343810606567244,1.0,648.0
2025-02-16 15:22:38:234	Fenix:endEffector	debug	0.0,-93.00000000000001,0.3788888888888889
2025-02-16 15:22:38:235	Fenix:stateModels	debug	START, START, START, START, START, START, START, START, START, START
2025-02-16 15:22:38:238	Fenix:buttonPresses	debug	0.0
2025-02-16 15:22:38:263	Fenix:drivetrain	debug	-0.0,-0.0,-0.0,-0.0,3.0,0.0,3.0,3.0
2025-02-16 15:22:38:274	Fenix:arm	debug	0.012288054616384917,13.00000238416429,1.0,7.0,0.03343810606567244,1.0,645.0
2025-02-16 15:22:38:277	Fenix:endEffector	debug	0.0,-93.00000000000001,0.3788888888888889
2025-02-16 15:22:38:279	Fenix:stateModels	debug	START, START, START, START, START, START, START, START, START, START
2025-02-16 15:22:38:281	Fenix:buttonPresses	debug	0.0
2025-02-16 15:22:38:310	Fenix:drivetrain	debug	-0.0,-0.0,-0.0,-0.0,3.0,0.0,3.0,3.0
2025-02-16 15:22:38:322	Fenix:arm	debug	0.012288054616384917,13.00000238416429,1.0,10.0,0.03343810606567244,1.0,652.0
2025-02-16 15:22:38:325	Fenix:endEffector	debug	0.0,-93.00000000000001,0.3788888888888889
2025-02-16 15:22:38:328	Fenix:stateModels	debug	START, START, START, START, START, START, START, START, START, START
2025-02-16 15:22:38:330	Fenix:buttonPresses	debug	0.0
2025-02-16 15:22:38:358	Fenix:drivetrain	debug	-0.0,-0.0,-0.0,-0.0,3.0,0.0,3.0,3.0
2025-02-16 15:22:38:370	Fenix:arm	debug	0.012288054616384917,13.00000238416429,1.0,0.0,0.03343810606567244,1.0,652.0
2025-02-16 15:22:38:372	Fenix:endEffector	debug	0.0,-93.00000000000001,0.3788888888888889
2025-02-16 15:22:38:374	Fenix:stateModels	debug	START, START, START, START, START, START, START, START, START, START
2025-02-16 15:22:38:376	Fenix:buttonPresses	debug	0.0
2025-02-16 15:22:38:410	Fenix:drivetrain	debug	0.0,-0.0,-0.0,-0.0,3.0,3.0,7.0,3.0
2025-02-16 15:22:38:421	Fenix:arm	debug	0.012288054616384917,13.00000238416429,1.0,3.0,0.03343810606567244,1.0,656.0
2025-02-16 15:22:38:424	Fenix:endEffector	debug	0.0,-93.00000000000001,0.3788888888888889
2025-02-16 15:22:38:426	Fenix:stateModels	debug	START, START, START, START, START, START, START, START, START, START
2025-02-16 15:22:38:427	Fenix:buttonPresses	debug	0.0
2025-02-16 15:22:38:477	Fenix:drivetrain	debug	0.6622919777346404,-0.6622919777346405,-0.6622931555293676,-0.6622919777346405,3499.0,3043.0,3739.0,2963.0
2025-02-16 15:22:38:491	Fenix:arm	debug	0.012288054616384917,13.00000238416429,1.0,0.0,0.03343810606567244,1.0,488.0
2025-02-16 15:22:38:494	Fenix:endEffector	debug	0.0,-93.00000000000001,0.3788888888888889
2025-02-16 15:22:38:497	Fenix:stateModels	debug	START, START, START, START, START, START, START, START, START, START
2025-02-16 15:22:38:499	Fenix:buttonPresses	debug	0.0
2025-02-16 15:22:38:537	Fenix:drivetrain	debug	-0.0,-0.0,-0.0,-0.0,1775.0,1297.0,1272.0,1388.0
2025-02-16 15:22:38:548	Fenix:arm	debug	0.0,13.00000238416429,1.0,149.0,0.03343810606567244,1.0,663.0
2025-02-16 15:22:38:551	Fenix:endEffector	debug	0.0,-93.00000000000001,0.3788888888888889
2025-02-16 15:22:38:553	Fenix:stateModels	debug	START, START, START, START, START, START, START, START, START, START
2025-02-16 15:22:38:555	Fenix:buttonPresses	debug	0.0
2025-02-16 15:22:38:592	Fenix:drivetrain	debug	-0.0,-0.0,-0.0,-0.0,65.0,87.0,83.0,51.0
2025-02-16 15:22:38:612	Fenix:arm	debug	0.0737283276983095,13.00000238416429,1.0,291.0,0.03343810606567244,1.0,841.0
2025-02-16 15:22:38:615	Fenix:endEffector	debug	0.0,-93.00000000000001,0.3788888888888889
2025-02-16 15:22:38:617	Fenix:stateModels	debug	START, START, START, START, START, START, START, START, START, START
2025-02-16 15:22:38:619	Fenix:buttonPresses	debug	0.0
2025-02-16 15:22:38:645	Fenix:drivetrain	debug	-0.0,-0.0,-0.0,-0.0,7.0,7.0,7.0,7.0
2025-02-16 15:22:38:655	Fenix:arm	debug	0.06144027308192458,13.00000238416429,1.0,218.0,0.03343810606567244,1.0,867.0
2025-02-16 15:22:38:657	Fenix:endEffector	debug	0.0,-93.00000000000001,0.3788888888888889
2025-02-16 15:22:38:658	Fenix:stateModels	debug	START, START, START, START, START, START, START, START, START, START
2025-02-16 15:22:38:659	Fenix:buttonPresses	debug	0.0
2025-02-16 15:22:38:688	Fenix:drivetrain	debug	-0.0,-0.0,-0.0,-0.0,7.0,3.0,7.0,3.0
2025-02-16 15:22:38:697	Fenix:arm	debug	0.06144027308192458,13.00000238416429,1.0,353.0,0.03343810606567244,1.0,867.0
2025-02-16 15:22:38:699	Fenix:endEffector	debug	0.0,-93.00000000000001,0.3788888888888889
2025-02-16 15:22:38:700	Fenix:stateModels	debug	START, START, START, START, START, START, START, START, START, START
2025-02-16 15:22:38:701	Fenix:buttonPresses	debug	0.0
2025-02-16 15:22:38:726	Fenix:drivetrain	debug	-0.0,-0.0,-0.0,-0.0,3.0,0.0,3.0,3.0
2025-02-16 15:22:38:739	Fenix:arm	debug	0.06144027308192458,13.00000238416429,1.0,371.0,0.03343810606567244,1.0,882.0
2025-02-16 15:22:38:744	Fenix:endEffector	debug	0.0,-93.00000000000001,0.3788888888888889
2025-02-16 15:22:38:745	Fenix:stateModels	debug	START, START, START, START, START, START, START, START, START, START
2025-02-16 15:22:38:747	Fenix:buttonPresses	debug	0.0
2025-02-16 15:22:38:773	Fenix:drivetrain	debug	-0.0,-0.0,-0.0,-0.0,3.0,3.0,7.0,3.0
2025-02-16 15:22:38:784	Fenix:arm	debug	0.06144027308192458,13.00000238416429,1.0,357.0,0.03343810606567244,1.0,889.0
2025-02-16 15:22:38:786	Fenix:endEffector	debug	0.0,-93.00000000000001,0.3788888888888889
2025-02-16 15:22:38:787	Fenix:stateModels	debug	START, START, START, START, START, START, START, START, START, START
2025-02-16 15:22:38:789	Fenix:buttonPresses	debug	0.0
2025-02-16 15:22:38:816	Fenix:drivetrain	debug	-0.0,-0.0,-0.0,-0.0,3.0,0.0,7.0,3.0
2025-02-16 15:22:38:827	Fenix:arm	debug	0.06144027308192458,13.00000238416429,1.0,379.0,0.03343810606567244,1.0,896.0
2025-02-16 15:22:38:830	Fenix:endEffector	debug	0.0,-93.00000000000001,0.3788888888888889
2025-02-16 15:22:38:832	Fenix:stateModels	debug	START, START, START, START, START, START, START, START, START, START
2025-02-16 15:22:38:834	Fenix:buttonPresses	debug	0.0
2025-02-16 15:22:38:861	Fenix:drivetrain	debug	-0.0,-0.0,-0.0,-0.0,3.0,0.0,3.0,0.0
2025-02-16 15:22:38:874	Fenix:arm	debug	0.06144027308192458,13.00000238416429,1.0,368.0,0.03343810606567244,1.0,900.0
2025-02-16 15:22:38:876	Fenix:endEffector	debug	0.0,-93.00000000000001,0.3788888888888889
2025-02-16 15:22:38:878	Fenix:stateModels	debug	START, START, START, START, START, START, START, START, START, START
2025-02-16 15:22:38:880	Fenix:buttonPresses	debug	0.0
2025-02-16 15:22:38:907	Fenix:drivetrain	debug	-0.0,-0.0,-0.0,-0.0,3.0,0.0,3.0,0.0
2025-02-16 15:22:38:918	Fenix:arm	debug	0.06144027308192458,13.00000238416429,1.0,382.0,0.03343810606567244,1.0,903.0
2025-02-16 15:22:38:920	Fenix:endEffector	debug	0.0,-93.00000000000001,0.3788888888888889
2025-02-16 15:22:38:921	Fenix:stateModels	debug	START, START, START, START, START, START, START, START, START, START
2025-02-16 15:22:38:923	Fenix:buttonPresses	debug	0.0
2025-02-16 15:22:38:949	Fenix:drivetrain	debug	-0.0,-0.0,-0.0,-0.0,3.0,0.0,3.0,0.0
2025-02-16 15:22:38:961	Fenix:arm	debug	0.06144027308192458,13.00000238416429,1.0,382.0,0.03343810606567244,1.0,911.0
2025-02-16 15:22:38:962	Fenix:endEffector	debug	0.0,-93.00000000000001,0.3788888888888889
2025-02-16 15:22:38:964	Fenix:stateModels	debug	START, START, START, START, START, START, START, START, START, START
2025-02-16 15:22:38:965	Fenix:buttonPresses	debug	0.0
2025-02-16 15:22:39:002	Fenix:drivetrain	debug	-0.0,-0.0,-0.0,-0.0,0.0,0.0,3.0,0.0
2025-02-16 15:22:39:015	Fenix:arm	debug	0.06144027308192458,13.00000238416429,1.0,375.0,0.03343810606567244,1.0,907.0
2025-02-16 15:22:39:018	Fenix:endEffector	debug	0.0,-93.00000000000001,0.3788888888888889
2025-02-16 15:22:39:019	Fenix:stateModels	debug	START, START, START, START, START, START, START, START, START, START
2025-02-16 15:22:39:021	Fenix:buttonPresses	debug	0.0
2025-02-16 15:22:39:080	Fenix:drivetrain	debug	0.0,-0.0,-0.0,-0.0,0.0,3.0,3.0,0.0
2025-02-16 15:22:39:093	Fenix:arm	debug	0.0,13.00000238416429,1.0,375.0,0.03343810606567244,1.0,918.0
2025-02-16 15:22:39:095	Fenix:endEffector	debug	0.0,-93.00000000000001,0.3788888888888889
2025-02-16 15:22:39:097	Fenix:stateModels	debug	START, START, START, START, START, START, START, START, START, START
2025-02-16 15:22:39:099	Fenix:buttonPresses	debug	0.0
2025-02-16 15:22:39:132	Fenix:drivetrain	debug	0.0,-0.0,-0.0,-0.0,3.0,0.0,3.0,0.0
2025-02-16 15:22:39:144	Fenix:arm	debug	0.0,13.00000238416429,1.0,18.0,0.03343810606567244,1.0,914.0
2025-02-16 15:22:39:146	Fenix:endEffector	debug	0.0,-93.00000000000001,0.3788888888888889
2025-02-16 15:22:39:148	Fenix:stateModels	debug	START, START, START, START, START, START, START, START, START, START
2025-02-16 15:22:39:150	Fenix:buttonPresses	debug	0.0
2025-02-16 15:22:39:185	Fenix:drivetrain	debug	0.0,-0.0,-0.0,-0.0,3.0,3.0,3.0,0.0
2025-02-16 15:22:39:199	Fenix:arm	debug	0.0,13.00000238416429,1.0,10.0,0.03343810606567244,1.0,922.0
2025-02-16 15:22:39:201	Fenix:endEffector	debug	0.0,-93.00000000000001,0.3788888888888889
2025-02-16 15:22:39:203	Fenix:stateModels	debug	START, START, START, START, START, START, START, START, START, START
2025-02-16 15:22:39:205	Fenix:buttonPresses	debug	0.0
2025-02-16 15:22:39:234	Fenix:drivetrain	debug	0.0,-0.0,-0.0,-0.0,3.0,0.0,3.0,3.0
2025-02-16 15:22:39:250	Fenix:arm	debug	0.0,13.00000238416429,1.0,10.0,0.03343810606567244,1.0,922.0
2025-02-16 15:22:39:255	Fenix:endEffector	debug	0.0,-93.00000000000001,0.3788888888888889
2025-02-16 15:22:39:257	Fenix:stateModels	debug	START, START, START, START, START, START, START, START, START, START
2025-02-16 15:22:39:259	Fenix:buttonPresses	debug	0.0
2025-02-16 15:22:39:288	Fenix:drivetrain	debug	0.0,-0.0,-0.0,-0.0,3.0,0.0,7.0,0.0
2025-02-16 15:22:39:301	Fenix:arm	debug	0.0,13.00000238416429,1.0,3.0,0.03343810606567244,1.0,925.0
2025-02-16 15:22:39:303	Fenix:endEffector	debug	0.0,-93.00000000000001,0.3788888888888889
2025-02-16 15:22:39:305	Fenix:stateModels	debug	START, START, START, START, START, START, START, START, START, START
2025-02-16 15:22:39:307	Fenix:buttonPresses	debug	0.0
2025-02-16 15:22:39:337	Fenix:drivetrain	debug	0.0,-0.0,-0.0,-0.0,3.0,0.0,7.0,3.0
2025-02-16 15:22:39:349	Fenix:arm	debug	0.0,13.00000238416429,1.0,7.0,0.03343810606567244,1.0,922.0
2025-02-16 15:22:39:352	Fenix:endEffector	debug	0.0,-93.00000000000001,0.3788888888888889
2025-02-16 15:22:39:354	Fenix:stateModels	debug	START, START, START, START, START, START, START, START, START, START
2025-02-16 15:22:39:356	Fenix:buttonPresses	debug	0.0
2025-02-16 15:22:39:384	Fenix:drivetrain	debug	0.0,-0.0,-0.0,-0.0,3.0,0.0,3.0,0.0
2025-02-16 15:22:39:396	Fenix:arm	debug	0.0,13.00000238416429,1.0,3.0,0.03343810606567244,1.0,922.0
2025-02-16 15:22:39:398	Fenix:endEffector	debug	0.0,-93.00000000000001,0.3788888888888889
2025-02-16 15:22:39:400	Fenix:stateModels	debug	START, START, START, START, START, START, START, START, START, START
2025-02-16 15:22:39:401	Fenix:buttonPresses	debug	0.0
2025-02-16 15:22:39:428	Fenix:drivetrain	debug	0.0,-0.0,-0.0,-0.0,3.0,3.0,3.0,0.0
2025-02-16 15:22:39:439	Fenix:arm	debug	0.0,13.00000238416429,1.0,0.0,0.03343810606567244,1.0,925.0
2025-02-16 15:22:39:441	Fenix:endEffector	debug	0.0,-93.00000000000001,0.3788888888888889
2025-02-16 15:22:39:443	Fenix:stateModels	debug	START, START, START, START, START, START, START, START, START, START
2025-02-16 15:22:39:445	Fenix:buttonPresses	debug	0.0
2025-02-16 15:22:39:475	Fenix:drivetrain	debug	0.0,-0.0,-0.0,-0.0,0.0,0.0,3.0,0.0
2025-02-16 15:22:39:488	Fenix:arm	debug	0.0,13.00000238416429,1.0,3.0,0.03343810606567244,1.0,925.0
2025-02-16 15:22:39:490	Fenix:endEffector	debug	0.0,-93.00000000000001,0.3788888888888889
2025-02-16 15:22:39:493	Fenix:stateModels	debug	START, START, START, START, START, START, START, START, START, START
2025-02-16 15:22:39:495	Fenix:buttonPresses	debug	0.0
2025-02-16 15:22:39:533	Fenix:drivetrain	debug	0.0,-0.0,-0.0,-0.0,0.0,0.0,3.0,3.0
2025-02-16 15:22:39:547	Fenix:arm	debug	0.0,13.00000238416429,1.0,0.0,0.03343810606567244,1.0,925.0
2025-02-16 15:22:39:550	Fenix:endEffector	debug	0.0,-93.00000000000001,0.3788888888888889
2025-02-16 15:22:39:552	Fenix:stateModels	debug	START, START, START, START, START, START, START, START, START, START
2025-02-16 15:22:39:554	Fenix:buttonPresses	debug	0.0
2025-02-16 15:22:39:590	Fenix:drivetrain	debug	0.0,-0.0,-0.0,-0.0,0.0,0.0,3.0,0.0
2025-02-16 15:22:39:607	Fenix:arm	debug	0.0,13.00000238416429,1.0,0.0,0.03343810606567244,1.0,925.0
2025-02-16 15:22:39:609	Fenix:endEffector	debug	0.0,-93.00000000000001,0.3788888888888889
2025-02-16 15:22:39:611	Fenix:stateModels	debug	START, START, START, START, START, START, START, START, START, START
2025-02-16 15:22:39:613	Fenix:buttonPresses	debug	0.0
2025-02-16 15:22:39:649	Fenix:drivetrain	debug	0.0,-0.0,-0.0,-0.0,3.0,0.0,7.0,0.0
2025-02-16 15:22:39:662	Fenix:arm	debug	0.0,13.00000238416429,1.0,0.0,0.03343810606567244,1.0,1013.0000000000001
2025-02-16 15:22:39:665	Fenix:endEffector	debug	0.0,-93.00000000000001,0.3788888888888889
2025-02-16 15:22:39:669	Fenix:stateModels	debug	START, START, START, START, START, START, START, START, START, START
2025-02-16 15:22:39:671	Fenix:buttonPresses	debug	0.0
2025-02-16 15:22:39:711	Fenix:drivetrain	debug	0.0,-0.0,-0.0,-0.0,3.0,0.0,3.0,3.0
2025-02-16 15:22:39:724	Fenix:arm	debug	0.0,13.00000238416429,1.0,0.0,0.03343810606567244,1.0,1049.0
2025-02-16 15:22:39:726	Fenix:endEffector	debug	0.0,-93.00000000000001,0.3788888888888889
2025-02-16 15:22:39:728	Fenix:stateModels	debug	START, START, START, START, START, START, START, START, START, START
2025-02-16 15:22:39:730	Fenix:buttonPresses	debug	0.0
2025-02-16 15:22:39:759	Fenix:drivetrain	debug	0.0,-0.0,-0.0,-0.0,3.0,0.0,3.0,3.0
2025-02-16 15:22:39:772	Fenix:arm	debug	0.0,13.00000238416429,1.0,0.0,0.03343810606567244,1.0,1057.0
2025-02-16 15:22:39:777	Fenix:endEffector	debug	0.0,-93.00000000000001,0.3788888888888889
2025-02-16 15:22:39:778	Fenix:stateModels	debug	START, START, START, START, START, START, START, START, START, START
2025-02-16 15:22:39:780	Fenix:buttonPresses	debug	0.0
2025-02-16 15:22:39:810	Fenix:drivetrain	debug	0.0,-0.0,-0.0,-0.0,3.0,3.0,3.0,3.0
2025-02-16 15:22:39:822	Fenix:arm	debug	0.0,13.00000238416429,1.0,3.0,0.03343810606567244,1.0,1060.0
2025-02-16 15:22:39:824	Fenix:endEffector	debug	0.0,-93.00000000000001,0.3788888888888889
2025-02-16 15:22:39:826	Fenix:stateModels	debug	START, START, START, START, START, START, START, START, START, START
2025-02-16 15:22:39:828	Fenix:buttonPresses	debug	0.0
2025-02-16 15:22:39:858	Fenix:drivetrain	debug	0.0,-0.0,-0.0,-0.0,0.0,0.0,3.0,0.0
2025-02-16 15:22:39:869	Fenix:arm	debug	0.0,13.00000238416429,1.0,10.0,0.03343810606567244,1.0,1064.0
2025-02-16 15:22:39:871	Fenix:endEffector	debug	0.0,-93.00000000000001,0.3788888888888889
2025-02-16 15:22:39:872	Fenix:stateModels	debug	START, START, START, START, START, START, START, START, START, START
2025-02-16 15:22:39:874	Fenix:buttonPresses	debug	0.0
2025-02-16 15:22:39:901	Fenix:drivetrain	debug	0.0,-0.0,-0.0,-0.0,3.0,0.0,3.0,0.0
2025-02-16 15:22:39:912	Fenix:arm	debug	0.0,13.00000238416429,1.0,0.0,0.03343810606567244,1.0,1071.0
2025-02-16 15:22:39:914	Fenix:endEffector	debug	0.0,-93.00000000000001,0.3788888888888889
2025-02-16 15:22:39:916	Fenix:stateModels	debug	START, START, START, START, START, START, START, START, START, START
2025-02-16 15:22:39:918	Fenix:buttonPresses	debug	0.0
2025-02-16 15:22:39:945	Fenix:drivetrain	debug	0.0,-0.0,-0.0,-0.0,3.0,0.0,3.0,0.0
2025-02-16 15:22:39:955	Fenix:arm	debug	0.0,13.00000238416429,1.0,14.0,0.03343810606567244,1.0,1071.0
2025-02-16 15:22:39:957	Fenix:endEffector	debug	0.0,-93.00000000000001,0.3788888888888889
2025-02-16 15:22:39:959	Fenix:stateModels	debug	START, START, START, START, START, START, START, START, START, START
2025-02-16 15:22:39:961	Fenix:buttonPresses	debug	0.0
2025-02-16 15:22:39:988	Fenix:drivetrain	debug	0.0,-0.0,-0.0,-0.0,3.0,3.0,3.0,3.0
2025-02-16 15:22:39:998	Fenix:arm	debug	0.0,13.00000238416429,1.0,3.0,0.03343810606567244,1.0,1078.0
2025-02-16 15:22:40:000	Fenix:endEffector	debug	0.0,-93.00000000000001,0.3788888888888889
2025-02-16 15:22:40:002	Fenix:stateModels	debug	START, START, START, START, START, START, START, START, START, START
2025-02-16 15:22:40:003	Fenix:buttonPresses	debug	0.0
2025-02-16 15:22:40:040	Fenix:drivetrain	debug	0.0,-0.0,-0.0,-0.0,3.0,0.0,3.0,3.0
2025-02-16 15:22:40:054	Fenix:arm	debug	0.0,13.00000238416429,1.0,10.0,0.03343810606567244,1.0,1078.0
2025-02-16 15:22:40:057	Fenix:endEffector	debug	0.0,-93.00000000000001,0.3788888888888889
2025-02-16 15:22:40:059	Fenix:stateModels	debug	START, START, START, START, START, START, START, START, START, START
2025-02-16 15:22:40:061	Fenix:buttonPresses	debug	0.0
2025-02-16 15:22:40:098	Fenix:drivetrain	debug	0.0,-0.0,-0.0,-0.0,0.0,0.0,3.0,3.0
2025-02-16 15:22:40:112	Fenix:arm	debug	0.0,13.00000238416429,1.0,10.0,0.03343810606567244,1.0,1082.0
2025-02-16 15:22:40:114	Fenix:endEffector	debug	0.0,-93.00000000000001,0.3788888888888889
2025-02-16 15:22:40:116	Fenix:stateModels	debug	START, START, START, START, START, START, START, START, START, START
2025-02-16 15:22:40:118	Fenix:buttonPresses	debug	0.0
2025-02-16 15:22:40:151	Fenix:drivetrain	debug	0.0,-0.0,-0.0,-0.0,3.0,0.0,3.0,3.0
2025-02-16 15:22:40:163	Fenix:arm	debug	0.0,13.00000238416429,1.0,0.0,0.03343810606567244,1.0,1195.0
2025-02-16 15:22:40:165	Fenix:endEffector	debug	0.0,-93.00000000000001,0.3788888888888889
2025-02-16 15:22:40:167	Fenix:stateModels	debug	START, START, START, START, START, START, START, START, START, START
2025-02-16 15:22:40:169	Fenix:buttonPresses	debug	0.0
2025-02-16 15:22:40:205	Fenix:drivetrain	debug	0.0,-0.0,-0.0,-0.0,0.0,0.0,3.0,3.0
2025-02-16 15:22:40:217	Fenix:arm	debug	0.0,13.00000238416429,1.0,14.0,0.03343810606567244,1.0,1224.0
2025-02-16 15:22:40:219	Fenix:endEffector	debug	0.0,-93.00000000000001,0.3788888888888889
2025-02-16 15:22:40:221	Fenix:stateModels	debug	START, START, START, START, START, START, START, START, START, START
2025-02-16 15:22:40:223	Fenix:buttonPresses	debug	0.0
2025-02-16 15:22:40:248	Fenix:drivetrain	debug	0.0,-0.0,-0.0,-0.0,3.0,0.0,7.0,3.0
2025-02-16 15:22:40:258	Fenix:arm	debug	0.0,13.00000238416429,1.0,3.0,0.03343810606567244,1.0,1232.0
2025-02-16 15:22:40:260	Fenix:endEffector	debug	0.0,-93.00000000000001,0.3788888888888889
2025-02-16 15:22:40:262	Fenix:stateModels	debug	START, START, START, START, START, START, START, START, START, START
2025-02-16 15:22:40:263	Fenix:buttonPresses	debug	0.0
2025-02-16 15:22:40:288	Fenix:drivetrain	debug	0.0,-0.0,-0.0,-0.0,0.0,0.0,3.0,0.0
2025-02-16 15:22:40:299	Fenix:arm	debug	0.0,13.00000238416429,1.0,3.0,0.03343810606567244,1.0,1235.0
2025-02-16 15:22:40:303	Fenix:endEffector	debug	0.0,-93.00000000000001,0.3788888888888889
2025-02-16 15:22:40:305	Fenix:stateModels	debug	START, START, START, START, START, START, START, START, START, START
2025-02-16 15:22:40:307	Fenix:buttonPresses	debug	0.0
2025-02-16 15:22:40:333	Fenix:drivetrain	debug	0.0,-0.0,-0.0,-0.0,3.0,0.0,3.0,0.0
2025-02-16 15:22:40:344	Fenix:arm	debug	0.0,13.00000238416429,1.0,3.0,0.03343810606567244,1.0,1242.0
2025-02-16 15:22:40:347	Fenix:endEffector	debug	0.0,-93.00000000000001,0.3788888888888889
2025-02-16 15:22:40:349	Fenix:stateModels	debug	START, START, START, START, START, START, START, START, START, START
2025-02-16 15:22:40:351	Fenix:buttonPresses	debug	0.0
2025-02-16 15:22:40:381	Fenix:drivetrain	debug	0.0,-0.0,-0.0,-0.0,3.0,0.0,3.0,3.0
2025-02-16 15:22:40:392	Fenix:arm	debug	0.0,13.00000238416429,1.0,3.0,0.03343810606567244,1.0,1242.0
2025-02-16 15:22:40:394	Fenix:endEffector	debug	0.0,-93.00000000000001,0.3788888888888889
2025-02-16 15:22:40:396	Fenix:stateModels	debug	START, START, START, START, START, START, START, START, START, START
2025-02-16 15:22:40:397	Fenix:buttonPresses	debug	0.0
2025-02-16 15:22:40:423	Fenix:drivetrain	debug	0.0,-0.0,-0.0,-0.0,0.0,0.0,3.0,3.0
2025-02-16 15:22:40:434	Fenix:arm	debug	0.0,13.00000238416429,1.0,10.0,0.03343810606567244,1.0,1246.0
2025-02-16 15:22:40:437	Fenix:endEffector	debug	0.0,-93.00000000000001,0.3788888888888889
2025-02-16 15:22:40:439	Fenix:stateModels	debug	START, START, START, START, START, START, START, START, START, START
2025-02-16 15:22:40:440	Fenix:buttonPresses	debug	0.0
2025-02-16 15:22:40:466	Fenix:drivetrain	debug	0.0,-0.0,-0.0,-0.0,3.0,3.0,3.0,0.0
2025-02-16 15:22:40:477	Fenix:arm	debug	0.0,13.00000238416429,1.0,3.0,0.03343810606567244,1.0,1250.0
2025-02-16 15:22:40:479	Fenix:endEffector	debug	0.0,-93.00000000000001,0.3788888888888889
2025-02-16 15:22:40:480	Fenix:stateModels	debug	START, START, START, START, START, START, START, START, START, START
2025-02-16 15:22:40:482	Fenix:buttonPresses	debug	0.0
2025-02-16 15:22:40:508	Fenix:drivetrain	debug	0.0,-0.0,-0.0,-0.0,3.0,3.0,3.0,3.0
2025-02-16 15:22:40:519	Fenix:arm	debug	0.0,13.00000238416429,1.0,0.0,0.03343810606567244,1.0,1250.0
2025-02-16 15:22:40:521	Fenix:endEffector	debug	0.0,-93.00000000000001,0.3788888888888889
2025-02-16 15:22:40:524	Fenix:stateModels	debug	START, START, START, START, START, START, START, START, START, START
2025-02-16 15:22:40:526	Fenix:buttonPresses	debug	0.0
2025-02-16 15:22:40:566	Fenix:drivetrain	debug	0.0,-0.0,-0.0,-0.0,0.0,0.0,3.0,3.0
2025-02-16 15:22:40:581	Fenix:arm	debug	0.0,13.00000238416429,1.0,10.0,0.03343810606567244,1.0,1250.0
2025-02-16 15:22:40:585	Fenix:endEffector	debug	0.0,-93.00000000000001,0.3788888888888889
2025-02-16 15:22:40:587	Fenix:stateModels	debug	START, START, START, START, START, START, START, START, START, START
2025-02-16 15:22:40:589	Fenix:buttonPresses	debug	0.0
2025-02-16 15:22:40:625	Fenix:drivetrain	debug	0.0,-0.0,-0.0,-0.0,0.0,0.0,3.0,0.0
2025-02-16 15:22:40:640	Fenix:arm	debug	0.0,13.00000238416429,1.0,10.0,0.03343810606567244,1.0,1257.0
2025-02-16 15:22:40:643	Fenix:endEffector	debug	0.0,-93.00000000000001,0.3788888888888889
2025-02-16 15:22:40:645	Fenix:stateModels	debug	START, START, START, START, START, START, START, START, START, START
2025-02-16 15:22:40:647	Fenix:buttonPresses	debug	0.0
2025-02-16 15:22:40:682	Fenix:drivetrain	debug	0.0,-0.0,-0.0,-0.0,0.0,3.0,3.0,3.0
2025-02-16 15:22:40:695	Fenix:arm	debug	0.0,13.00000238416429,1.0,0.0,0.03343810606567244,1.0,1250.0
2025-02-16 15:22:40:699	Fenix:endEffector	debug	0.0,-93.00000000000001,0.3788888888888889
2025-02-16 15:22:40:701	Fenix:stateModels	debug	START, START, START, START, START, START, START, START, START, START
2025-02-16 15:22:40:704	Fenix:buttonPresses	debug	0.0
2025-02-16 15:22:40:742	Fenix:drivetrain	debug	0.0,-0.0,-0.0,-0.0,3.0,0.0,3.0,0.0
2025-02-16 15:22:40:753	Fenix:arm	debug	0.0,13.00000238416429,1.0,10.0,0.03343810606567244,1.0,1253.0
2025-02-16 15:22:40:756	Fenix:endEffector	debug	0.0,-93.00000000000001,0.3788888888888889
2025-02-16 15:22:40:758	Fenix:stateModels	debug	START, START, START, START, START, START, START, START, START, START
2025-02-16 15:22:40:760	Fenix:buttonPresses	debug	0.0
2025-02-16 15:22:40:788	Fenix:drivetrain	debug	0.0,-0.0,-0.0,-0.0,3.0,0.0,7.0,0.0
2025-02-16 15:22:40:805	Fenix:arm	debug	0.0,13.00000238416429,1.0,3.0,0.03343810606567244,1.0,1250.0
2025-02-16 15:22:40:810	Fenix:endEffector	debug	0.0,-93.00000000000001,0.3788888888888889
2025-02-16 15:22:40:812	Fenix:stateModels	debug	START, START, START, START, START, START, START, START, START, START
2025-02-16 15:22:40:814	Fenix:buttonPresses	debug	0.0
2025-02-16 15:22:40:843	Fenix:drivetrain	debug	0.0,-0.0,-0.0,-0.0,3.0,3.0,3.0,3.0
2025-02-16 15:22:40:859	Fenix:arm	debug	0.0,13.00000238416429,1.0,10.0,0.03343810606567244,1.0,1257.0
2025-02-16 15:22:40:863	Fenix:endEffector	debug	0.0,-93.00000000000001,0.3788888888888889
2025-02-16 15:22:40:866	Fenix:stateModels	debug	START, START, START, START, START, START, START, START, START, START
2025-02-16 15:22:40:869	Fenix:buttonPresses	debug	0.0
2025-02-16 15:22:40:900	Fenix:drivetrain	debug	0.0,-0.0,-0.0,-0.0,0.0,0.0,3.0,0.0
2025-02-16 15:22:40:911	Fenix:arm	debug	0.0,13.00000238416429,1.0,0.0,0.03343810606567244,1.0,1253.0
2025-02-16 15:22:40:913	Fenix:endEffector	debug	0.0,-93.00000000000001,0.3788888888888889
2025-02-16 15:22:40:915	Fenix:stateModels	debug	START, START, START, START, START, START, START, START, START, START
2025-02-16 15:22:40:917	Fenix:buttonPresses	debug	0.0
2025-02-16 15:22:40:943	Fenix:drivetrain	debug	0.0,-0.0,-0.0,-0.0,3.0,0.0,7.0,7.0
2025-02-16 15:22:40:954	Fenix:arm	debug	0.0,13.00000238416429,1.0,3.0,0.03343810606567244,1.0,1257.0
2025-02-16 15:22:40:956	Fenix:endEffector	debug	0.0,-93.00000000000001,0.3788888888888889
2025-02-16 15:22:40:957	Fenix:stateModels	debug	START, START, START, START, START, START, START, START, START, START
2025-02-16 15:22:40:959	Fenix:buttonPresses	debug	0.0
2025-02-16 15:22:40:985	Fenix:drivetrain	debug	0.0,-0.0,-0.0,-0.0,3.0,3.0,3.0,3.0
2025-02-16 15:22:40:996	Fenix:arm	debug	0.0,13.00000238416429,1.0,0.0,0.03343810606567244,1.0,1253.0
2025-02-16 15:22:40:998	Fenix:endEffector	debug	0.0,-93.00000000000001,0.3788888888888889
2025-02-16 15:22:41:000	Fenix:stateModels	debug	START, START, START, START, START, START, START, START, START, START
2025-02-16 15:22:41:002	Fenix:buttonPresses	debug	0.0
2025-02-16 15:22:41:028	Fenix:drivetrain	debug	0.0,-0.0,-0.0,-0.0,3.0,0.0,3.0,3.0
2025-02-16 15:22:41:039	Fenix:arm	debug	0.0,13.00000238416429,1.0,10.0,0.03343810606567244,1.0,1257.0
2025-02-16 15:22:41:041	Fenix:endEffector	debug	0.0,-93.00000000000001,0.3788888888888889
2025-02-16 15:22:41:043	Fenix:stateModels	debug	START, START, START, START, START, START, START, START, START, START
2025-02-16 15:22:41:044	Fenix:buttonPresses	debug	0.0
2025-02-16 15:22:41:081	Fenix:drivetrain	debug	0.0,-0.0,-0.0,-0.0,3.0,0.0,3.0,0.0
2025-02-16 15:22:41:094	Fenix:arm	debug	0.0,13.00000238416429,1.0,3.0,0.03343810606567244,1.0,1319.0
2025-02-16 15:22:41:099	Fenix:endEffector	debug	0.0,-93.00000000000001,0.3788888888888889
2025-02-16 15:22:41:101	Fenix:stateModels	debug	START, START, START, START, START, START, START, START, START, START
2025-02-16 15:22:41:105	Fenix:buttonPresses	debug	0.0
2025-02-16 15:22:41:184	Fenix:drivetrain	debug	0.0,-0.0,-0.0,-0.0,3.0,0.0,7.0,3.0
2025-02-16 15:22:41:197	Fenix:arm	debug	0.0,13.00000238416429,1.0,7.0,0.03343810606567244,1.0,1370.0
2025-02-16 15:22:41:199	Fenix:endEffector	debug	0.0,-93.00000000000001,0.3788888888888889
2025-02-16 15:22:41:200	Fenix:stateModels	debug	START, START, START, START, START, START, START, START, START, START
2025-02-16 15:22:41:202	Fenix:buttonPresses	debug	0.0
2025-02-16 15:22:41:240	Fenix:drivetrain	debug	0.0,-0.0,-0.0,-0.0,3.0,3.0,3.0,3.0
2025-02-16 15:22:41:253	Fenix:arm	debug	0.0,13.00000238416429,1.0,7.0,0.03343810606567244,1.0,1377.0
2025-02-16 15:22:41:255	Fenix:endEffector	debug	0.0,-93.00000000000001,0.3788888888888889
2025-02-16 15:22:41:257	Fenix:stateModels	debug	START, START, START, START, START, START, START, START, START, START
2025-02-16 15:22:41:259	Fenix:buttonPresses	debug	0.0
2025-02-16 15:22:41:288	Fenix:drivetrain	debug	0.0,-0.0,-0.0,-0.0,0.0,3.0,3.0,3.0
2025-02-16 15:22:41:299	Fenix:arm	debug	0.0,13.00000238416429,1.0,3.0,0.03343810606567244,1.0,1377.0
2025-02-16 15:22:41:301	Fenix:endEffector	debug	0.0,-93.00000000000001,0.3788888888888889
2025-02-16 15:22:41:303	Fenix:stateModels	debug	START, START, START, START, START, START, START, START, START, START
2025-02-16 15:22:41:305	Fenix:buttonPresses	debug	0.0
2025-02-16 15:22:41:333	Fenix:drivetrain	debug	0.0,-0.0,-0.0,-0.0,0.0,3.0,3.0,0.0
2025-02-16 15:22:41:347	Fenix:arm	debug	0.0,13.00000238416429,1.0,0.0,0.03343810606567244,1.0,1377.0
2025-02-16 15:22:41:352	Fenix:endEffector	debug	0.0,-93.00000000000001,0.3788888888888889
2025-02-16 15:22:41:354	Fenix:stateModels	debug	START, START, START, START, START, START, START, START, START, START
2025-02-16 15:22:41:357	Fenix:buttonPresses	debug	0.0
2025-02-16 15:22:41:389	Fenix:drivetrain	debug	0.0,-0.0,-0.0,-0.0,3.0,0.0,3.0,3.0
2025-02-16 15:22:41:401	Fenix:arm	debug	0.0,13.00000238416429,1.0,0.0,0.03343810606567244,1.0,1385.0
2025-02-16 15:22:41:403	Fenix:endEffector	debug	0.0,-93.00000000000001,0.3788888888888889
2025-02-16 15:22:41:405	Fenix:stateModels	debug	START, START, START, START, START, START, START, START, START, START
2025-02-16 15:22:41:408	Fenix:buttonPresses	debug	0.0
2025-02-16 15:22:41:436	Fenix:drivetrain	debug	0.0,-0.0,-0.0,-0.0,3.0,0.0,3.0,0.0
2025-02-16 15:22:41:447	Fenix:arm	debug	0.0,13.00000238416429,1.0,0.0,0.03343810606567244,1.0,1388.0
2025-02-16 15:22:41:449	Fenix:endEffector	debug	0.0,-93.00000000000001,0.3788888888888889
2025-02-16 15:22:41:451	Fenix:stateModels	debug	START, START, START, START, START, START, START, START, START, START
2025-02-16 15:22:41:453	Fenix:buttonPresses	debug	0.0
2025-02-16 15:22:41:480	Fenix:drivetrain	debug	0.0,-0.0,-0.0,-0.0,3.0,0.0,3.0,14.0
2025-02-16 15:22:41:491	Fenix:arm	debug	0.0,13.00000238416429,1.0,0.0,0.03343810606567244,1.0,1385.0
2025-02-16 15:22:41:493	Fenix:endEffector	debug	0.0,-93.00000000000001,0.3788888888888889
2025-02-16 15:22:41:494	Fenix:stateModels	debug	START, START, START, START, START, START, START, START, START, START
2025-02-16 15:22:41:496	Fenix:buttonPresses	debug	0.0
2025-02-16 15:22:41:522	Fenix:drivetrain	debug	0.0,-0.0,-0.0,-0.0,0.0,0.0,3.0,7.0
2025-02-16 15:22:41:533	Fenix:arm	debug	0.0,13.00000238416429,1.0,3.0,0.03343810606567244,1.0,1388.0
2025-02-16 15:22:41:535	Fenix:endEffector	debug	0.0,-93.00000000000001,0.3788888888888889
2025-02-16 15:22:41:536	Fenix:stateModels	debug	START, START, START, START, START, START, START, START, START, START
2025-02-16 15:22:41:538	Fenix:buttonPresses	debug	0.0
2025-02-16 15:22:41:563	Fenix:drivetrain	debug	0.0,-0.0,-0.0,-0.0,3.0,0.0,7.0,0.0
2025-02-16 15:22:41:573	Fenix:arm	debug	0.0,13.00000238416429,1.0,10.0,0.03343810606567244,1.0,1385.0
2025-02-16 15:22:41:575	Fenix:endEffector	debug	0.0,-93.00000000000001,0.3788888888888889
2025-02-16 15:22:41:577	Fenix:stateModels	debug	START, START, START, START, START, START, START, START, START, START
2025-02-16 15:22:41:578	Fenix:buttonPresses	debug	0.0
2025-02-16 15:22:41:614	Fenix:drivetrain	debug	0.0,-0.0,-0.0,-0.0,0.0,0.0,3.0,0.0
2025-02-16 15:22:41:627	Fenix:arm	debug	0.0,13.00000238416429,1.0,3.0,0.03343810606567244,1.0,1392.0
2025-02-16 15:22:41:630	Fenix:endEffector	debug	0.0,-93.00000000000001,0.3788888888888889
2025-02-16 15:22:41:632	Fenix:stateModels	debug	START, START, START, START, START, START, START, START, START, START
2025-02-16 15:22:41:634	Fenix:buttonPresses	debug	0.0
2025-02-16 15:22:41:667	Fenix:drivetrain	debug	0.0,-0.0,-0.0,-0.0,3.0,0.0,3.0,3.0
2025-02-16 15:22:41:683	Fenix:arm	debug	0.0,13.00000238416429,1.0,7.0,0.03343810606567244,1.0,1392.0
2025-02-16 15:22:41:685	Fenix:endEffector	debug	0.0,-93.00000000000001,0.3788888888888889
2025-02-16 15:22:41:687	Fenix:stateModels	debug	START, START, START, START, START, START, START, START, START, START
2025-02-16 15:22:41:689	Fenix:buttonPresses	debug	0.0
2025-02-16 15:22:41:718	Fenix:drivetrain	debug	0.0,-0.0,-0.0,-0.0,0.0,0.0,3.0,0.0
2025-02-16 15:22:41:729	Fenix:arm	debug	0.0,13.00000238416429,1.0,7.0,0.03343810606567244,1.0,1392.0
2025-02-16 15:22:41:731	Fenix:endEffector	debug	0.0,-93.00000000000001,0.3788888888888889
2025-02-16 15:22:41:733	Fenix:stateModels	debug	START, START, START, START, START, START, START, START, START, START
2025-02-16 15:22:41:734	Fenix:buttonPresses	debug	0.0
2025-02-16 15:22:41:769	Fenix:drivetrain	debug	0.0,-0.0,-0.0,-0.0,3.0,0.0,3.0,0.0
2025-02-16 15:22:41:781	Fenix:arm	debug	0.0,13.00000238416429,1.0,3.0,0.03343810606567244,1.0,1396.0
2025-02-16 15:22:41:783	Fenix:endEffector	debug	0.0,-93.00000000000001,0.3788888888888889
2025-02-16 15:22:41:784	Fenix:stateModels	debug	START, START, START, START, START, START, START, START, START, START
2025-02-16 15:22:41:786	Fenix:buttonPresses	debug	0.0
2025-02-16 15:22:41:812	Fenix:drivetrain	debug	0.0,-0.0,-0.0,-0.0,3.0,0.0,3.0,3.0
2025-02-16 15:22:41:822	Fenix:arm	debug	0.0,13.00000238416429,1.0,7.0,0.03343810606567244,1.0,1396.0
2025-02-16 15:22:41:824	Fenix:endEffector	debug	0.0,-93.00000000000001,0.3788888888888889
2025-02-16 15:22:41:825	Fenix:stateModels	debug	START, START, START, START, START, START, START, START, START, START
2025-02-16 15:22:41:827	Fenix:buttonPresses	debug	0.0
2025-02-16 15:22:41:852	Fenix:drivetrain	debug	0.0,-0.0,-0.0,-0.0,0.0,3.0,3.0,0.0
2025-02-16 15:22:41:866	Fenix:arm	debug	0.0,13.00000238416429,1.0,7.0,0.03343810606567244,1.0,1396.0
2025-02-16 15:22:41:871	Fenix:endEffector	debug	0.0,-93.00000000000001,0.3788888888888889
2025-02-16 15:22:41:874	Fenix:stateModels	debug	START, START, START, START, START, START, START, START, START, START
2025-02-16 15:22:41:877	Fenix:buttonPresses	debug	0.0
2025-02-16 15:22:41:903	Fenix:drivetrain	debug	0.0,-0.0,-0.0,-0.0,0.0,0.0,3.0,0.0
2025-02-16 15:22:41:914	Fenix:arm	debug	0.0,13.00000238416429,1.0,10.0,0.03343810606567244,1.0,1399.0
2025-02-16 15:22:41:915	Fenix:endEffector	debug	0.0,-93.00000000000001,0.3788888888888889
2025-02-16 15:22:41:917	Fenix:stateModels	debug	START, START, START, START, START, START, START, START, START, START
2025-02-16 15:22:41:918	Fenix:buttonPresses	debug	0.0
2025-02-16 15:22:41:944	Fenix:drivetrain	debug	0.0,-0.0,-0.0,-0.0,0.0,0.0,3.0,0.0
2025-02-16 15:22:41:955	Fenix:arm	debug	0.0,13.00000238416429,1.0,0.0,0.03343810606567244,1.0,1399.0
2025-02-16 15:22:41:957	Fenix:endEffector	debug	0.0,-93.00000000000001,0.3788888888888889
2025-02-16 15:22:41:959	Fenix:stateModels	debug	START, START, START, START, START, START, START, START, START, START
2025-02-16 15:22:41:960	Fenix:buttonPresses	debug	0.0
2025-02-16 15:22:41:986	Fenix:drivetrain	debug	0.0,-0.0,-0.0,-0.0,3.0,0.0,3.0,0.0
2025-02-16 15:22:41:999	Fenix:arm	debug	0.0,13.00000238416429,1.0,10.0,0.03343810606567244,1.0,1403.0
2025-02-16 15:22:42:001	Fenix:endEffector	debug	0.0,-93.00000000000001,0.3788888888888889
2025-02-16 15:22:42:003	Fenix:stateModels	debug	START, START, START, START, START, START, START, START, START, START
2025-02-16 15:22:42:005	Fenix:buttonPresses	debug	0.0
2025-02-16 15:22:42:048	Fenix:drivetrain	debug	-1.0,-1.0,0.9579444102085543,-1.0,4891.0,3036.0,3881.0,3309.0
2025-02-16 15:22:42:060	Fenix:arm	debug	0.0,13.00000238416429,1.0,7.0,0.03343810606567244,1.0,900.0
2025-02-16 15:22:42:063	Fenix:endEffector	debug	0.0,-93.00000000000001,0.3788888888888889
2025-02-16 15:22:42:065	Fenix:stateModels	debug	START, START, START, START, START, START, START, START, START, START
2025-02-16 15:22:42:068	Fenix:buttonPresses	debug	0.0
2025-02-16 15:22:42:100	Fenix:drivetrain	debug	-1.0,-1.0,0.9756887952193265,-1.0,4672.0,3714.0,6006.0,5912.0
2025-02-16 15:22:42:114	Fenix:arm	debug	0.024576109232769833,13.00000238416429,1.0,18.0,0.03343810606567244,1.0,1024.0
2025-02-16 15:22:42:116	Fenix:endEffector	debug	0.0,-93.00000000000001,0.3788888888888889
2025-02-16 15:22:42:118	Fenix:stateModels	debug	START, START, START, START, START, START, START, START, START, START
2025-02-16 15:22:42:120	Fenix:buttonPresses	debug	0.0
2025-02-16 15:22:42:167	Fenix:drivetrain	debug	-0.0,-0.0,-0.0,-0.0,1487.0,944.0,1323.0,1567.0
2025-02-16 15:22:42:181	Fenix:arm	debug	0.012288054616384917,13.0,1.0,153.0,0.0,1.0,1348.0
2025-02-16 15:22:42:186	Fenix:endEffector	debug	0.0,-93.00000000000001,0.3788888888888889
2025-02-16 15:22:42:189	Fenix:stateModels	debug	START, START, START, START, START, START, START, START, START, START
2025-02-16 15:22:42:192	Fenix:buttonPresses	debug	0.0
2025-02-16 15:22:42:223	Fenix:drivetrain	debug	-0.0,-0.0,-0.0,-0.0,61.0,65.0,102.0,61.0
2025-02-16 15:22:42:238	Fenix:arm	debug	0.0,13.0,1.0,335.0,0.0,1.0,1330.0
2025-02-16 15:22:42:240	Fenix:endEffector	debug	0.0,-93.00000000000001,0.3788888888888889
2025-02-16 15:22:42:242	Fenix:stateModels	debug	START, START, START, START, START, START, START, START, START, START
2025-02-16 15:22:42:244	Fenix:buttonPresses	debug	0.0
2025-02-16 15:22:42:280	Fenix:drivetrain	debug	-0.0,-0.0,-0.0,-0.0,7.0,7.0,10.0,7.0
2025-02-16 15:22:42:292	Fenix:arm	debug	0.0,13.0,1.0,174.0,0.0,1.0,1355.0
2025-02-16 15:22:42:295	Fenix:endEffector	debug	0.0,-93.00000000000001,0.3788888888888889
2025-02-16 15:22:42:298	Fenix:stateModels	debug	START, START, START, START, START, START, START, START, START, START
2025-02-16 15:22:42:301	Fenix:buttonPresses	debug	0.0
2025-02-16 15:22:42:330	Fenix:drivetrain	debug	-0.0,-0.0,-0.0,-0.0,3.0,0.0,3.0,0.0
2025-02-16 15:22:42:342	Fenix:arm	debug	0.0,13.0,1.0,10.0,0.0,1.0,1352.0
2025-02-16 15:22:42:344	Fenix:endEffector	debug	0.0,-93.00000000000001,0.3788888888888889
2025-02-16 15:22:42:346	Fenix:stateModels	debug	START, START, START, START, START, START, START, START, START, START
2025-02-16 15:22:42:349	Fenix:buttonPresses	debug	0.0
2025-02-16 15:22:42:380	Fenix:drivetrain	debug	-0.0,-0.0,-0.0,-0.0,3.0,0.0,3.0,3.0
2025-02-16 15:22:42:394	Fenix:arm	debug	0.0,13.0,1.0,10.0,0.0,1.0,1381.0
2025-02-16 15:22:42:399	Fenix:endEffector	debug	0.0,-93.00000000000001,0.3788888888888889
2025-02-16 15:22:42:400	Fenix:stateModels	debug	START, START, START, START, START, START, START, START, START, START
2025-02-16 15:22:42:402	Fenix:buttonPresses	debug	0.0
2025-02-16 15:22:42:430	Fenix:drivetrain	debug	-0.0,-0.0,-0.0,-0.0,3.0,0.0,7.0,0.0
2025-02-16 15:22:42:442	Fenix:arm	debug	0.0,13.0,1.0,3.0,0.0,1.0,1454.0
2025-02-16 15:22:42:444	Fenix:endEffector	debug	0.0,-93.00000000000001,0.3788888888888889
2025-02-16 15:22:42:445	Fenix:stateModels	debug	START, START, START, START, START, START, START, START, START, START
2025-02-16 15:22:42:447	Fenix:buttonPresses	debug	0.0
2025-02-16 15:22:42:473	Fenix:drivetrain	debug	-0.0,-0.0,-0.0,-0.0,3.0,3.0,7.0,7.0
2025-02-16 15:22:42:485	Fenix:arm	debug	0.0,13.0,1.0,10.0,0.0,1.0,1534.0
2025-02-16 15:22:42:487	Fenix:endEffector	debug	0.0,-93.00000000000001,0.3788888888888889
2025-02-16 15:22:42:488	Fenix:stateModels	debug	START, START, START, START, START, START, START, START, START, START
2025-02-16 15:22:42:490	Fenix:buttonPresses	debug	0.0
2025-02-16 15:22:42:516	Fenix:drivetrain	debug	-0.0,-0.0,-0.0,-0.0,3.0,0.0,3.0,0.0
2025-02-16 15:22:42:527	Fenix:arm	debug	0.0,13.0,1.0,10.0,0.0,1.0,1523.0
2025-02-16 15:22:42:529	Fenix:endEffector	debug	0.0,-93.00000000000001,0.3788888888888889
2025-02-16 15:22:42:530	Fenix:stateModels	debug	START, START, START, START, START, START, START, START, START, START
2025-02-16 15:22:42:532	Fenix:buttonPresses	debug	0.0
2025-02-16 15:22:42:558	Fenix:drivetrain	debug	-0.0,-0.0,-0.0,-0.0,3.0,3.0,7.0,3.0
2025-02-16 15:22:42:569	Fenix:arm	debug	0.0,13.0,1.0,3.0,0.0,1.0,1541.0
2025-02-16 15:22:42:570	Fenix:endEffector	debug	0.0,-93.00000000000001,0.3788888888888889
2025-02-16 15:22:42:572	Fenix:stateModels	debug	START, START, START, START, START, START, START, START, START, START
2025-02-16 15:22:42:573	Fenix:buttonPresses	debug	0.0
2025-02-16 15:22:42:601	Fenix:drivetrain	debug	-0.0,-0.0,-0.0,-0.0,3.0,0.0,3.0,0.0
2025-02-16 15:22:42:613	Fenix:arm	debug	0.0,13.0,1.0,3.0,0.0,1.0,1545.0
2025-02-16 15:22:42:614	Fenix:endEffector	debug	0.0,-93.00000000000001,0.3788888888888889
2025-02-16 15:22:42:616	Fenix:stateModels	debug	START, START, START, START, START, START, START, START, START, START
2025-02-16 15:22:42:618	Fenix:buttonPresses	debug	0.0
2025-02-16 15:22:42:651	Fenix:drivetrain	debug	0.0,-0.0,-0.0,-0.0,3.0,0.0,3.0,0.0
2025-02-16 15:22:42:663	Fenix:arm	debug	0.0,13.0,1.0,3.0,0.0,1.0,1552.0
2025-02-16 15:22:42:666	Fenix:endEffector	debug	0.0,-93.00000000000001,0.3788888888888889
2025-02-16 15:22:42:668	Fenix:stateModels	debug	START, START, START, START, START, START, START, START, START, START
2025-02-16 15:22:42:669	Fenix:buttonPresses	debug	0.0
2025-02-16 15:22:42:707	Fenix:drivetrain	debug	0.0,-0.0,-0.0,-0.0,0.0,3.0,7.0,3.0
2025-02-16 15:22:42:720	Fenix:arm	debug	0.0,13.0,1.0,7.0,0.0,1.0,1560.0
2025-02-16 15:22:42:723	Fenix:endEffector	debug	0.0,-93.00000000000001,0.3788888888888889
2025-02-16 15:22:42:724	Fenix:stateModels	debug	START, START, START, START, START, START, START, START, START, START
2025-02-16 15:22:42:725	Fenix:buttonPresses	debug	0.0
2025-02-16 15:22:42:752	Fenix:drivetrain	debug	0.0,-0.0,-0.0,-0.0,3.0,0.0,3.0,3.0
2025-02-16 15:22:42:765	Fenix:arm	debug	0.0,13.0,1.0,0.0,0.0,1.0,1560.0
2025-02-16 15:22:42:766	Fenix:endEffector	debug	0.0,-93.00000000000001,0.3788888888888889
2025-02-16 15:22:42:768	Fenix:stateModels	debug	START, START, START, START, START, START, START, START, START, START
2025-02-16 15:22:42:769	Fenix:buttonPresses	debug	0.0
2025-02-16 15:22:42:805	Fenix:drivetrain	debug	0.0,-0.0,-0.0,-0.0,3.0,0.0,3.0,3.0
2025-02-16 15:22:42:816	Fenix:arm	debug	0.0,13.0,1.0,3.0,0.0,1.0,1563.0
2025-02-16 15:22:42:818	Fenix:endEffector	debug	0.0,-93.00000000000001,0.3788888888888889
2025-02-16 15:22:42:819	Fenix:stateModels	debug	START, START, START, START, START, START, START, START, START, START
2025-02-16 15:22:42:822	Fenix:buttonPresses	debug	0.0
2025-02-16 15:22:42:850	Fenix:drivetrain	debug	0.0,-0.0,-0.0,-0.0,3.0,0.0,3.0,3.0
2025-02-16 15:22:42:862	Fenix:arm	debug	0.0,13.0,1.0,3.0,0.0,1.0,1563.0
2025-02-16 15:22:42:865	Fenix:endEffector	debug	0.0,-93.00000000000001,0.3788888888888889
2025-02-16 15:22:42:867	Fenix:stateModels	debug	START, START, START, START, START, START, START, START, START, START
2025-02-16 15:22:42:869	Fenix:buttonPresses	debug	0.0
2025-02-16 15:22:42:897	Fenix:drivetrain	debug	0.0,-0.0,-0.0,-0.0,3.0,0.0,3.0,0.0
2025-02-16 15:22:42:910	Fenix:arm	debug	0.0,13.0,1.0,0.0,0.0,1.0,1567.0
2025-02-16 15:22:42:915	Fenix:endEffector	debug	0.0,-93.00000000000001,0.3788888888888889
2025-02-16 15:22:42:916	Fenix:stateModels	debug	START, START, START, START, START, START, START, START, START, START
2025-02-16 15:22:42:918	Fenix:buttonPresses	debug	0.0
2025-02-16 15:22:42:947	Fenix:drivetrain	debug	0.0,-0.0,-0.0,-0.0,3.0,0.0,3.0,0.0
2025-02-16 15:22:42:960	Fenix:arm	debug	0.0,13.0,1.0,14.0,0.0,1.0,1570.0
2025-02-16 15:22:42:963	Fenix:endEffector	debug	0.0,-93.00000000000001,0.3788888888888889
2025-02-16 15:22:42:965	Fenix:stateModels	debug	START, START, START, START, START, START, START, START, START, START
2025-02-16 15:22:42:967	Fenix:buttonPresses	debug	0.0
2025-02-16 15:22:42:994	Fenix:drivetrain	debug	0.0,-0.0,-0.0,-0.0,0.0,0.0,7.0,3.0
2025-02-16 15:22:43:006	Fenix:arm	debug	0.0,13.0,1.0,3.0,0.0,1.0,1570.0
2025-02-16 15:22:43:009	Fenix:endEffector	debug	0.0,-93.00000000000001,0.3788888888888889
2025-02-16 15:22:43:011	Fenix:stateModels	debug	START, START, START, START, START, START, START, START, START, START
2025-02-16 15:22:43:013	Fenix:buttonPresses	debug	0.0
2025-02-16 15:22:43:041	Fenix:drivetrain	debug	0.0,-0.0,-0.0,-0.0,3.0,3.0,3.0,3.0
2025-02-16 15:22:43:053	Fenix:arm	debug	0.0,13.0,1.0,3.0,0.0,1.0,1574.0
2025-02-16 15:22:43:055	Fenix:endEffector	debug	0.0,-93.00000000000001,0.3788888888888889
2025-02-16 15:22:43:057	Fenix:stateModels	debug	START, START, START, START, START, START, START, START, START, START
2025-02-16 15:22:43:059	Fenix:buttonPresses	debug	0.0
2025-02-16 15:22:43:105	Fenix:drivetrain	debug	0.673001384808521,-0.6730013848085212,-0.6730005869164194,-0.6730013848085212,3225.0,2361.0,3539.0,2259.0
2025-02-16 15:22:43:117	Fenix:arm	debug	0.0,13.0,1.0,3.0,0.0,1.0,1224.0
2025-02-16 15:22:43:119	Fenix:endEffector	debug	0.0,-93.00000000000001,0.3788888888888889
2025-02-16 15:22:43:121	Fenix:stateModels	debug	START, START, START, START, START, START, START, START, START, START
2025-02-16 15:22:43:124	Fenix:buttonPresses	debug	0.0
2025-02-16 15:22:43:162	Fenix:drivetrain	debug	0.9082203561228637,-0.908220356122864,-0.9999999999999998,-0.908220356122864,4454.0,4486.0,4559.0,3677.0
2025-02-16 15:22:43:174	Fenix:arm	debug	-0.024576109232769833,13.0,1.0,80.0,0.0,1.0,1067.0
2025-02-16 15:22:43:176	Fenix:endEffector	debug	0.0,-93.00000000000001,0.3788888888888889
2025-02-16 15:22:43:178	Fenix:stateModels	debug	START, START, START, START, START, START, START, START, START, START
2025-02-16 15:22:43:180	Fenix:buttonPresses	debug	0.0
2025-02-16 15:22:43:228	Fenix:drivetrain	debug	0.6962371549346889,-0.6962371549346892,-0.9576969237917631,-0.6962371549346892,2383.0,3757.0,4020.0000000000005,2004.0
2025-02-16 15:22:43:242	Fenix:arm	debug	-0.024576109232769833,13.0,1.0,98.0,0.0,1.0,1312.0
2025-02-16 15:22:43:245	Fenix:endEffector	debug	0.0,-93.00000000000001,0.3788888888888889
2025-02-16 15:22:43:248	Fenix:stateModels	debug	START, START, START, START, START, START, START, START, START, START
2025-02-16 15:22:43:249	Fenix:buttonPresses	debug	0.0
2025-02-16 15:22:43:290	Fenix:drivetrain	debug	-0.0,-0.0,-0.0,-0.0,488.0,1100.0,1217.0,451.0
2025-02-16 15:22:43:305	Fenix:arm	debug	-0.012288054616384917,13.0,1.0,287.0,0.0,1.0,1596.0
2025-02-16 15:22:43:307	Fenix:endEffector	debug	0.0,-93.00000000000001,0.3788888888888889
2025-02-16 15:22:43:309	Fenix:stateModels	debug	START, START, START, START, START, START, START, START, START, START
2025-02-16 15:22:43:311	Fenix:buttonPresses	debug	0.0
2025-02-16 15:22:43:370	Fenix:drivetrain	debug	-0.0,-0.0,-0.0,-0.0,10.0,21.0,18.0,10.0
2025-02-16 15:22:43:381	Fenix:arm	debug	0.0,13.0,1.0,7.0,0.0,1.0,1552.0
2025-02-16 15:22:43:383	Fenix:endEffector	debug	0.0,-93.00000000000001,0.3788888888888889
2025-02-16 15:22:43:385	Fenix:stateModels	debug	START, START, START, START, START, START, START, START, START, START
2025-02-16 15:22:43:387	Fenix:buttonPresses	debug	0.0
2025-02-16 15:22:43:417	Fenix:drivetrain	debug	-0.0,-0.0,-0.0,-0.0,3.0,7.0,7.0,3.0
2025-02-16 15:22:43:431	Fenix:arm	debug	0.0,13.0,1.0,211.0,0.0,1.0,1541.0
2025-02-16 15:22:43:436	Fenix:endEffector	debug	0.0,-93.00000000000001,0.3788888888888889
2025-02-16 15:22:43:439	Fenix:stateModels	debug	START, START, START, START, START, START, START, START, START, START
2025-02-16 15:22:43:440	Fenix:buttonPresses	debug	0.0
2025-02-16 15:22:43:478	Fenix:drivetrain	debug	0.7867950469864079,-0.7867950469864077,-0.7947777356034946,-0.7867950469864077,3316.0,2569.0,3131.0,2307.0
2025-02-16 15:22:43:491	Fenix:arm	debug	-0.012288054616384917,13.0,1.0,379.0,0.0,1.0,1253.0
2025-02-16 15:22:43:494	Fenix:endEffector	debug	0.0,-93.00000000000001,0.3788888888888889
2025-02-16 15:22:43:496	Fenix:stateModels	debug	START, START, START, START, START, START, START, START, START, START
2025-02-16 15:22:43:498	Fenix:buttonPresses	debug	0.0
2025-02-16 15:22:43:535	Fenix:drivetrain	debug	0.9360402616697103,-0.9360402616697098,-1.0,-0.9360402616697098,4702.0,4723.0,4702.0,4144.0
2025-02-16 15:22:43:548	Fenix:arm	debug	-0.147456655396619,13.0,1.0,255.0,0.0,1.0,1035.0
2025-02-16 15:22:43:550	Fenix:endEffector	debug	0.0,-93.00000000000001,0.3788888888888889
2025-02-16 15:22:43:552	Fenix:stateModels	debug	START, START, START, START, START, START, START, START, START, START
2025-02-16 15:22:43:554	Fenix:buttonPresses	debug	0.0
2025-02-16 15:22:43:586	Fenix:drivetrain	debug	0.7262619713922036,-0.7262619713922034,-1.0,-0.7262619713922034,3440.0,3994.0,4177.0,2474.0
2025-02-16 15:22:43:599	Fenix:arm	debug	-0.09830443693107933,13.0,1.0,444.0,0.0,1.0,1224.0
2025-02-16 15:22:43:601	Fenix:endEffector	debug	0.0,-93.00000000000001,0.3788888888888889
2025-02-16 15:22:43:603	Fenix:stateModels	debug	START, START, START, START, START, START, START, START, START, START
2025-02-16 15:22:43:605	Fenix:buttonPresses	debug	0.0
2025-02-16 15:22:43:653	Fenix:drivetrain	debug	0.0,0.0,0.0,0.0,455.0,1166.0,1279.0,371.0
2025-02-16 15:22:43:665	Fenix:arm	debug	-0.08601638231469441,13.0,1.0,258.0,0.0,1.0,1498.0
2025-02-16 15:22:43:667	Fenix:endEffector	debug	0.0,-93.00000000000001,0.3788888888888889
2025-02-16 15:22:43:670	Fenix:stateModels	debug	START, START, START, START, START, START, START, START, START, START
2025-02-16 15:22:43:672	Fenix:buttonPresses	debug	0.0
2025-02-16 15:22:43:704	Fenix:drivetrain	debug	0.0,0.0,0.0,0.0,32.0,51.0,91.0,25.0
2025-02-16 15:22:43:717	Fenix:arm	debug	0.03686416384915475,13.0,1.0,524.0,0.0,1.0,1399.0
2025-02-16 15:22:43:719	Fenix:endEffector	debug	0.0,-93.00000000000001,0.3788888888888889
2025-02-16 15:22:43:722	Fenix:stateModels	debug	START, START, START, START, START, START, START, START, START, START
2025-02-16 15:22:43:724	Fenix:buttonPresses	debug	0.0
2025-02-16 15:22:43:763	Fenix:drivetrain	debug	0.0,0.0,0.0,0.0,3.0,7.0,10.0,3.0
2025-02-16 15:22:43:777	Fenix:arm	debug	-0.06144027308192458,13.0,1.0,320.0,0.0,1.0,1458.0
2025-02-16 15:22:43:781	Fenix:endEffector	debug	0.0,-93.00000000000001,0.3788888888888889
2025-02-16 15:22:43:784	Fenix:stateModels	debug	START, START, START, START, START, START, START, START, START, START
2025-02-16 15:22:43:786	Fenix:buttonPresses	debug	0.0
2025-02-16 15:22:43:821	Fenix:drivetrain	debug	0.0,0.0,0.0,0.0,3.0,3.0,7.0,0.0
2025-02-16 15:22:43:832	Fenix:arm	debug	-0.04915221846553967,13.0,1.0,484.0,0.0,1.0,1476.0
2025-02-16 15:22:43:835	Fenix:endEffector	debug	0.0,-93.00000000000001,0.3788888888888889
2025-02-16 15:22:43:837	Fenix:stateModels	debug	START, START, START, START, START, START, START, START, START, START
2025-02-16 15:22:43:838	Fenix:buttonPresses	debug	0.0
2025-02-16 15:22:43:873	Fenix:drivetrain	debug	0.0,0.0,0.0,0.0,7.0,3.0,3.0,3.0
2025-02-16 15:22:43:889	Fenix:arm	debug	-0.06144027308192458,13.0,1.0,426.0,0.0,1.0,1519.0
2025-02-16 15:22:43:892	Fenix:endEffector	debug	0.0,-93.00000000000001,0.3788888888888889
2025-02-16 15:22:43:895	Fenix:stateModels	debug	START, START, START, START, START, START, START, START, START, START
2025-02-16 15:22:43:897	Fenix:buttonPresses	debug	0.0
2025-02-16 15:22:43:929	Fenix:drivetrain	debug	0.0,0.0,0.0,0.0,3.0,3.0,7.0,3.0
2025-02-16 15:22:43:948	Fenix:arm	debug	-0.06144027308192458,13.0,1.0,535.0,0.0,1.0,1632.0
2025-02-16 15:22:43:954	Fenix:endEffector	debug	0.0,-93.00000000000001,0.3788888888888889
2025-02-16 15:22:43:958	Fenix:stateModels	debug	START, START, START, START, START, START, START, START, START, START
2025-02-16 15:22:43:961	Fenix:buttonPresses	debug	0.0
2025-02-16 15:22:43:997	Fenix:drivetrain	debug	0.0,0.0,0.0,0.0,3.0,3.0,3.0,0.0
2025-02-16 15:22:44:011	Fenix:arm	debug	-0.06144027308192458,13.0,1.0,521.0,0.0,1.0,1647.0
2025-02-16 15:22:44:014	Fenix:endEffector	debug	0.0,-93.00000000000001,0.3788888888888889
2025-02-16 15:22:44:017	Fenix:stateModels	debug	START, START, START, START, START, START, START, START, START, START
2025-02-16 15:22:44:019	Fenix:buttonPresses	debug	0.0
2025-02-16 15:22:44:053	Fenix:drivetrain	debug	0.0,0.0,0.0,0.0,3.0,0.0,10.0,3.0
2025-02-16 15:22:44:066	Fenix:arm	debug	-0.06144027308192458,13.0,1.0,543.0,0.0,1.0,1658.0
2025-02-16 15:22:44:069	Fenix:endEffector	debug	0.0,-93.00000000000001,0.3788888888888889
2025-02-16 15:22:44:071	Fenix:stateModels	debug	START, START, START, START, START, START, START, START, START, START
2025-02-16 15:22:44:074	Fenix:buttonPresses	debug	0.0
2025-02-16 15:22:44:103	Fenix:drivetrain	debug	0.0,0.0,0.0,0.0,0.0,0.0,3.0,0.0
2025-02-16 15:22:44:115	Fenix:arm	debug	-0.06144027308192458,13.0,1.0,546.0,0.0,1.0,1654.0
2025-02-16 15:22:44:118	Fenix:endEffector	debug	0.0,-93.00000000000001,0.3788888888888889
2025-02-16 15:22:44:120	Fenix:stateModels	debug	START, START, START, START, START, START, START, START, START, START
2025-02-16 15:22:44:122	Fenix:buttonPresses	debug	0.0
2025-02-16 15:22:44:174	Fenix:drivetrain	debug	-0.7038011750169727,-0.7038011750169727,1.0,-0.7038011750169727,3812.0,4060.0000000000005,4742.0,2478.0
2025-02-16 15:22:44:186	Fenix:arm	debug	-0.04915221846553967,13.0,1.0,287.0,0.0,1.0,1170.0
2025-02-16 15:22:44:188	Fenix:endEffector	debug	0.0,-93.00000000000001,0.3788888888888889
2025-02-16 15:22:44:190	Fenix:stateModels	debug	START, START, START, START, START, START, START, START, START, START
2025-02-16 15:22:44:192	Fenix:buttonPresses	debug	0.0
2025-02-16 15:22:44:227	Fenix:drivetrain	debug	-0.6866108924368897,-0.6866108924368897,1.0,-0.6866108924368897,3757.0,3688.0,6229.0,5099.0
2025-02-16 15:22:44:237	Fenix:arm	debug	-0.04915221846553967,13.0,1.0,280.0,0.0,1.0,1224.0
2025-02-16 15:22:44:239	Fenix:endEffector	debug	0.0,-93.00000000000001,0.3788888888888889
2025-02-16 15:22:44:240	Fenix:stateModels	debug	START, START, START, START, START, START, START, START, START, START
2025-02-16 15:22:44:242	Fenix:buttonPresses	debug	0.0
2025-02-16 15:22:44:283	Fenix:drivetrain	debug	0.0,0.0,0.0,0.0,1064.0,1319.0,2176.0,1268.0
2025-02-16 15:22:44:295	Fenix:arm	debug	-0.06144027308192458,13.00000238416429,1.0,415.0,-0.03343810606567244,1.0,1523.0
2025-02-16 15:22:44:298	Fenix:endEffector	debug	0.0,-93.00000000000001,0.3788888888888889
2025-02-16 15:22:44:300	Fenix:stateModels	debug	START, START, START, START, START, START, START, START, START, START
2025-02-16 15:22:44:301	Fenix:buttonPresses	debug	0.0
2025-02-16 15:22:44:333	Fenix:drivetrain	debug	0.0,0.0,0.0,0.0,69.0,54.0,167.0,83.0
2025-02-16 15:22:44:344	Fenix:arm	debug	-0.06144027308192458,13.00000238416429,1.0,608.0,-0.03343810606567244,1.0,1348.0
2025-02-16 15:22:44:346	Fenix:endEffector	debug	0.0,-93.00000000000001,0.3788888888888889
2025-02-16 15:22:44:347	Fenix:stateModels	debug	START, START, START, START, START, START, START, START, START, START
2025-02-16 15:22:44:349	Fenix:buttonPresses	debug	0.0
2025-02-16 15:22:44:381	Fenix:drivetrain	debug	0.0,0.0,0.0,0.0,7.0,10.0,21.0,10.0
2025-02-16 15:22:44:396	Fenix:arm	debug	-0.06144027308192458,13.00000238416429,1.0,703.0,-0.03343810606567244,1.0,1436.0
2025-02-16 15:22:44:398	Fenix:endEffector	debug	0.0,-93.00000000000001,0.3788888888888889
2025-02-16 15:22:44:400	Fenix:stateModels	debug	START, START, START, START, START, START, START, START, START, START
2025-02-16 15:22:44:403	Fenix:buttonPresses	debug	0.0
2025-02-16 15:22:44:430	Fenix:drivetrain	debug	0.0,0.0,0.0,0.0,3.0,3.0,7.0,3.0
2025-02-16 15:22:44:441	Fenix:arm	debug	-0.06144027308192458,13.00000238416429,1.0,466.0,-0.03343810606567244,1.0,1443.0
2025-02-16 15:22:44:443	Fenix:endEffector	debug	0.0,-93.00000000000001,0.3788888888888889
2025-02-16 15:22:44:445	Fenix:stateModels	debug	START, START, START, START, START, START, START, START, START, START
2025-02-16 15:22:44:447	Fenix:buttonPresses	debug	0.0
2025-02-16 15:22:44:477	Fenix:drivetrain	debug	0.0,0.0,0.0,0.0,3.0,3.0,7.0,3.0
2025-02-16 15:22:44:492	Fenix:arm	debug	-0.06144027308192458,13.00000238416429,1.0,561.0,-0.03343810606567244,1.0,1468.0
2025-02-16 15:22:44:497	Fenix:endEffector	debug	0.0,-93.00000000000001,0.3788888888888889
2025-02-16 15:22:44:499	Fenix:stateModels	debug	START, START, START, START, START, START, START, START, START, START
2025-02-16 15:22:44:502	Fenix:buttonPresses	debug	0.0
2025-02-16 15:22:44:535	Fenix:drivetrain	debug	0.0,0.0,0.0,0.0,3.0,3.0,3.0,0.0
2025-02-16 15:22:44:546	Fenix:arm	debug	-0.06144027308192458,13.00000238416429,1.0,546.0,-0.03343810606567244,1.0,1472.0
2025-02-16 15:22:44:547	Fenix:endEffector	debug	0.0,-93.00000000000001,0.3788888888888889
2025-02-16 15:22:44:549	Fenix:stateModels	debug	START, START, START, START, START, START, START, START, START, START
2025-02-16 15:22:44:551	Fenix:buttonPresses	debug	0.0
2025-02-16 15:22:44:577	Fenix:drivetrain	debug	0.0,0.0,0.0,0.0,3.0,0.0,3.0,0.0
2025-02-16 15:22:44:588	Fenix:arm	debug	-0.06144027308192458,13.00000238416429,1.0,546.0,-0.03343810606567244,1.0,1472.0
2025-02-16 15:22:44:590	Fenix:endEffector	debug	0.0,-93.00000000000001,0.3788888888888889
2025-02-16 15:22:44:591	Fenix:stateModels	debug	START, START, START, START, START, START, START, START, START, START
2025-02-16 15:22:44:593	Fenix:buttonPresses	debug	0.0
2025-02-16 15:22:44:627	Fenix:drivetrain	debug	-0.6464820384558095,-0.6464820384558095,1.0,-0.6464820384558095,1899.0,3025.0,3794.0,1873.0
2025-02-16 15:22:44:640	Fenix:arm	debug	-0.06144027308192458,13.00000238416429,1.0,451.0,-0.03343810606567244,1.0,1053.0
2025-02-16 15:22:44:641	Fenix:endEffector	debug	0.0,-93.00000000000001,0.3788888888888889
2025-02-16 15:22:44:644	Fenix:stateModels	debug	START, START, START, START, START, START, START, START, START, START
2025-02-16 15:22:44:645	Fenix:buttonPresses	debug	0.0
2025-02-16 15:22:44:684	Fenix:drivetrain	debug	-0.6464820384558095,-0.6464820384558095,1.0,-0.6464820384558095,3553.0,3819.0,6466.0,4548.0
2025-02-16 15:22:44:696	Fenix:arm	debug	-0.04915221846553967,13.00000238416429,1.0,459.0,-0.03343810606567244,1.0,889.0
2025-02-16 15:22:44:698	Fenix:endEffector	debug	0.0,-93.00000000000001,0.3788888888888889
2025-02-16 15:22:44:699	Fenix:stateModels	debug	START, START, START, START, START, START, START, START, START, START
2025-02-16 15:22:44:700	Fenix:buttonPresses	debug	0.0
2025-02-16 15:22:44:734	Fenix:drivetrain	debug	-0.6224690898708123,-0.6224690898708123,1.0,-0.6224690898708123,3353.0,4166.0,5802.0,4199.0
2025-02-16 15:22:44:744	Fenix:arm	debug	-0.03686416384915475,13.00000238416429,1.0,568.0,-0.03343810606567244,1.0,871.0
2025-02-16 15:22:44:746	Fenix:endEffector	debug	0.0,-93.00000000000001,0.3788888888888889
2025-02-16 15:22:44:747	Fenix:stateModels	debug	START, START, START, START, START, START, START, START, START, START
2025-02-16 15:22:44:748	Fenix:buttonPresses	debug	0.0
2025-02-16 15:22:44:776	Fenix:drivetrain	debug	-0.6085000742650071,-0.6085000742650071,1.0,-0.6085000742650071,2879.0,4829.0,5339.0,3542.0
2025-02-16 15:22:44:788	Fenix:arm	debug	-0.03686416384915475,13.00000238416429,1.0,557.0,-0.03343810606567244,1.0,903.0
2025-02-16 15:22:44:789	Fenix:endEffector	debug	0.0,-93.00000000000001,0.3788888888888889
2025-02-16 15:22:44:791	Fenix:stateModels	debug	START, START, START, START, START, START, START, START, START, START
2025-02-16 15:22:44:792	Fenix:buttonPresses	debug	0.0
2025-02-16 15:22:44:827	Fenix:drivetrain	debug	-0.6085000742650071,-0.6085000742650071,1.0,-0.6085000742650071,2485.0,4625.0,4760.0,3094.0
2025-02-16 15:22:44:840	Fenix:arm	debug	-0.03686416384915475,13.00000238416429,1.0,586.0,-0.03343810606567244,1.0,929.0
2025-02-16 15:22:44:844	Fenix:endEffector	debug	0.0,-93.00000000000001,0.3788888888888889
2025-02-16 15:22:44:846	Fenix:stateModels	debug	START, START, START, START, START, START, START, START, START, START
2025-02-16 15:22:44:847	Fenix:buttonPresses	debug	0.0
2025-02-16 15:22:44:884	Fenix:drivetrain	debug	-0.5903141543770853,-0.5903141543770853,1.0,-0.5903141543770853,2409.0,4257.0,4370.0,2806.0
2025-02-16 15:22:44:896	Fenix:arm	debug	-0.03686416384915475,13.00000238416429,1.0,590.0,-0.03343810606567244,1.0,929.0
2025-02-16 15:22:44:898	Fenix:endEffector	debug	0.0,-93.00000000000001,0.3788888888888889
2025-02-16 15:22:44:899	Fenix:stateModels	debug	START, START, START, START, START, START, START, START, START, START
2025-02-16 15:22:44:901	Fenix:buttonPresses	debug	0.0
2025-02-16 15:22:44:930	Fenix:drivetrain	debug	-0.5903141543770853,-0.5903141543770853,1.0,-0.5903141543770853,2438.0,3867.0,4122.0,2569.0
2025-02-16 15:22:44:942	Fenix:arm	debug	-0.03686416384915475,13.00000238416429,1.0,608.0,-0.03343810606567244,1.0,947.0
2025-02-16 15:22:44:944	Fenix:endEffector	debug	0.0,-93.00000000000001,0.3788888888888889
2025-02-16 15:22:44:945	Fenix:stateModels	debug	START, START, START, START, START, START, START, START, START, START
2025-02-16 15:22:44:947	Fenix:buttonPresses	debug	0.0
2025-02-16 15:22:44:983	Fenix:drivetrain	debug	0.0,0.0,0.0,0.0,845.0,1089.0,2201.0,1133.0
2025-02-16 15:22:44:997	Fenix:arm	debug	-0.03686416384915475,13.00000238416429,1.0,758.0,-0.03343810606567244,1.0,1184.0
2025-02-16 15:22:45:001	Fenix:endEffector	debug	0.0,-93.00000000000001,0.3788888888888889
2025-02-16 15:22:45:003	Fenix:stateModels	debug	START, START, START, START, START, START, START, START, START, START
2025-02-16 15:22:45:005	Fenix:buttonPresses	debug	0.0
2025-02-16 15:22:45:032	Fenix:drivetrain	debug	0.0,0.0,0.0,0.0,54.0,131.0,171.0,76.0
2025-02-16 15:22:45:045	Fenix:arm	debug	-0.03686416384915475,13.00000238416429,1.0,780.0,-0.03343810606567244,1.0,1261.0
2025-02-16 15:22:45:046	Fenix:endEffector	debug	0.0,-93.00000000000001,0.3788888888888889
2025-02-16 15:22:45:049	Fenix:stateModels	debug	START, START, START, START, START, START, START, START, START, START
2025-02-16 15:22:45:051	Fenix:buttonPresses	debug	0.0
2025-02-16 15:22:45:078	Fenix:drivetrain	debug	0.0,0.0,0.0,0.0,7.0,14.0,18.0,14.0
2025-02-16 15:22:45:089	Fenix:arm	debug	-0.03686416384915475,13.00000238416429,1.0,772.0,-0.03343810606567244,1.0,1293.0
2025-02-16 15:22:45:090	Fenix:endEffector	debug	0.0,-93.00000000000001,0.3788888888888889
2025-02-16 15:22:45:092	Fenix:stateModels	debug	START, START, START, START, START, START, START, START, START, START
2025-02-16 15:22:45:094	Fenix:buttonPresses	debug	0.0
2025-02-16 15:22:45:122	Fenix:drivetrain	debug	0.0,0.0,0.0,0.0,3.0,3.0,10.0,0.0
2025-02-16 15:22:45:135	Fenix:arm	debug	-0.03686416384915475,13.00000238416429,1.0,725.0,-0.03343810606567244,1.0,1272.0
2025-02-16 15:22:45:137	Fenix:endEffector	debug	0.0,-93.00000000000001,0.3788888888888889
2025-02-16 15:22:45:139	Fenix:stateModels	debug	START, START, START, START, START, START, START, START, START, START
2025-02-16 15:22:45:141	Fenix:buttonPresses	debug	0.0
2025-02-16 15:22:45:168	Fenix:drivetrain	debug	0.0,0.0,0.0,0.0,3.0,0.0,7.0,3.0
2025-02-16 15:22:45:179	Fenix:arm	debug	-0.03686416384915475,13.00000238416429,1.0,732.0,-0.03343810606567244,1.0,1301.0
2025-02-16 15:22:45:181	Fenix:endEffector	debug	0.0,-93.00000000000001,0.3788888888888889
2025-02-16 15:22:45:183	Fenix:stateModels	debug	START, START, START, START, START, START, START, START, START, START
2025-02-16 15:22:45:185	Fenix:buttonPresses	debug	0.0
2025-02-16 15:22:45:211	Fenix:drivetrain	debug	0.0,0.0,0.0,0.0,3.0,3.0,7.0,3.0
2025-02-16 15:22:45:222	Fenix:arm	debug	-0.03686416384915475,13.00000238416429,1.0,718.0,-0.03343810606567244,1.0,1301.0
2025-02-16 15:22:45:224	Fenix:endEffector	debug	0.0,-93.00000000000001,0.3788888888888889
2025-02-16 15:22:45:225	Fenix:stateModels	debug	START, START, START, START, START, START, START, START, START, START
2025-02-16 15:22:45:227	Fenix:buttonPresses	debug	0.0
2025-02-16 15:22:45:253	Fenix:drivetrain	debug	0.0,0.0,0.0,0.0,3.0,3.0,3.0,3.0
2025-02-16 15:22:45:264	Fenix:arm	debug	-0.03686416384915475,13.00000238416429,1.0,834.0,-0.03343810606567244,1.0,1312.0
2025-02-16 15:22:45:265	Fenix:endEffector	debug	0.0,-93.00000000000001,0.3788888888888889
2025-02-16 15:22:45:267	Fenix:stateModels	debug	START, START, START, START, START, START, START, START, START, START
2025-02-16 15:22:45:268	Fenix:buttonPresses	debug	0.0
2025-02-16 15:22:45:296	Fenix:drivetrain	debug	0.0,0.0,0.0,0.0,3.0,0.0,3.0,10.0
2025-02-16 15:22:45:306	Fenix:arm	debug	-0.03686416384915475,13.00000238416429,1.0,878.0,-0.03343810606567244,1.0,1308.0
2025-02-16 15:22:45:308	Fenix:endEffector	debug	0.0,-93.00000000000001,0.3788888888888889
2025-02-16 15:22:45:310	Fenix:stateModels	debug	START, START, START, START, START, START, START, START, START, START
2025-02-16 15:22:45:312	Fenix:buttonPresses	debug	0.0
2025-02-16 15:22:45:348	Fenix:drivetrain	debug	0.0,0.0,0.0,0.0,3.0,0.0,3.0,3.0
2025-02-16 15:22:45:362	Fenix:arm	debug	-0.03686416384915475,13.00000238416429,1.0,896.0,-0.03343810606567244,1.0,1308.0
2025-02-16 15:22:45:365	Fenix:endEffector	debug	0.0,-93.00000000000001,0.3788888888888889
2025-02-16 15:22:45:367	Fenix:stateModels	debug	START, START, START, START, START, START, START, START, START, START
2025-02-16 15:22:45:369	Fenix:buttonPresses	debug	0.0
2025-02-16 15:22:45:402	Fenix:drivetrain	debug	0.0,0.0,0.0,0.0,0.0,0.0,3.0,0.0
2025-02-16 15:22:45:416	Fenix:arm	debug	-0.03686416384915475,13.00000238416429,1.0,958.0,-0.03343810606567244,1.0,1308.0
2025-02-16 15:22:45:417	Fenix:endEffector	debug	0.0,-93.00000000000001,0.3788888888888889
2025-02-16 15:22:45:419	Fenix:stateModels	debug	START, START, START, START, START, START, START, START, START, START
2025-02-16 15:22:45:420	Fenix:buttonPresses	debug	0.0
2025-02-16 15:22:45:448	Fenix:drivetrain	debug	0.0,0.0,0.0,0.0,3.0,3.0,3.0,0.0
2025-02-16 15:22:45:461	Fenix:arm	debug	-0.03686416384915475,13.00000238416429,1.0,976.0,-0.03343810606567244,1.0,1315.0
2025-02-16 15:22:45:463	Fenix:endEffector	debug	0.0,-93.00000000000001,0.3788888888888889
2025-02-16 15:22:45:465	Fenix:stateModels	debug	START, START, START, START, START, START, START, START, START, START
2025-02-16 15:22:45:467	Fenix:buttonPresses	debug	0.0
2025-02-16 15:22:45:501	Fenix:drivetrain	debug	0.0,-0.0,-0.0,-0.0,0.0,0.0,3.0,3.0
2025-02-16 15:22:45:515	Fenix:arm	debug	-0.03686416384915475,13.00000238416429,1.0,1137.0,-0.03343810606567244,1.0,1308.0
2025-02-16 15:22:45:519	Fenix:endEffector	debug	0.0,-93.00000000000001,0.3788888888888889
2025-02-16 15:22:45:521	Fenix:stateModels	debug	START, START, START, START, START, START, START, START, START, START
2025-02-16 15:22:45:522	Fenix:buttonPresses	debug	0.0
2025-02-16 15:22:45:564	Fenix:drivetrain	debug	0.5658890780479183,0.5658890780479183,-1.0,0.5658890780479183,2493.0,4264.0,4384.0,1720.0
2025-02-16 15:22:45:578	Fenix:arm	debug	-0.03686416384915475,13.00000238416429,1.0,852.0,-0.03343810606567244,1.0,962.0
2025-02-16 15:22:45:581	Fenix:endEffector	debug	0.0,-93.00000000000001,0.3788888888888889
2025-02-16 15:22:45:584	Fenix:stateModels	debug	START, START, START, START, START, START, START, START, START, START
2025-02-16 15:22:45:586	Fenix:buttonPresses	debug	0.0
2025-02-16 15:22:45:618	Fenix:drivetrain	debug	0.5658890780479183,0.5658890780479183,-1.0,0.5658890780479183,3998.0,6597.0,5565.0,2303.0
2025-02-16 15:22:45:630	Fenix:arm	debug	-0.03686416384915475,13.00000238416429,1.0,805.0,-0.03343810606567244,1.0,954.0
2025-02-16 15:22:45:633	Fenix:endEffector	debug	0.0,-93.00000000000001,0.3788888888888889
2025-02-16 15:22:45:636	Fenix:stateModels	debug	START, START, START, START, START, START, START, START, START, START
2025-02-16 15:22:45:640	Fenix:buttonPresses	debug	0.0
2025-02-16 15:22:45:675	Fenix:drivetrain	debug	0.5784974447725109,0.5784974447725109,-1.0,0.5784974447725109,3459.0,5777.0,5299.0,2996.0
2025-02-16 15:22:45:688	Fenix:arm	debug	-0.03686416384915475,13.00000238416429,1.0,783.0,-0.03343810606567244,1.0,849.0
2025-02-16 15:22:45:691	Fenix:endEffector	debug	0.0,-93.00000000000001,0.3788888888888889
2025-02-16 15:22:45:692	Fenix:stateModels	debug	START, START, START, START, START, START, START, START, START, START
2025-02-16 15:22:45:694	Fenix:buttonPresses	debug	0.0
2025-02-16 15:22:45:726	Fenix:drivetrain	debug	0.5784974447725109,0.5784974447725109,-1.0,0.5784974447725109,3422.0,5008.0,4669.0,2613.0
2025-02-16 15:22:45:739	Fenix:arm	debug	-0.03686416384915475,13.00000238416429,1.0,816.0,-0.03343810606567244,1.0,874.0
2025-02-16 15:22:45:741	Fenix:endEffector	debug	0.0,-93.00000000000001,0.3788888888888889
2025-02-16 15:22:45:743	Fenix:stateModels	debug	START, START, START, START, START, START, START, START, START, START
2025-02-16 15:22:45:745	Fenix:buttonPresses	debug	0.0
2025-02-16 15:22:45:773	Fenix:drivetrain	debug	0.5784974447725109,0.5784974447725109,-1.0,0.5784974447725109,3094.0,4723.0,4450.0,2562.0
2025-02-16 15:22:45:785	Fenix:arm	debug	-0.03686416384915475,13.00000238416429,1.0,834.0,-0.03343810606567244,1.0,907.0
2025-02-16 15:22:45:788	Fenix:endEffector	debug	0.0,-93.00000000000001,0.3788888888888889
2025-02-16 15:22:45:790	Fenix:stateModels	debug	START, START, START, START, START, START, START, START, START, START
2025-02-16 15:22:45:792	Fenix:buttonPresses	debug	0.0
2025-02-16 15:22:45:824	Fenix:drivetrain	debug	0.5784974447725109,0.5784974447725109,-1.0,0.5784974447725109,2952.0,4067.0,4020.0000000000005,2398.0
2025-02-16 15:22:45:836	Fenix:arm	debug	-0.03686416384915475,13.00000238416429,1.0,852.0,-0.03343810606567244,1.0,947.0
2025-02-16 15:22:45:839	Fenix:endEffector	debug	0.0,-93.00000000000001,0.3788888888888889
2025-02-16 15:22:45:841	Fenix:stateModels	debug	START, START, START, START, START, START, START, START, START, START
2025-02-16 15:22:45:843	Fenix:buttonPresses	debug	0.0
2025-02-16 15:22:45:891	Fenix:drivetrain	debug	0.5682378626512643,0.5682378626512643,-1.0,0.5682378626512643,2697.0,3670.0,3666.0,2227.0
2025-02-16 15:22:45:905	Fenix:arm	debug	-0.03686416384915475,13.00000238416429,1.0,896.0,-0.03343810606567244,1.0,969.0
2025-02-16 15:22:45:911	Fenix:endEffector	debug	0.0,-93.00000000000001,0.3788888888888889
2025-02-16 15:22:45:913	Fenix:stateModels	debug	START, START, START, START, START, START, START, START, START, START
2025-02-16 15:22:45:915	Fenix:buttonPresses	debug	0.0
2025-02-16 15:22:45:949	Fenix:drivetrain	debug	0.5682378626512643,0.5682378626512643,-1.0,0.5682378626512643,2628.0,3437.0,3349.0,2114.0
2025-02-16 15:22:45:970	Fenix:arm	debug	-0.03686416384915475,13.00000238416429,1.0,907.0,-0.03343810606567244,1.0,980.0
2025-02-16 15:22:45:973	Fenix:endEffector	debug	0.0,-93.00000000000001,0.3788888888888889
2025-02-16 15:22:45:976	Fenix:stateModels	debug	START, START, START, START, START, START, START, START, START, START
2025-02-16 15:22:45:979	Fenix:buttonPresses	debug	0.0
2025-02-16 15:22:46:010	Fenix:drivetrain	debug	0.5682378626512643,0.5682378626512643,-1.0,0.5682378626512643,2544.0,3222.0,3014.0,1953.0
2025-02-16 15:22:46:024	Fenix:arm	debug	-0.03686416384915475,13.00000238416429,1.0,922.0,-0.03343810606567244,1.0,995.0
2025-02-16 15:22:46:029	Fenix:endEffector	debug	0.0,-93.00000000000001,0.3788888888888889
2025-02-16 15:22:46:031	Fenix:stateModels	debug	START, START, START, START, START, START, START, START, START, START
2025-02-16 15:22:46:033	Fenix:buttonPresses	debug	0.0
2025-02-16 15:22:46:071	Fenix:drivetrain	debug	0.5558980028937489,0.5558980028937489,-1.0,0.5558980028937489,2474.0,2996.0,2916.0,1844.0
2025-02-16 15:22:46:084	Fenix:arm	debug	-0.03686416384915475,13.00000238416429,1.0,1086.0,-0.03343810606567244,1.0,1009.0000000000001
2025-02-16 15:22:46:087	Fenix:endEffector	debug	0.0,-93.00000000000001,0.3788888888888889
2025-02-16 15:22:46:089	Fenix:stateModels	debug	START, START, START, START, START, START, START, START, START, START
2025-02-16 15:22:46:091	Fenix:buttonPresses	debug	0.0
2025-02-16 15:22:46:119	Fenix:drivetrain	debug	0.5558980028937489,0.5558980028937489,-1.0,0.5558980028937489,2219.0,2821.0,2850.0,1691.0
2025-02-16 15:22:46:131	Fenix:arm	debug	-0.03686416384915475,13.00000238416429,1.0,1119.0,-0.03343810606567244,1.0,1013.0000000000001
2025-02-16 15:22:46:134	Fenix:endEffector	debug	0.0,-93.00000000000001,0.3788888888888889
2025-02-16 15:22:46:136	Fenix:stateModels	debug	START, START, START, START, START, START, START, START, START, START
2025-02-16 15:22:46:138	Fenix:buttonPresses	debug	0.0
2025-02-16 15:22:46:168	Fenix:drivetrain	debug	0.5558980028937489,0.5558980028937489,-1.0,0.5558980028937489,2143.0,2905.0,2733.0,1658.0
2025-02-16 15:22:46:180	Fenix:arm	debug	-0.03686416384915475,13.00000238416429,1.0,1122.0,-0.03343810606567244,1.0,1013.0000000000001
2025-02-16 15:22:46:182	Fenix:endEffector	debug	0.0,-93.00000000000001,0.3788888888888889
2025-02-16 15:22:46:184	Fenix:stateModels	debug	START, START, START, START, START, START, START, START, START, START
2025-02-16 15:22:46:186	Fenix:buttonPresses	debug	0.0
2025-02-16 15:22:46:220	Fenix:drivetrain	debug	0.5457377719036579,0.5457377719036579,-1.0,0.5457377719036579,2048.0,2700.0,2620.0,1498.0
2025-02-16 15:22:46:234	Fenix:arm	debug	-0.03686416384915475,13.00000238416429,1.0,1148.0,-0.03343810606567244,1.0,1016.0
2025-02-16 15:22:46:236	Fenix:endEffector	debug	0.0,-93.00000000000001,0.3788888888888889
2025-02-16 15:22:46:238	Fenix:stateModels	debug	START, START, START, START, START, START, START, START, START, START
2025-02-16 15:22:46:241	Fenix:buttonPresses	debug	0.0
2025-02-16 15:22:46:282	Fenix:drivetrain	debug	0.0,0.0,0.0,0.0,608.0,1064.0,1071.0,495.0
2025-02-16 15:22:46:296	Fenix:arm	debug	-0.03686416384915475,13.00000238416429,1.0,1093.0,-0.03343810606567244,1.0,1126.0
2025-02-16 15:22:46:299	Fenix:endEffector	debug	0.0,-93.00000000000001,0.3788888888888889
2025-02-16 15:22:46:302	Fenix:stateModels	debug	START, START, START, START, START, START, START, START, START, START
2025-02-16 15:22:46:305	Fenix:buttonPresses	debug	0.0
2025-02-16 15:22:46:340	Fenix:drivetrain	debug	0.0,0.0,0.0,0.0,29.0,51.0,54.0,36.0
2025-02-16 15:22:46:352	Fenix:arm	debug	0.0,13.00000238416429,1.0,1137.0,-0.03343810606567244,1.0,1195.0
2025-02-16 15:22:46:354	Fenix:endEffector	debug	0.0,-93.00000000000001,0.3788888888888889
2025-02-16 15:22:46:357	Fenix:stateModels	debug	START, START, START, START, START, START, START, START, START, START
2025-02-16 15:22:46:359	Fenix:buttonPresses	debug	0.0
2025-02-16 15:22:46:403	Fenix:drivetrain	debug	0.0,0.0,0.0,0.0,3.0,7.0,7.0,3.0
2025-02-16 15:22:46:419	Fenix:arm	debug	0.0,13.00000238416429,1.0,1053.0,-0.03343810606567244,1.0,1137.0
2025-02-16 15:22:46:422	Fenix:endEffector	debug	0.0,-93.00000000000001,0.3788888888888889
2025-02-16 15:22:46:425	Fenix:stateModels	debug	START, START, START, START, START, START, START, START, START, START
2025-02-16 15:22:46:427	Fenix:buttonPresses	debug	0.0
2025-02-16 15:22:46:460	Fenix:drivetrain	debug	0.0,0.0,0.0,0.0,3.0,3.0,3.0,7.0
2025-02-16 15:22:46:475	Fenix:arm	debug	0.0,13.00000238416429,1.0,1180.0,-0.03343810606567244,1.0,1144.0
2025-02-16 15:22:46:477	Fenix:endEffector	debug	0.0,-93.00000000000001,0.3788888888888889
2025-02-16 15:22:46:479	Fenix:stateModels	debug	START, START, START, START, START, START, START, START, START, START
2025-02-16 15:22:46:481	Fenix:buttonPresses	debug	0.0
2025-02-16 15:22:46:511	Fenix:drivetrain	debug	0.0,0.0,0.0,0.0,3.0,3.0,7.0,3.0
2025-02-16 15:22:46:523	Fenix:arm	debug	0.0,13.00000238416429,1.0,1173.0,-0.03343810606567244,1.0,1148.0
2025-02-16 15:22:46:526	Fenix:endEffector	debug	0.0,-93.00000000000001,0.3788888888888889
2025-02-16 15:22:46:528	Fenix:stateModels	debug	START, START, START, START, START, START, START, START, START, START
2025-02-16 15:22:46:529	Fenix:buttonPresses	debug	0.0
2025-02-16 15:22:46:564	Fenix:drivetrain	debug	0.0,0.0,0.0,0.0,3.0,3.0,3.0,3.0
2025-02-16 15:22:46:580	Fenix:arm	debug	0.0,13.00000238416429,1.0,1155.0,-0.03343810606567244,1.0,1159.0
2025-02-16 15:22:46:584	Fenix:endEffector	debug	0.0,-93.00000000000001,0.3788888888888889
2025-02-16 15:22:46:586	Fenix:stateModels	debug	START, START, START, START, START, START, START, START, START, START
2025-02-16 15:22:46:588	Fenix:buttonPresses	debug	0.0
2025-02-16 15:22:46:617	Fenix:drivetrain	debug	0.0,0.0,0.0,0.0,3.0,3.0,7.0,3.0
2025-02-16 15:22:46:629	Fenix:arm	debug	0.0,13.00000238416429,1.0,1166.0,-0.03343810606567244,1.0,1020.0
2025-02-16 15:22:46:631	Fenix:endEffector	debug	0.0,-93.00000000000001,0.3788888888888889
2025-02-16 15:22:46:633	Fenix:stateModels	debug	START, START, START, START, START, START, START, START, START, START
2025-02-16 15:22:46:635	Fenix:buttonPresses	debug	0.0
2025-02-16 15:22:46:667	Fenix:drivetrain	debug	0.0,0.0,0.0,0.0,0.0,3.0,7.0,3.0
2025-02-16 15:22:46:681	Fenix:arm	debug	0.0,13.00000238416429,1.0,1166.0,-0.03343810606567244,1.0,1013.0000000000001
2025-02-16 15:22:46:683	Fenix:endEffector	debug	0.0,-93.00000000000001,0.3788888888888889
2025-02-16 15:22:46:685	Fenix:stateModels	debug	START, START, START, START, START, START, START, START, START, START
2025-02-16 15:22:46:687	Fenix:buttonPresses	debug	0.0
2025-02-16 15:22:46:715	Fenix:drivetrain	debug	0.0,0.0,0.0,0.0,0.0,0.0,3.0,3.0
2025-02-16 15:22:46:726	Fenix:arm	debug	0.0,13.00000238416429,1.0,1166.0,-0.03343810606567244,1.0,1016.0
2025-02-16 15:22:46:728	Fenix:endEffector	debug	0.0,-93.00000000000001,0.3788888888888889
2025-02-16 15:22:46:730	Fenix:stateModels	debug	START, START, START, START, START, START, START, START, START, START
2025-02-16 15:22:46:732	Fenix:buttonPresses	debug	0.0
2025-02-16 15:22:46:759	Fenix:drivetrain	debug	0.0,0.0,0.0,0.0,3.0,0.0,3.0,0.0
2025-02-16 15:22:46:769	Fenix:arm	debug	0.0,13.00000238416429,1.0,1170.0,-0.03343810606567244,1.0,1020.0
2025-02-16 15:22:46:771	Fenix:endEffector	debug	0.0,-93.00000000000001,0.3788888888888889
2025-02-16 15:22:46:773	Fenix:stateModels	debug	START, START, START, START, START, START, START, START, START, START
2025-02-16 15:22:46:774	Fenix:buttonPresses	debug	0.0
2025-02-16 15:22:46:806	Fenix:drivetrain	debug	0.0,-0.0,-0.0,-0.0,0.0,0.0,3.0,0.0
2025-02-16 15:22:46:816	Fenix:arm	debug	0.0,13.00000238416429,1.0,1173.0,-0.03343810606567244,1.0,1020.0
2025-02-16 15:22:46:818	Fenix:endEffector	debug	0.0,-93.00000000000001,0.3788888888888889
2025-02-16 15:22:46:819	Fenix:stateModels	debug	START, START, START, START, START, START, START, START, START, START
2025-02-16 15:22:46:821	Fenix:buttonPresses	debug	0.0
2025-02-16 15:22:46:847	Fenix:drivetrain	debug	0.0,-0.0,-0.0,-0.0,0.0,0.0,3.0,3.0
2025-02-16 15:22:46:858	Fenix:arm	debug	0.0,13.00000238416429,1.0,1170.0,-0.03343810606567244,1.0,1020.0
2025-02-16 15:22:46:860	Fenix:endEffector	debug	0.0,-93.00000000000001,0.3788888888888889
2025-02-16 15:22:46:862	Fenix:stateModels	debug	START, START, START, START, START, START, START, START, START, START
2025-02-16 15:22:46:864	Fenix:buttonPresses	debug	0.0
2025-02-16 15:22:46:892	Fenix:drivetrain	debug	0.0,-0.0,-0.0,-0.0,0.0,3.0,3.0,3.0
2025-02-16 15:22:46:903	Fenix:arm	debug	0.0,13.00000238416429,1.0,1166.0,-0.03343810606567244,1.0,1020.0
2025-02-16 15:22:46:904	Fenix:endEffector	debug	0.0,-93.00000000000001,0.3788888888888889
2025-02-16 15:22:46:906	Fenix:stateModels	debug	START, START, START, START, START, START, START, START, START, START
2025-02-16 15:22:46:907	Fenix:buttonPresses	debug	0.0
2025-02-16 15:22:46:948	Fenix:drivetrain	debug	0.0,-0.0,-0.0,-0.0,0.0,0.0,3.0,0.0
2025-02-16 15:22:46:961	Fenix:arm	debug	0.0,13.00000238416429,1.0,1177.0,-0.03343810606567244,1.0,1024.0
2025-02-16 15:22:46:965	Fenix:endEffector	debug	0.0,-93.00000000000001,0.3788888888888889
2025-02-16 15:22:46:966	Fenix:stateModels	debug	START, START, START, START, START, START, START, START, START, START
2025-02-16 15:22:46:968	Fenix:buttonPresses	debug	0.0
2025-02-16 15:22:46:999	Fenix:drivetrain	debug	0.0,-0.0,-0.0,-0.0,3.0,0.0,3.0,7.0
2025-02-16 15:22:47:014	Fenix:arm	debug	0.0,13.00000238416429,1.0,1177.0,-0.03343810606567244,1.0,1024.0
2025-02-16 15:22:47:017	Fenix:endEffector	debug	0.0,-93.00000000000001,0.3788888888888889
2025-02-16 15:22:47:019	Fenix:stateModels	debug	START, START, START, START, START, START, START, START, START, START
2025-02-16 15:22:47:021	Fenix:buttonPresses	debug	0.0
2025-02-16 15:22:47:053	Fenix:drivetrain	debug	0.0,-0.0,-0.0,-0.0,3.0,3.0,3.0,3.0
2025-02-16 15:22:47:065	Fenix:arm	debug	0.0,13.00000238416429,1.0,1180.0,-0.03343810606567244,1.0,882.0
2025-02-16 15:22:47:067	Fenix:endEffector	debug	0.0,-93.00000000000001,0.3788888888888889
2025-02-16 15:22:47:069	Fenix:stateModels	debug	START, START, START, START, START, START, START, START, START, START
2025-02-16 15:22:47:072	Fenix:buttonPresses	debug	0.0
2025-02-16 15:22:47:101	Fenix:drivetrain	debug	0.0,-0.0,-0.0,-0.0,3.0,0.0,3.0,3.0
2025-02-16 15:22:47:115	Fenix:arm	debug	0.0,13.00000238416429,1.0,1177.0,-0.03343810606567244,1.0,863.0
2025-02-16 15:22:47:120	Fenix:endEffector	debug	0.0,-93.00000000000001,0.3788888888888889
2025-02-16 15:22:47:122	Fenix:stateModels	debug	START, START, START, START, START, START, START, START, START, START
2025-02-16 15:22:47:124	Fenix:buttonPresses	debug	0.0
2025-02-16 15:22:47:152	Fenix:drivetrain	debug	0.0,-0.0,-0.0,-0.0,0.0,0.0,3.0,3.0
2025-02-16 15:22:47:167	Fenix:arm	debug	0.0,13.00000238416429,1.0,1173.0,-0.03343810606567244,1.0,860.0
2025-02-16 15:22:47:170	Fenix:endEffector	debug	0.0,-93.00000000000001,0.3788888888888889
2025-02-16 15:22:47:172	Fenix:stateModels	debug	START, START, START, START, START, START, START, START, START, START
2025-02-16 15:22:47:175	Fenix:buttonPresses	debug	0.0
2025-02-16 15:22:47:203	Fenix:drivetrain	debug	0.0,-0.0,-0.0,-0.0,0.0,3.0,3.0,14.0
2025-02-16 15:22:47:219	Fenix:arm	debug	0.0,13.00000238416429,1.0,1195.0,-0.03343810606567244,1.0,860.0
2025-02-16 15:22:47:222	Fenix:endEffector	debug	0.0,-93.00000000000001,0.3788888888888889
2025-02-16 15:22:47:225	Fenix:stateModels	debug	START, START, START, START, START, START, START, START, START, START
2025-02-16 15:22:47:227	Fenix:buttonPresses	debug	0.0
2025-02-16 15:22:47:258	Fenix:drivetrain	debug	0.0,-0.0,-0.0,-0.0,0.0,3.0,3.0,0.0
2025-02-16 15:22:47:270	Fenix:arm	debug	0.0,13.00000238416429,1.0,1184.0,-0.03343810606567244,1.0,856.0
2025-02-16 15:22:47:272	Fenix:endEffector	debug	0.0,-93.00000000000001,0.3788888888888889
2025-02-16 15:22:47:275	Fenix:stateModels	debug	START, START, START, START, START, START, START, START, START, START
2025-02-16 15:22:47:277	Fenix:buttonPresses	debug	0.0
2025-02-16 15:22:47:312	Fenix:drivetrain	debug	0.0,-0.0,-0.0,-0.0,3.0,0.0,3.0,7.0
2025-02-16 15:22:47:324	Fenix:arm	debug	0.0,13.00000238416429,1.0,1184.0,-0.03343810606567244,1.0,852.0
2025-02-16 15:22:47:327	Fenix:endEffector	debug	0.0,-93.00000000000001,0.3788888888888889
2025-02-16 15:22:47:329	Fenix:stateModels	debug	START, START, START, START, START, START, START, START, START, START
2025-02-16 15:22:47:331	Fenix:buttonPresses	debug	0.0
2025-02-16 15:22:47:363	Fenix:drivetrain	debug	0.0,-0.0,-0.0,-0.0,0.0,0.0,3.0,0.0
2025-02-16 15:22:47:375	Fenix:arm	debug	0.0,13.00000238416429,1.0,1195.0,-0.03343810606567244,1.0,860.0
2025-02-16 15:22:47:376	Fenix:endEffector	debug	0.0,-93.00000000000001,0.3788888888888889
2025-02-16 15:22:47:378	Fenix:stateModels	debug	START, START, START, START, START, START, START, START, START, START
2025-02-16 15:22:47:380	Fenix:buttonPresses	debug	0.0
2025-02-16 15:22:47:412	Fenix:drivetrain	debug	0.0,-0.0,-0.0,-0.0,3.0,0.0,3.0,0.0
2025-02-16 15:22:47:424	Fenix:arm	debug	0.0,13.00000238416429,1.0,1184.0,-0.03343810606567244,1.0,856.0
2025-02-16 15:22:47:427	Fenix:endEffector	debug	0.0,-93.00000000000001,0.3788888888888889
2025-02-16 15:22:47:429	Fenix:stateModels	debug	START, START, START, START, START, START, START, START, START, START
2025-02-16 15:22:47:431	Fenix:buttonPresses	debug	0.0
2025-02-16 15:22:47:469	Fenix:drivetrain	debug	0.0,-0.0,-0.0,-0.0,3.0,3.0,3.0,3.0
2025-02-16 15:22:47:481	Fenix:arm	debug	0.0,13.00000238416429,1.0,1177.0,-0.03343810606567244,1.0,856.0
2025-02-16 15:22:47:484	Fenix:endEffector	debug	0.0,-93.00000000000001,0.3788888888888889
2025-02-16 15:22:47:486	Fenix:stateModels	debug	START, START, START, START, START, START, START, START, START, START
2025-02-16 15:22:47:488	Fenix:buttonPresses	debug	0.0
2025-02-16 15:22:47:523	Fenix:drivetrain	debug	0.0,-0.0,-0.0,-0.0,3.0,3.0,3.0,0.0
2025-02-16 15:22:47:537	Fenix:arm	debug	0.0,13.00000238416429,1.0,1199.0,-0.03343810606567244,1.0,856.0
2025-02-16 15:22:47:539	Fenix:endEffector	debug	0.0,-93.00000000000001,0.3788888888888889
2025-02-16 15:22:47:541	Fenix:stateModels	debug	START, START, START, START, START, START, START, START, START, START
2025-02-16 15:22:47:543	Fenix:buttonPresses	debug	0.0
2025-02-16 15:22:47:570	Fenix:drivetrain	debug	0.0,-0.0,-0.0,-0.0,3.0,3.0,3.0,0.0
2025-02-16 15:22:47:582	Fenix:arm	debug	0.0,13.00000238416429,1.0,1188.0,-0.03343810606567244,1.0,860.0
2025-02-16 15:22:47:584	Fenix:endEffector	debug	0.0,-93.00000000000001,0.3788888888888889
2025-02-16 15:22:47:586	Fenix:stateModels	debug	START, START, START, START, START, START, START, START, START, START
2025-02-16 15:22:47:588	Fenix:buttonPresses	debug	0.0
2025-02-16 15:22:47:614	Fenix:drivetrain	debug	0.0,-0.0,-0.0,-0.0,3.0,3.0,3.0,3.0
2025-02-16 15:22:47:627	Fenix:arm	debug	0.0,13.00000238416429,1.0,1195.0,-0.03343810606567244,1.0,856.0
2025-02-16 15:22:47:631	Fenix:endEffector	debug	0.0,-93.00000000000001,0.3788888888888889
2025-02-16 15:22:47:633	Fenix:stateModels	debug	START, START, START, START, START, START, START, START, START, START
2025-02-16 15:22:47:634	Fenix:buttonPresses	debug	0.0
2025-02-16 15:22:47:662	Fenix:drivetrain	debug	0.0,-0.0,-0.0,-0.0,0.0,0.0,3.0,3.0
2025-02-16 15:22:47:675	Fenix:arm	debug	0.0,13.00000238416429,1.0,1177.0,-0.03343810606567244,1.0,860.0
2025-02-16 15:22:47:677	Fenix:endEffector	debug	0.0,-93.00000000000001,0.3788888888888889
2025-02-16 15:22:47:678	Fenix:stateModels	debug	START, START, START, START, START, START, START, START, START, START
2025-02-16 15:22:47:680	Fenix:buttonPresses	debug	0.0
2025-02-16 15:22:47:705	Fenix:drivetrain	debug	0.0,-0.0,-0.0,-0.0,3.0,0.0,3.0,0.0
2025-02-16 15:22:47:716	Fenix:arm	debug	0.0,13.00000238416429,1.0,1199.0,-0.03343810606567244,1.0,856.0
2025-02-16 15:22:47:718	Fenix:endEffector	debug	0.0,-93.00000000000001,0.3788888888888889
2025-02-16 15:22:47:720	Fenix:stateModels	debug	START, START, START, START, START, START, START, START, START, START
2025-02-16 15:22:47:722	Fenix:buttonPresses	debug	0.0
2025-02-16 15:22:47:748	Fenix:drivetrain	debug	0.0,-0.0,-0.0,-0.0,3.0,3.0,3.0,3.0
2025-02-16 15:22:47:759	Fenix:arm	debug	0.0,13.00000238416429,1.0,1188.0,-0.03343810606567244,1.0,860.0
2025-02-16 15:22:47:761	Fenix:endEffector	debug	0.0,-93.00000000000001,0.3788888888888889
2025-02-16 15:22:47:763	Fenix:stateModels	debug	START, START, START, START, START, START, START, START, START, START
2025-02-16 15:22:47:764	Fenix:buttonPresses	debug	0.0
2025-02-16 15:22:47:791	Fenix:drivetrain	debug	0.0,-0.0,-0.0,-0.0,3.0,0.0,3.0,3.0
2025-02-16 15:22:47:802	Fenix:arm	debug	0.0,13.00000238416429,1.0,1188.0,-0.03343810606567244,1.0,856.0
2025-02-16 15:22:47:804	Fenix:endEffector	debug	0.0,-93.00000000000001,0.3788888888888889
2025-02-16 15:22:47:808	Fenix:stateModels	debug	START, START, START, START, START, START, START, START, START, START
2025-02-16 15:22:47:809	Fenix:buttonPresses	debug	0.0
2025-02-16 15:22:47:844	Fenix:drivetrain	debug	0.0,-0.0,-0.0,-0.0,3.0,3.0,3.0,0.0
2025-02-16 15:22:47:856	Fenix:arm	debug	0.0,13.00000238416429,1.0,1199.0,-0.03343810606567244,1.0,860.0
2025-02-16 15:22:47:858	Fenix:endEffector	debug	0.0,-93.00000000000001,0.3788888888888889
2025-02-16 15:22:47:859	Fenix:stateModels	debug	START, START, START, START, START, START, START, START, START, START
2025-02-16 15:22:47:861	Fenix:buttonPresses	debug	0.0
2025-02-16 15:22:47:889	Fenix:drivetrain	debug	0.0,-0.0,-0.0,-0.0,0.0,0.0,3.0,3.0
2025-02-16 15:22:47:900	Fenix:arm	debug	0.0,13.00000238416429,1.0,1202.0,-0.03343810606567244,1.0,765.0
2025-02-16 15:22:47:901	Fenix:endEffector	debug	0.0,-93.00000000000001,0.3788888888888889
2025-02-16 15:22:47:903	Fenix:stateModels	debug	START, START, START, START, START, START, START, START, START, START
2025-02-16 15:22:47:904	Fenix:buttonPresses	debug	0.0
2025-02-16 15:22:47:945	Fenix:drivetrain	debug	0.4930772453089661,0.4930772453089661,-1.0,0.4930772453089661,1917.0,3244.0,4596.0,1527.0
2025-02-16 15:22:47:955	Fenix:arm	debug	0.0,13.00000238416429,1.0,929.0,-0.03343810606567244,1.0,477.0
2025-02-16 15:22:47:957	Fenix:endEffector	debug	0.0,-93.00000000000001,0.3788888888888889
2025-02-16 15:22:47:959	Fenix:stateModels	debug	START, START, START, START, START, START, START, START, START, START
2025-02-16 15:22:47:961	Fenix:buttonPresses	debug	0.0
2025-02-16 15:22:48:000	Fenix:drivetrain	debug	0.4930772453089661,0.4930772453089661,-1.0,0.4930772453089661,3568.0,6160.0,5252.0,2999.0
2025-02-16 15:22:48:012	Fenix:arm	debug	0.0,13.00000238416429,1.0,896.0,-0.03343810606567244,1.0,481.0
2025-02-16 15:22:48:015	Fenix:endEffector	debug	0.0,-93.00000000000001,0.3788888888888889
2025-02-16 15:22:48:017	Fenix:stateModels	debug	START, START, START, START, START, START, START, START, START, START
2025-02-16 15:22:48:019	Fenix:buttonPresses	debug	0.0
2025-02-16 15:22:48:047	Fenix:drivetrain	debug	0.4930772453089661,0.4930772453089661,-1.0,0.4930772453089661,3360.0,5128.0,5325.0,2766.0
2025-02-16 15:22:48:062	Fenix:arm	debug	0.0,13.00000238416429,1.0,1057.0,-0.03343810606567244,1.0,495.0
2025-02-16 15:22:48:065	Fenix:endEffector	debug	0.0,-93.00000000000001,0.3788888888888889
2025-02-16 15:22:48:067	Fenix:stateModels	debug	START, START, START, START, START, START, START, START, START, START
2025-02-16 15:22:48:068	Fenix:buttonPresses	debug	0.0
2025-02-16 15:22:48:096	Fenix:drivetrain	debug	0.4930772453089661,0.4930772453089661,-1.0,0.4930772453089661,3101.0,5175.0,4979.0,2540.0
2025-02-16 15:22:48:107	Fenix:arm	debug	0.0,13.00000238416429,1.0,1075.0,-0.03343810606567244,1.0,503.0
2025-02-16 15:22:48:109	Fenix:endEffector	debug	0.0,-93.00000000000001,0.3788888888888889
2025-02-16 15:22:48:111	Fenix:stateModels	debug	START, START, START, START, START, START, START, START, START, START
2025-02-16 15:22:48:113	Fenix:buttonPresses	debug	0.0
2025-02-16 15:22:48:141	Fenix:drivetrain	debug	0.4930772453089661,0.4930772453089661,-1.0,0.4930772453089661,2996.0,4621.0,4632.0,2259.0
2025-02-16 15:22:48:154	Fenix:arm	debug	0.0,13.00000238416429,1.0,1115.0,-0.03343810606567244,1.0,528.0
2025-02-16 15:22:48:158	Fenix:endEffector	debug	0.0,-93.00000000000001,0.3788888888888889
2025-02-16 15:22:48:160	Fenix:stateModels	debug	START, START, START, START, START, START, START, START, START, START
2025-02-16 15:22:48:162	Fenix:buttonPresses	debug	0.0
2025-02-16 15:22:48:194	Fenix:drivetrain	debug	0.47819996229786693,0.47819996229786693,-1.0,0.47819996229786693,2664.0,4319.0,4395.0,1990.0
2025-02-16 15:22:48:206	Fenix:arm	debug	0.0,13.00000238416429,1.0,1126.0,-0.03343810606567244,1.0,539.0
2025-02-16 15:22:48:208	Fenix:endEffector	debug	0.0,-93.00000000000001,0.3788888888888889
2025-02-16 15:22:48:210	Fenix:stateModels	debug	START, START, START, START, START, START, START, START, START, START
2025-02-16 15:22:48:212	Fenix:buttonPresses	debug	0.0
2025-02-16 15:22:48:250	Fenix:drivetrain	debug	0.0,0.0,0.0,0.0,783.0,1669.0,1749.0,579.0
2025-02-16 15:22:48:265	Fenix:arm	debug	0.0,13.00000238416429,1.0,1279.0,-0.03343810606567244,1.0,659.0
2025-02-16 15:22:48:268	Fenix:endEffector	debug	0.0,-93.00000000000001,0.3788888888888889
2025-02-16 15:22:48:271	Fenix:stateModels	debug	START, START, START, START, START, START, START, START, START, START
2025-02-16 15:22:48:274	Fenix:buttonPresses	debug	0.0
2025-02-16 15:22:48:307	Fenix:drivetrain	debug	0.0,0.0,0.0,0.0,51.0,80.0,83.0,40.0
2025-02-16 15:22:48:318	Fenix:arm	debug	0.0,13.00000238416429,1.0,1348.0,-0.03343810606567244,1.0,692.0
2025-02-16 15:22:48:320	Fenix:endEffector	debug	0.0,-93.00000000000001,0.3788888888888889
2025-02-16 15:22:48:323	Fenix:stateModels	debug	START, START, START, START, START, START, START, START, START, START
2025-02-16 15:22:48:325	Fenix:buttonPresses	debug	0.0
2025-02-16 15:22:48:353	Fenix:drivetrain	debug	0.0,0.0,0.0,0.0,7.0,10.0,18.0,7.0
2025-02-16 15:22:48:367	Fenix:arm	debug	0.0,13.00000238416429,1.0,58.0,-0.03343810606567244,1.0,568.0
2025-02-16 15:22:48:369	Fenix:endEffector	debug	0.0,-93.00000000000001,0.3788888888888889
2025-02-16 15:22:48:371	Fenix:stateModels	debug	START, START, START, START, START, START, START, START, START, START
2025-02-16 15:22:48:373	Fenix:buttonPresses	debug	0.0
2025-02-16 15:22:48:411	Fenix:drivetrain	debug	0.6527191596452315,-0.6527191596452314,-0.650448007572977,-0.6527191596452314,2726.0,2875.0,1895.0,2759.0
2025-02-16 15:22:48:429	Fenix:arm	debug	0.03686416384915475,13.00000238416429,1.0,532.0,-0.03343810606567244,1.0,360.0
2025-02-16 15:22:48:432	Fenix:endEffector	debug	0.0,-93.00000000000001,0.3788888888888889
2025-02-16 15:22:48:435	Fenix:stateModels	debug	START, START, START, START, START, START, START, START, START, START
2025-02-16 15:22:48:438	Fenix:buttonPresses	debug	0.0
2025-02-16 15:22:48:490	Fenix:drivetrain	debug	0.8977748031110787,-0.8977748031110787,-1.0,-0.8977748031110787,4443.0,4833.0,3881.0,3185.0
2025-02-16 15:22:48:503	Fenix:arm	debug	0.024576109232769833,13.00000238416429,1.0,645.0,-0.03343810606567244,1.0,287.0
2025-02-16 15:22:48:505	Fenix:endEffector	debug	0.0,-93.00000000000001,0.3788888888888889
2025-02-16 15:22:48:507	Fenix:stateModels	debug	START, START, START, START, START, START, START, START, START, START
2025-02-16 15:22:48:508	Fenix:buttonPresses	debug	0.0
2025-02-16 15:22:48:551	Fenix:drivetrain	debug	0.6503446705076221,-0.6503446705076222,-1.0,-0.6503446705076222,2114.0,4137.0,3655.0,1250.0
2025-02-16 15:22:48:568	Fenix:arm	debug	0.03686416384915475,13.00000238416429,1.0,743.0,-0.03343810606567244,1.0,364.0
2025-02-16 15:22:48:572	Fenix:endEffector	debug	0.0,-93.00000000000001,0.3788888888888889
2025-02-16 15:22:48:574	Fenix:stateModels	debug	START, START, START, START, START, START, START, START, START, START
2025-02-16 15:22:48:576	Fenix:buttonPresses	debug	0.0
2025-02-16 15:22:48:615	Fenix:drivetrain	debug	0.0,0.0,0.0,0.0,517.0,1191.0,1013.0000000000001,225.0
2025-02-16 15:22:48:626	Fenix:arm	debug	0.06144027308192458,13.00000238416429,1.0,831.0,0.0,1.0,459.0
2025-02-16 15:22:48:628	Fenix:endEffector	debug	0.0,-93.00000000000001,0.3788888888888889
2025-02-16 15:22:48:630	Fenix:stateModels	debug	START, START, START, START, START, START, START, START, START, START
2025-02-16 15:22:48:632	Fenix:buttonPresses	debug	0.0
2025-02-16 15:22:48:660	Fenix:drivetrain	debug	0.0,0.0,0.0,0.0,36.0,145.0,120.0,18.0
2025-02-16 15:22:48:673	Fenix:arm	debug	0.17203276462938882,13.0,1.0,561.0,0.0,1.0,681.0
2025-02-16 15:22:48:678	Fenix:endEffector	debug	0.0,-93.00000000000001,0.3788888888888889
2025-02-16 15:22:48:681	Fenix:stateModels	debug	START, START, START, START, START, START, START, START, START, START
2025-02-16 15:22:48:682	Fenix:buttonPresses	debug	0.0
2025-02-16 15:22:48:710	Fenix:drivetrain	debug	0.0,0.0,0.0,0.0,10.0,18.0,14.0,7.0
2025-02-16 15:22:48:723	Fenix:arm	debug	0.09830443693107933,13.0,1.0,623.0,0.0,1.0,510.0
2025-02-16 15:22:48:724	Fenix:endEffector	debug	0.0,-93.00000000000001,0.3788888888888889
2025-02-16 15:22:48:727	Fenix:stateModels	debug	START, START, START, START, START, START, START, START, START, START
2025-02-16 15:22:48:728	Fenix:buttonPresses	debug	0.0
2025-02-16 15:22:48:754	Fenix:drivetrain	debug	0.0,0.0,0.0,0.0,3.0,3.0,7.0,3.0
2025-02-16 15:22:48:765	Fenix:arm	debug	0.09830443693107933,13.0,1.0,1228.0,0.0,1.0,492.0
2025-02-16 15:22:48:767	Fenix:endEffector	debug	0.0,-93.00000000000001,0.3788888888888889
2025-02-16 15:22:48:769	Fenix:stateModels	debug	START, START, START, START, START, START, START, START, START, START
2025-02-16 15:22:48:771	Fenix:buttonPresses	debug	0.0
2025-02-16 15:22:48:797	Fenix:drivetrain	debug	0.0,0.0,0.0,0.0,3.0,3.0,3.0,0.0
2025-02-16 15:22:48:807	Fenix:arm	debug	0.09830443693107933,13.0,1.0,1170.0,0.0,1.0,470.0
2025-02-16 15:22:48:808	Fenix:endEffector	debug	0.0,-93.00000000000001,0.3788888888888889
2025-02-16 15:22:48:810	Fenix:stateModels	debug	START, START, START, START, START, START, START, START, START, START
2025-02-16 15:22:48:811	Fenix:buttonPresses	debug	0.0
2025-02-16 15:22:48:836	Fenix:drivetrain	debug	0.0,0.0,0.0,0.0,3.0,3.0,7.0,3.0
2025-02-16 15:22:48:847	Fenix:arm	debug	0.09830443693107933,13.0,1.0,1195.0,0.0,1.0,488.0
2025-02-16 15:22:48:849	Fenix:endEffector	debug	0.0,-93.00000000000001,0.3788888888888889
2025-02-16 15:22:48:850	Fenix:stateModels	debug	START, START, START, START, START, START, START, START, START, START
2025-02-16 15:22:48:852	Fenix:buttonPresses	debug	0.0
2025-02-16 15:22:48:878	Fenix:drivetrain	debug	0.0,0.0,0.0,0.0,3.0,3.0,3.0,3.0
2025-02-16 15:22:48:888	Fenix:arm	debug	0.09830443693107933,13.0,1.0,1261.0,0.0,1.0,488.0
2025-02-16 15:22:48:890	Fenix:endEffector	debug	0.0,-93.00000000000001,0.3788888888888889
2025-02-16 15:22:48:892	Fenix:stateModels	debug	START, START, START, START, START, START, START, START, START, START
2025-02-16 15:22:48:893	Fenix:buttonPresses	debug	0.0
2025-02-16 15:22:48:922	Fenix:drivetrain	debug	0.0,0.0,0.0,0.0,3.0,3.0,3.0,0.0
2025-02-16 15:22:48:939	Fenix:arm	debug	0.09830443693107933,13.0,1.0,1337.0,0.0,1.0,499.0
2025-02-16 15:22:48:941	Fenix:endEffector	debug	0.0,-93.00000000000001,0.3788888888888889
2025-02-16 15:22:48:943	Fenix:stateModels	debug	START, START, START, START, START, START, START, START, START, START
2025-02-16 15:22:48:945	Fenix:buttonPresses	debug	0.0
2025-02-16 15:22:48:991	Fenix:drivetrain	debug	0.3961768552723345,0.3961768552723345,1.0,0.3961768552723345,1844.0,3163.0,4035.0,1501.0
2025-02-16 15:22:49:002	Fenix:arm	debug	0.09830443693107933,13.0,1.0,1086.0,0.0,1.0,324.0
2025-02-16 15:22:49:004	Fenix:endEffector	debug	0.0,-93.00000000000001,0.3788888888888889
2025-02-16 15:22:49:006	Fenix:stateModels	debug	START, START, START, START, START, START, START, START, START, START
2025-02-16 15:22:49:007	Fenix:buttonPresses	debug	0.0
2025-02-16 15:22:49:033	Fenix:drivetrain	debug	0.3961768552723345,0.3961768552723345,1.0,0.3961768552723345,2369.0,6561.0,5857.0,2340.0
2025-02-16 15:22:49:043	Fenix:arm	debug	0.0737283276983095,13.0,1.0,918.0,0.0,1.0,309.0
2025-02-16 15:22:49:045	Fenix:endEffector	debug	0.0,-93.00000000000001,0.3788888888888889
2025-02-16 15:22:49:047	Fenix:stateModels	debug	START, START, START, START, START, START, START, START, START, START
2025-02-16 15:22:49:048	Fenix:buttonPresses	debug	0.0
2025-02-16 15:22:49:083	Fenix:drivetrain	debug	0.3961768552723345,0.3961768552723345,1.0,0.3961768552723345,2099.0,6706.0,4712.0,2066.0
2025-02-16 15:22:49:098	Fenix:arm	debug	0.04915221846553967,13.0,1.0,991.0,0.0,1.0,346.0
2025-02-16 15:22:49:101	Fenix:endEffector	debug	0.0,-93.00000000000001,0.3788888888888889
2025-02-16 15:22:49:103	Fenix:stateModels	debug	START, START, START, START, START, START, START, START, START, START
2025-02-16 15:22:49:104	Fenix:buttonPresses	debug	0.0
2025-02-16 15:22:49:138	Fenix:drivetrain	debug	0.4084196913089762,0.4084196913089762,1.0,0.4084196913089762,1694.0,6061.0,4742.0,1534.0
2025-02-16 15:22:49:150	Fenix:arm	debug	0.04915221846553967,13.0,1.0,980.0,0.0,1.0,349.0
2025-02-16 15:22:49:152	Fenix:endEffector	debug	0.0,-93.00000000000001,0.3788888888888889
2025-02-16 15:22:49:154	Fenix:stateModels	debug	START, START, START, START, START, START, START, START, START, START
2025-02-16 15:22:49:156	Fenix:buttonPresses	debug	0.0
2025-02-16 15:22:49:188	Fenix:drivetrain	debug	0.420045922368642,0.420045922368642,1.0,0.420045922368642,1436.0,5485.0,4749.0,998.0
2025-02-16 15:22:49:206	Fenix:arm	debug	0.03686416384915475,13.0,1.0,1104.0,0.0,1.0,324.0
2025-02-16 15:22:49:211	Fenix:endEffector	debug	0.0,-93.00000000000001,0.3788888888888889
2025-02-16 15:22:49:213	Fenix:stateModels	debug	START, START, START, START, START, START, START, START, START, START
2025-02-16 15:22:49:215	Fenix:buttonPresses	debug	0.0
2025-02-16 15:22:49:248	Fenix:drivetrain	debug	0.4338497282038971,0.4338497282038971,1.0,0.4338497282038971,1108.0,4869.0,4024.0,787.0
2025-02-16 15:22:49:260	Fenix:arm	debug	0.03686416384915475,13.0,1.0,1279.0,0.0,1.0,368.0
2025-02-16 15:22:49:263	Fenix:endEffector	debug	0.0,-93.00000000000001,0.3788888888888889
2025-02-16 15:22:49:265	Fenix:stateModels	debug	START, START, START, START, START, START, START, START, START, START
2025-02-16 15:22:49:268	Fenix:buttonPresses	debug	0.0
2025-02-16 15:22:49:307	Fenix:drivetrain	debug	0.0,0.0,0.0,0.0,470.0,1807.0,1461.0,273.0
2025-02-16 15:22:49:322	Fenix:arm	debug	0.03686416384915475,13.0,1.0,1476.0,0.0,1.0,451.0
2025-02-16 15:22:49:325	Fenix:endEffector	debug	0.0,-93.00000000000001,0.3788888888888889
2025-02-16 15:22:49:328	Fenix:stateModels	debug	START, START, START, START, START, START, START, START, START, START
2025-02-16 15:22:49:331	Fenix:buttonPresses	debug	0.0
2025-02-16 15:22:49:362	Fenix:drivetrain	debug	0.0,0.0,0.0,0.0,18.0,142.0,112.0,10.0
2025-02-16 15:22:49:374	Fenix:arm	debug	0.03686416384915475,13.0,1.0,1720.0,0.0,1.0,441.0
2025-02-16 15:22:49:376	Fenix:endEffector	debug	0.0,-93.00000000000001,0.3788888888888889
2025-02-16 15:22:49:379	Fenix:stateModels	debug	START, START, START, START, START, START, START, START, START, START
2025-02-16 15:22:49:381	Fenix:buttonPresses	debug	0.0
2025-02-16 15:22:49:410	Fenix:drivetrain	debug	0.0,0.0,0.0,0.0,3.0,18.0,14.0,0.0
2025-02-16 15:22:49:422	Fenix:arm	debug	0.03686416384915475,13.0,1.0,1756.0,0.0,1.0,492.0
2025-02-16 15:22:49:425	Fenix:endEffector	debug	0.0,-93.00000000000001,0.3788888888888889
2025-02-16 15:22:49:427	Fenix:stateModels	debug	START, START, START, START, START, START, START, START, START, START
2025-02-16 15:22:49:430	Fenix:buttonPresses	debug	0.0
2025-02-16 15:22:49:466	Fenix:drivetrain	debug	0.0,0.0,0.0,0.0,3.0,3.0,7.0,0.0
2025-02-16 15:22:49:480	Fenix:arm	debug	0.03686416384915475,13.0,1.0,1775.0,0.0,1.0,503.0
2025-02-16 15:22:49:484	Fenix:endEffector	debug	0.0,-93.00000000000001,0.3788888888888889
2025-02-16 15:22:49:486	Fenix:stateModels	debug	START, START, START, START, START, START, START, START, START, START
2025-02-16 15:22:49:489	Fenix:buttonPresses	debug	0.0
2025-02-16 15:22:49:523	Fenix:drivetrain	debug	0.0,0.0,0.0,0.0,3.0,3.0,7.0,3.0
2025-02-16 15:22:49:535	Fenix:arm	debug	0.03686416384915475,13.0,1.0,1844.0,0.0,1.0,451.0
2025-02-16 15:22:49:537	Fenix:endEffector	debug	0.0,-93.00000000000001,0.3788888888888889
2025-02-16 15:22:49:539	Fenix:stateModels	debug	START, START, START, START, START, START, START, START, START, START
2025-02-16 15:22:49:541	Fenix:buttonPresses	debug	0.0
2025-02-16 15:22:49:573	Fenix:drivetrain	debug	0.0,0.0,0.0,0.0,3.0,3.0,10.0,10.0
2025-02-16 15:22:49:585	Fenix:arm	debug	0.03686416384915475,13.0,1.0,1873.0,0.0,1.0,462.0
2025-02-16 15:22:49:587	Fenix:endEffector	debug	0.0,-93.00000000000001,0.3788888888888889
2025-02-16 15:22:49:589	Fenix:stateModels	debug	START, START, START, START, START, START, START, START, START, START
2025-02-16 15:22:49:591	Fenix:buttonPresses	debug	0.0
2025-02-16 15:22:49:628	Fenix:drivetrain	debug	0.0,0.0,0.0,0.0,3.0,3.0,7.0,3.0
2025-02-16 15:22:49:644	Fenix:arm	debug	0.03686416384915475,13.0,1.0,1942.0,0.0,1.0,484.0
2025-02-16 15:22:49:648	Fenix:endEffector	debug	0.0,-93.00000000000001,0.3788888888888889
2025-02-16 15:22:49:650	Fenix:stateModels	debug	START, START, START, START, START, START, START, START, START, START
2025-02-16 15:22:49:652	Fenix:buttonPresses	debug	0.0
2025-02-16 15:22:49:701	Fenix:drivetrain	debug	-0.7380611148190546,0.7380611148190547,0.7365239841573946,0.7380611148190547,4435.0,3561.0,3342.0,2679.0
2025-02-16 15:22:49:716	Fenix:arm	debug	0.03686416384915475,13.0,1.0,1479.0,0.0,1.0,386.0
2025-02-16 15:22:49:722	Fenix:endEffector	debug	0.0,-93.00000000000001,0.3788888888888889
2025-02-16 15:22:49:724	Fenix:stateModels	debug	START, START, START, START, START, START, START, START, START, START
2025-02-16 15:22:49:727	Fenix:buttonPresses	debug	0.0
2025-02-16 15:22:49:763	Fenix:drivetrain	debug	0.0,0.0,0.0,0.0,1709.0,2019.0,2139.0,1304.0
2025-02-16 15:22:49:775	Fenix:arm	debug	0.012288054616384917,13.0,1.0,1414.0,0.0,1.0,415.0
2025-02-16 15:22:49:777	Fenix:endEffector	debug	0.0,-93.00000000000001,0.3788888888888889
2025-02-16 15:22:49:779	Fenix:stateModels	debug	START, START, START, START, START, START, START, START, START, START
2025-02-16 15:22:49:781	Fenix:buttonPresses	debug	0.0
2025-02-16 15:22:49:811	Fenix:drivetrain	debug	0.0,0.0,0.0,0.0,105.0,138.0,149.0,80.0
2025-02-16 15:22:49:822	Fenix:arm	debug	-0.04915221846553967,13.00000238416429,1.0,1512.0,-0.03343810606567244,1.0,444.0
2025-02-16 15:22:49:825	Fenix:endEffector	debug	0.0,-93.00000000000001,0.3788888888888889
2025-02-16 15:22:49:827	Fenix:stateModels	debug	START, START, START, START, START, START, START, START, START, START
2025-02-16 15:22:49:829	Fenix:buttonPresses	debug	0.0
2025-02-16 15:22:49:859	Fenix:drivetrain	debug	0.0,0.0,0.0,0.0,14.0,14.0,14.0,10.0
2025-02-16 15:22:49:872	Fenix:arm	debug	-0.04915221846553967,13.00000238416429,1.0,1749.0,-0.03343810606567244,1.0,335.0
2025-02-16 15:22:49:874	Fenix:endEffector	debug	0.0,-93.00000000000001,0.3788888888888889
2025-02-16 15:22:49:877	Fenix:stateModels	debug	START, START, START, START, START, START, START, START, START, START
2025-02-16 15:22:49:881	Fenix:buttonPresses	debug	0.0
2025-02-16 15:22:49:910	Fenix:drivetrain	debug	0.0,0.0,0.0,0.0,3.0,3.0,7.0,3.0
2025-02-16 15:22:49:922	Fenix:arm	debug	-0.03686416384915475,13.00000238416429,1.0,83.0,-0.03343810606567244,1.0,488.0
2025-02-16 15:22:49:924	Fenix:endEffector	debug	0.0,-93.00000000000001,0.3788888888888889
2025-02-16 15:22:49:926	Fenix:stateModels	debug	START, START, START, START, START, START, START, START, START, START
2025-02-16 15:22:49:927	Fenix:buttonPresses	debug	0.0
2025-02-16 15:22:49:954	Fenix:drivetrain	debug	0.0,0.0,0.0,0.0,3.0,0.0,3.0,0.0
2025-02-16 15:22:49:966	Fenix:arm	debug	-0.03686416384915475,13.00000238416429,1.0,470.0,-0.03343810606567244,1.0,499.0
2025-02-16 15:22:49:967	Fenix:endEffector	debug	0.0,-93.00000000000001,0.3788888888888889
2025-02-16 15:22:49:969	Fenix:stateModels	debug	START, START, START, START, START, START, START, START, START, START
2025-02-16 15:22:49:971	Fenix:buttonPresses	debug	0.0
2025-02-16 15:22:49:998	Fenix:drivetrain	debug	0.0,0.0,0.0,0.0,3.0,3.0,3.0,3.0
2025-02-16 15:22:50:009	Fenix:arm	debug	-0.03686416384915475,13.00000238416429,1.0,371.0,-0.03343810606567244,1.0,503.0
2025-02-16 15:22:50:011	Fenix:endEffector	debug	0.0,-93.00000000000001,0.3788888888888889
2025-02-16 15:22:50:013	Fenix:stateModels	debug	START, START, START, START, START, START, START, START, START, START
2025-02-16 15:22:50:014	Fenix:buttonPresses	debug	0.0
2025-02-16 15:22:50:045	Fenix:drivetrain	debug	0.0,0.0,0.0,0.0,0.0,0.0,3.0,3.0
2025-02-16 15:22:50:055	Fenix:arm	debug	-0.03686416384915475,13.00000238416429,1.0,543.0,-0.03343810606567244,1.0,364.0
2025-02-16 15:22:50:057	Fenix:endEffector	debug	0.0,-93.00000000000001,0.3788888888888889
2025-02-16 15:22:50:058	Fenix:stateModels	debug	START, START, START, START, START, START, START, START, START, START
2025-02-16 15:22:50:060	Fenix:buttonPresses	debug	0.0
2025-02-16 15:22:50:086	Fenix:drivetrain	debug	0.0,0.0,0.0,0.0,3.0,0.0,3.0,3.0
2025-02-16 15:22:50:096	Fenix:arm	debug	-0.03686416384915475,13.00000238416429,1.0,546.0,-0.03343810606567244,1.0,349.0
2025-02-16 15:22:50:097	Fenix:endEffector	debug	0.0,-93.00000000000001,0.3788888888888889
2025-02-16 15:22:50:099	Fenix:stateModels	debug	START, START, START, START, START, START, START, START, START, START
2025-02-16 15:22:50:100	Fenix:buttonPresses	debug	0.0
2025-02-16 15:22:50:133	Fenix:drivetrain	debug	0.0,0.0,0.0,0.0,3.0,3.0,3.0,0.0
2025-02-16 15:22:50:147	Fenix:arm	debug	-0.03686416384915475,13.00000238416429,1.0,557.0,-0.03343810606567244,1.0,353.0
2025-02-16 15:22:50:150	Fenix:endEffector	debug	0.0,-93.00000000000001,0.3788888888888889
2025-02-16 15:22:50:152	Fenix:stateModels	debug	START, START, START, START, START, START, START, START, START, START
2025-02-16 15:22:50:153	Fenix:buttonPresses	debug	0.0
2025-02-16 15:22:50:181	Fenix:drivetrain	debug	0.0,0.0,0.0,0.0,3.0,3.0,3.0,3.0
2025-02-16 15:22:50:192	Fenix:arm	debug	-0.03686416384915475,13.00000238416429,1.0,550.0,-0.03343810606567244,1.0,357.0
2025-02-16 15:22:50:194	Fenix:endEffector	debug	0.0,-93.00000000000001,0.3788888888888889
2025-02-16 15:22:50:195	Fenix:stateModels	debug	START, START, START, START, START, START, START, START, START, START
2025-02-16 15:22:50:198	Fenix:buttonPresses	debug	0.0
2025-02-16 15:22:50:230	Fenix:drivetrain	debug	0.0,0.0,0.0,0.0,0.0,0.0,3.0,0.0
2025-02-16 15:22:50:244	Fenix:arm	debug	-0.03686416384915475,13.00000238416429,1.0,561.0,-0.03343810606567244,1.0,364.0
2025-02-16 15:22:50:249	Fenix:endEffector	debug	0.0,-93.00000000000001,0.3788888888888889
2025-02-16 15:22:50:250	Fenix:stateModels	debug	START, START, START, START, START, START, START, START, START, START
2025-02-16 15:22:50:252	Fenix:buttonPresses	debug	0.0
2025-02-16 15:22:50:286	Fenix:drivetrain	debug	0.0,-0.0,-0.0,-0.0,3.0,3.0,3.0,0.0
2025-02-16 15:22:50:296	Fenix:arm	debug	-0.03686416384915475,13.00000238416429,1.0,550.0,-0.03343810606567244,1.0,364.0
2025-02-16 15:22:50:297	Fenix:endEffector	debug	0.0,-93.00000000000001,0.3788888888888889
2025-02-16 15:22:50:299	Fenix:stateModels	debug	START, START, START, START, START, START, START, START, START, START
2025-02-16 15:22:50:301	Fenix:buttonPresses	debug	0.0
2025-02-16 15:22:50:326	Fenix:drivetrain	debug	0.0,-0.0,-0.0,-0.0,0.0,0.0,3.0,0.0
2025-02-16 15:22:50:336	Fenix:arm	debug	-0.03686416384915475,13.00000238416429,1.0,612.0,-0.03343810606567244,1.0,368.0
2025-02-16 15:22:50:338	Fenix:endEffector	debug	0.0,-93.00000000000001,0.3788888888888889
2025-02-16 15:22:50:340	Fenix:stateModels	debug	START, START, START, START, START, START, START, START, START, START
2025-02-16 15:22:50:342	Fenix:buttonPresses	debug	0.0
2025-02-16 15:22:50:368	Fenix:drivetrain	debug	0.0,-0.0,-0.0,-0.0,3.0,0.0,3.0,0.0
2025-02-16 15:22:50:379	Fenix:arm	debug	-0.03686416384915475,13.00000238416429,1.0,714.0,-0.03343810606567244,1.0,364.0
2025-02-16 15:22:50:381	Fenix:endEffector	debug	0.0,-93.00000000000001,0.3788888888888889
2025-02-16 15:22:50:382	Fenix:stateModels	debug	START, START, START, START, START, START, START, START, START, START
2025-02-16 15:22:50:384	Fenix:buttonPresses	debug	0.0
2025-02-16 15:22:50:410	Fenix:drivetrain	debug	0.0,-0.0,-0.0,-0.0,3.0,0.0,3.0,3.0
2025-02-16 15:22:50:422	Fenix:arm	debug	-0.03686416384915475,13.00000238416429,1.0,718.0,-0.03343810606567244,1.0,364.0
2025-02-16 15:22:50:423	Fenix:endEffector	debug	0.0,-93.00000000000001,0.3788888888888889
2025-02-16 15:22:50:426	Fenix:stateModels	debug	START, START, START, START, START, START, START, START, START, START
2025-02-16 15:22:50:428	Fenix:buttonPresses	debug	0.0
2025-02-16 15:22:50:463	Fenix:drivetrain	debug	0.0,-0.0,-0.0,-0.0,0.0,3.0,3.0,3.0
2025-02-16 15:22:50:475	Fenix:arm	debug	-0.03686416384915475,13.00000238416429,1.0,710.0,-0.03343810606567244,1.0,368.0
2025-02-16 15:22:50:478	Fenix:endEffector	debug	0.0,-93.00000000000001,0.3788888888888889
2025-02-16 15:22:50:480	Fenix:stateModels	debug	START, START, START, START, START, START, START, START, START, START
2025-02-16 15:22:50:482	Fenix:buttonPresses	debug	0.0
2025-02-16 15:22:50:510	Fenix:drivetrain	debug	0.0,-0.0,-0.0,-0.0,3.0,0.0,3.0,3.0
2025-02-16 15:22:50:521	Fenix:arm	debug	-0.03686416384915475,13.00000238416429,1.0,820.0,-0.03343810606567244,1.0,364.0
2025-02-16 15:22:50:523	Fenix:endEffector	debug	0.0,-93.00000000000001,0.3788888888888889
2025-02-16 15:22:50:524	Fenix:stateModels	debug	START, START, START, START, START, START, START, START, START, START
2025-02-16 15:22:50:526	Fenix:buttonPresses	debug	0.0
2025-02-16 15:22:50:559	Fenix:drivetrain	debug	0.0,-0.0,-0.0,-0.0,0.0,0.0,3.0,3.0
2025-02-16 15:22:50:573	Fenix:arm	debug	-0.03686416384915475,13.00000238416429,1.0,856.0,-0.03343810606567244,1.0,364.0
2025-02-16 15:22:50:575	Fenix:endEffector	debug	0.0,-93.00000000000001,0.3788888888888889
2025-02-16 15:22:50:577	Fenix:stateModels	debug	START, START, START, START, START, START, START, START, START, START
2025-02-16 15:22:50:579	Fenix:buttonPresses	debug	0.0
2025-02-16 15:22:50:606	Fenix:drivetrain	debug	0.0,-0.0,-0.0,-0.0,0.0,0.0,3.0,0.0
2025-02-16 15:22:50:618	Fenix:arm	debug	-0.03686416384915475,13.00000238416429,1.0,863.0,-0.03343810606567244,1.0,364.0
2025-02-16 15:22:50:621	Fenix:endEffector	debug	0.0,-93.00000000000001,0.3788888888888889
2025-02-16 15:22:50:623	Fenix:stateModels	debug	START, START, START, START, START, START, START, START, START, START
2025-02-16 15:22:50:624	Fenix:buttonPresses	debug	0.0
2025-02-16 15:22:50:674	Fenix:drivetrain	debug	0.0,-0.0,-0.0,-0.0,3.0,3.0,3.0,3.0
2025-02-16 15:22:50:694	Fenix:arm	debug	-0.03686416384915475,13.00000238416429,1.0,874.0,-0.03343810606567244,1.0,368.0
2025-02-16 15:22:50:698	Fenix:endEffector	debug	0.0,-93.00000000000001,0.3788888888888889
2025-02-16 15:22:50:699	Fenix:stateModels	debug	START, START, START, START, START, START, START, START, START, START
2025-02-16 15:22:50:702	Fenix:buttonPresses	debug	0.0
2025-02-16 15:22:50:737	Fenix:drivetrain	debug	0.0,-0.0,-0.0,-0.0,3.0,3.0,3.0,3.0
2025-02-16 15:22:50:748	Fenix:arm	debug	-0.03686416384915475,13.00000238416429,1.0,852.0,-0.03343810606567244,1.0,368.0
2025-02-16 15:22:50:752	Fenix:endEffector	debug	0.0,-93.00000000000001,0.3788888888888889
2025-02-16 15:22:50:753	Fenix:stateModels	debug	START, START, START, START, START, START, START, START, START, START
2025-02-16 15:22:50:754	Fenix:buttonPresses	debug	0.0
2025-02-16 15:22:50:784	Fenix:drivetrain	debug	0.0,-0.0,-0.0,-0.0,0.0,3.0,3.0,0.0
2025-02-16 15:22:50:794	Fenix:arm	debug	-0.03686416384915475,13.00000238416429,1.0,867.0,-0.03343810606567244,1.0,364.0
2025-02-16 15:22:50:796	Fenix:endEffector	debug	0.0,-93.00000000000001,0.3788888888888889
2025-02-16 15:22:50:798	Fenix:stateModels	debug	START, START, START, START, START, START, START, START, START, START
2025-02-16 15:22:50:799	Fenix:buttonPresses	debug	0.0
2025-02-16 15:22:50:836	Fenix:drivetrain	debug	-0.8229621427551634,0.8229621427551633,0.8229572643592796,0.8229621427551633,3189.0,2569.0,3371.0,2387.0
2025-02-16 15:22:50:846	Fenix:arm	debug	-0.03686416384915475,13.0,1.0,707.0,0.0,1.0,240.0
2025-02-16 15:22:50:848	Fenix:endEffector	debug	0.0,-93.00000000000001,0.3788888888888889
2025-02-16 15:22:50:849	Fenix:stateModels	debug	START, START, START, START, START, START, START, START, START, START
2025-02-16 15:22:50:850	Fenix:buttonPresses	debug	0.0
2025-02-16 15:22:50:905	Fenix:drivetrain	debug	-0.9686764633399414,0.9686764633399413,0.9122799574850163,0.9686764633399413,4716.0,3849.0,4231.0,4304.0
2025-02-16 15:22:50:915	Fenix:arm	debug	0.0,13.0,1.0,328.0,0.0,1.0,225.0
2025-02-16 15:22:50:918	Fenix:endEffector	debug	0.0,-93.00000000000001,0.3788888888888889
2025-02-16 15:22:50:921	Fenix:stateModels	debug	START, START, START, START, START, START, START, START, START, START
2025-02-16 15:22:50:923	Fenix:buttonPresses	debug	0.0
2025-02-16 15:22:50:959	Fenix:drivetrain	debug	0.0,0.0,0.0,0.0,1348.0,1381.0,1425.0,1826.0
2025-02-16 15:22:50:973	Fenix:arm	debug	-0.024576109232769833,13.0,1.0,236.0,0.0,1.0,244.0
2025-02-16 15:22:50:974	Fenix:endEffector	debug	0.0,-93.00000000000001,0.3788888888888889
2025-02-16 15:22:50:977	Fenix:stateModels	debug	START, START, START, START, START, START, START, START, START, START
2025-02-16 15:22:50:978	Fenix:buttonPresses	debug	0.0
2025-02-16 15:22:51:014	Fenix:drivetrain	debug	0.0,0.0,0.0,0.0,87.0,58.0,61.0,69.0
2025-02-16 15:22:51:026	Fenix:arm	debug	-0.12288054616384916,13.00000238416429,1.0,364.0,-0.03343810606567244,1.0,193.0
2025-02-16 15:22:51:028	Fenix:endEffector	debug	0.0,-93.00000000000001,0.3788888888888889
2025-02-16 15:22:51:030	Fenix:stateModels	debug	START, START, START, START, START, START, START, START, START, START
2025-02-16 15:22:51:032	Fenix:buttonPresses	debug	0.0
2025-02-16 15:22:51:063	Fenix:drivetrain	debug	0.0,0.0,0.0,0.0,10.0,10.0,14.0,7.0
2025-02-16 15:22:51:075	Fenix:arm	debug	-0.0737283276983095,13.00000238416429,1.0,160.0,-0.03343810606567244,1.0,335.0
2025-02-16 15:22:51:077	Fenix:endEffector	debug	0.0,-93.00000000000001,0.3788888888888889
2025-02-16 15:22:51:079	Fenix:stateModels	debug	START, START, START, START, START, START, START, START, START, START
2025-02-16 15:22:51:080	Fenix:buttonPresses	debug	0.0
2025-02-16 15:22:51:107	Fenix:drivetrain	debug	0.0,0.0,0.0,0.0,3.0,3.0,3.0,3.0
2025-02-16 15:22:51:122	Fenix:arm	debug	-0.08601638231469441,13.00000238416429,1.0,109.0,-0.03343810606567244,1.0,375.0
2025-02-16 15:22:51:124	Fenix:endEffector	debug	0.0,-93.00000000000001,0.3788888888888889
2025-02-16 15:22:51:126	Fenix:stateModels	debug	START, START, START, START, START, START, START, START, START, START
2025-02-16 15:22:51:127	Fenix:buttonPresses	debug	0.0
2025-02-16 15:22:51:155	Fenix:drivetrain	debug	0.0,0.0,0.0,0.0,3.0,3.0,3.0,3.0
2025-02-16 15:22:51:167	Fenix:arm	debug	-0.08601638231469441,13.00000238416429,1.0,29.0,-0.03343810606567244,1.0,390.0
2025-02-16 15:22:51:170	Fenix:endEffector	debug	0.0,-93.00000000000001,0.3788888888888889
2025-02-16 15:22:51:172	Fenix:stateModels	debug	START, START, START, START, START, START, START, START, START, START
2025-02-16 15:22:51:175	Fenix:buttonPresses	debug	0.0
2025-02-16 15:22:51:218	Fenix:drivetrain	debug	0.0,0.0,0.0,0.0,3.0,3.0,3.0,3.0
2025-02-16 15:22:51:232	Fenix:arm	debug	-0.08601638231469441,13.00000238416429,1.0,123.0,-0.03343810606567244,1.0,236.0
2025-02-16 15:22:51:236	Fenix:endEffector	debug	0.0,-93.00000000000001,0.3788888888888889
2025-02-16 15:22:51:240	Fenix:stateModels	debug	START, START, START, START, START, START, START, START, START, START
2025-02-16 15:22:51:242	Fenix:buttonPresses	debug	0.0
2025-02-16 15:22:51:278	Fenix:drivetrain	debug	0.0,0.0,0.0,0.0,0.0,3.0,3.0,3.0
2025-02-16 15:22:51:293	Fenix:arm	debug	-0.08601638231469441,13.00000238416429,1.0,116.0,-0.03343810606567244,1.0,240.0
2025-02-16 15:22:51:298	Fenix:endEffector	debug	0.0,-93.00000000000001,0.3788888888888889
2025-02-16 15:22:51:300	Fenix:stateModels	debug	START, START, START, START, START, START, START, START, START, START
2025-02-16 15:22:51:303	Fenix:buttonPresses	debug	0.0
2025-02-16 15:22:51:333	Fenix:drivetrain	debug	0.0,0.0,0.0,0.0,3.0,0.0,3.0,3.0
2025-02-16 15:22:51:345	Fenix:arm	debug	-0.08601638231469441,13.00000238416429,1.0,196.0,-0.03343810606567244,1.0,240.0
2025-02-16 15:22:51:347	Fenix:endEffector	debug	0.0,-93.00000000000001,0.3788888888888889
2025-02-16 15:22:51:349	Fenix:stateModels	debug	START, START, START, START, START, START, START, START, START, START
2025-02-16 15:22:51:351	Fenix:buttonPresses	debug	0.0
2025-02-16 15:22:51:378	Fenix:drivetrain	debug	0.0,0.0,0.0,0.0,3.0,0.0,3.0,3.0
2025-02-16 15:22:51:389	Fenix:arm	debug	-0.08601638231469441,13.00000238416429,1.0,251.0,-0.03343810606567244,1.0,240.0
2025-02-16 15:22:51:391	Fenix:endEffector	debug	0.0,-93.00000000000001,0.3788888888888889
2025-02-16 15:22:51:393	Fenix:stateModels	debug	START, START, START, START, START, START, START, START, START, START
2025-02-16 15:22:51:395	Fenix:buttonPresses	debug	0.0
2025-02-16 15:22:51:422	Fenix:drivetrain	debug	0.0,0.0,0.0,0.0,3.0,3.0,7.0,0.0
2025-02-16 15:22:51:435	Fenix:arm	debug	-0.08601638231469441,13.00000238416429,1.0,400.0,-0.03343810606567244,1.0,236.0
2025-02-16 15:22:51:437	Fenix:endEffector	debug	0.0,-93.00000000000001,0.3788888888888889
2025-02-16 15:22:51:439	Fenix:stateModels	debug	START, START, START, START, START, START, START, START, START, START
2025-02-16 15:22:51:441	Fenix:buttonPresses	debug	0.0
2025-02-16 15:22:51:475	Fenix:drivetrain	debug	0.0,-0.0,-0.0,-0.0,3.0,3.0,7.0,3.0
2025-02-16 15:22:51:489	Fenix:arm	debug	-0.08601638231469441,13.00000238416429,1.0,269.0,-0.03343810606567244,1.0,244.0
2025-02-16 15:22:51:491	Fenix:endEffector	debug	0.0,-93.00000000000001,0.3788888888888889
2025-02-16 15:22:51:493	Fenix:stateModels	debug	START, START, START, START, START, START, START, START, START, START
2025-02-16 15:22:51:495	Fenix:buttonPresses	debug	0.0
2025-02-16 15:22:51:525	Fenix:drivetrain	debug	0.0,-0.0,-0.0,-0.0,3.0,0.0,3.0,0.0
2025-02-16 15:22:51:536	Fenix:arm	debug	-0.08601638231469441,13.00000238416429,1.0,411.0,-0.03343810606567244,1.0,240.0
2025-02-16 15:22:51:538	Fenix:endEffector	debug	0.0,-93.00000000000001,0.3788888888888889
2025-02-16 15:22:51:539	Fenix:stateModels	debug	START, START, START, START, START, START, START, START, START, START
2025-02-16 15:22:51:541	Fenix:buttonPresses	debug	0.0
2025-02-16 15:22:51:571	Fenix:drivetrain	debug	0.0,-0.0,-0.0,-0.0,3.0,0.0,7.0,3.0
2025-02-16 15:22:51:582	Fenix:arm	debug	-0.0737283276983095,13.00000238416429,1.0,437.0,-0.03343810606567244,1.0,240.0
2025-02-16 15:22:51:583	Fenix:endEffector	debug	0.0,-93.00000000000001,0.3788888888888889
2025-02-16 15:22:51:585	Fenix:stateModels	debug	START, START, START, START, START, START, START, START, START, START
2025-02-16 15:22:51:587	Fenix:buttonPresses	debug	0.0
2025-02-16 15:22:51:614	Fenix:drivetrain	debug	0.0,-0.0,-0.0,-0.0,3.0,3.0,3.0,3.0
2025-02-16 15:22:51:625	Fenix:arm	debug	-0.0737283276983095,13.00000238416429,1.0,422.0,-0.03343810606567244,1.0,240.0
2025-02-16 15:22:51:627	Fenix:endEffector	debug	0.0,-93.00000000000001,0.3788888888888889
2025-02-16 15:22:51:629	Fenix:stateModels	debug	START, START, START, START, START, START, START, START, START, START
2025-02-16 15:22:51:631	Fenix:buttonPresses	debug	0.0
2025-02-16 15:22:51:658	Fenix:drivetrain	debug	0.0,-0.0,-0.0,-0.0,3.0,0.0,3.0,0.0
2025-02-16 15:22:51:669	Fenix:arm	debug	-0.0737283276983095,13.00000238416429,1.0,441.0,-0.03343810606567244,1.0,244.0
2025-02-16 15:22:51:672	Fenix:endEffector	debug	0.0,-93.00000000000001,0.3788888888888889
2025-02-16 15:22:51:673	Fenix:stateModels	debug	START, START, START, START, START, START, START, START, START, START
2025-02-16 15:22:51:675	Fenix:buttonPresses	debug	0.0
2025-02-16 15:22:51:730	Fenix:drivetrain	debug	0.6622927629312757,-0.6622927629312759,-0.662292370333034,-0.6622927629312759,4070.9999999999995,3371.0,3714.0,3590.0
2025-02-16 15:22:51:742	Fenix:arm	debug	-0.09830443693107933,13.00000238416429,1.0,466.0,-0.03343810606567244,1.0,171.0
2025-02-16 15:22:51:746	Fenix:endEffector	debug	0.0,-93.00000000000001,0.3788888888888889
2025-02-16 15:22:51:748	Fenix:stateModels	debug	START, START, START, START, START, START, START, START, START, START
2025-02-16 15:22:51:750	Fenix:buttonPresses	debug	0.0
2025-02-16 15:22:51:789	Fenix:drivetrain	debug	0.8654526600531064,-0.8654526600531064,-0.9999999999999998,-0.8654526600531064,4030.9999999999995,4246.0,4425.0,3440.0
2025-02-16 15:22:51:802	Fenix:arm	debug	-0.08601638231469441,13.0,1.0,492.0,0.0,1.0,91.0
2025-02-16 15:22:51:806	Fenix:endEffector	debug	0.0,-93.00000000000001,0.3788888888888889
2025-02-16 15:22:51:808	Fenix:stateModels	debug	START, START, START, START, START, START, START, START, START, START
2025-02-16 15:22:51:809	Fenix:buttonPresses	debug	0.0
2025-02-16 15:22:51:845	Fenix:drivetrain	debug	0.0,0.0,0.0,0.0,1516.0,1319.0,1417.0,1162.0
2025-02-16 15:22:51:857	Fenix:arm	debug	-0.0737283276983095,13.0,1.0,437.0,0.0,1.0,10.0
2025-02-16 15:22:51:859	Fenix:endEffector	debug	0.0,-93.00000000000001,0.3788888888888889
2025-02-16 15:22:51:861	Fenix:stateModels	debug	START, START, START, START, START, START, START, START, START, START
2025-02-16 15:22:51:863	Fenix:buttonPresses	debug	0.0
2025-02-16 15:22:51:892	Fenix:drivetrain	debug	0.0,0.0,0.0,0.0,94.0,153.0,167.0,72.0
2025-02-16 15:22:51:904	Fenix:arm	debug	0.03686416384915475,13.0,1.0,400.0,0.0,1.0,3.0
2025-02-16 15:22:51:906	Fenix:endEffector	debug	0.0,-93.00000000000001,0.3788888888888889
2025-02-16 15:22:51:908	Fenix:stateModels	debug	START, START, START, START, START, START, START, START, START, START
2025-02-16 15:22:51:910	Fenix:buttonPresses	debug	0.0
2025-02-16 15:22:51:938	Fenix:drivetrain	debug	0.0,0.0,0.0,0.0,10.0,14.0,21.0,10.0
2025-02-16 15:22:51:952	Fenix:arm	debug	-0.012288054616384917,13.0,1.0,532.0,0.0,1.0,3.0
2025-02-16 15:22:51:954	Fenix:endEffector	debug	0.0,-93.00000000000001,0.3788888888888889
2025-02-16 15:22:51:956	Fenix:stateModels	debug	START, START, START, START, START, START, START, START, START, START
2025-02-16 15:22:51:959	Fenix:buttonPresses	debug	0.0
2025-02-16 15:22:51:988	Fenix:drivetrain	debug	0.0,0.0,0.0,0.0,3.0,3.0,7.0,7.0
2025-02-16 15:22:52:001	Fenix:arm	debug	-0.024576109232769833,13.0,1.0,721.0,0.0,1.0,3.0
2025-02-16 15:22:52:003	Fenix:endEffector	debug	0.0,-93.00000000000001,0.3788888888888889
2025-02-16 15:22:52:006	Fenix:stateModels	debug	START, START, START, START, START, START, START, START, START, START
2025-02-16 15:22:52:008	Fenix:buttonPresses	debug	0.0
2025-02-16 15:22:52:041	Fenix:drivetrain	debug	0.0,0.0,0.0,0.0,3.0,3.0,7.0,7.0
2025-02-16 15:22:52:052	Fenix:arm	debug	-0.024576109232769833,13.0,1.0,590.0,0.0,1.0,3.0
2025-02-16 15:22:52:055	Fenix:endEffector	debug	0.0,-93.00000000000001,0.3788888888888889
2025-02-16 15:22:52:056	Fenix:stateModels	debug	START, START, START, START, START, START, START, START, START, START
2025-02-16 15:22:52:058	Fenix:buttonPresses	debug	0.0
2025-02-16 15:22:52:091	Fenix:drivetrain	debug	0.0,0.0,0.0,0.0,3.0,3.0,3.0,3.0
2025-02-16 15:22:52:103	Fenix:arm	debug	-0.024576109232769833,13.0,1.0,685.0,0.0,1.0,0.0
2025-02-16 15:22:52:105	Fenix:endEffector	debug	0.0,-93.00000000000001,0.3788888888888889
2025-02-16 15:22:52:107	Fenix:stateModels	debug	START, START, START, START, START, START, START, START, START, START
2025-02-16 15:22:52:110	Fenix:buttonPresses	debug	0.0
2025-02-16 15:22:52:138	Fenix:drivetrain	debug	0.0,0.0,0.0,0.0,3.0,3.0,3.0,3.0
2025-02-16 15:22:52:150	Fenix:arm	debug	-0.024576109232769833,13.0,1.0,787.0,0.0,1.0,3.0
2025-02-16 15:22:52:153	Fenix:endEffector	debug	0.0,-93.00000000000001,0.3788888888888889
2025-02-16 15:22:52:155	Fenix:stateModels	debug	START, START, START, START, START, START, START, START, START, START
2025-02-16 15:22:52:158	Fenix:buttonPresses	debug	0.0
2025-02-16 15:22:52:186	Fenix:drivetrain	debug	0.0,0.0,0.0,0.0,0.0,3.0,3.0,3.0
2025-02-16 15:22:52:199	Fenix:arm	debug	-0.024576109232769833,13.0,1.0,790.0,0.0,1.0,0.0
2025-02-16 15:22:52:201	Fenix:endEffector	debug	0.0,-93.00000000000001,0.3788888888888889
2025-02-16 15:22:52:206	Fenix:stateModels	debug	START, START, START, START, START, START, START, START, START, START
2025-02-16 15:22:52:208	Fenix:buttonPresses	debug	0.0
2025-02-16 15:22:52:254	Fenix:drivetrain	debug	0.0,0.0,0.0,0.0,3.0,3.0,7.0,3.0
2025-02-16 15:22:52:269	Fenix:arm	debug	-0.024576109232769833,13.0,1.0,787.0,0.0,1.0,0.0
2025-02-16 15:22:52:273	Fenix:endEffector	debug	0.0,-93.00000000000001,0.3788888888888889
2025-02-16 15:22:52:274	Fenix:stateModels	debug	START, START, START, START, START, START, START, START, START, START
2025-02-16 15:22:52:277	Fenix:buttonPresses	debug	0.0
2025-02-16 15:22:52:312	Fenix:drivetrain	debug	0.0,0.0,0.0,0.0,3.0,3.0,3.0,3.0
2025-02-16 15:22:52:327	Fenix:arm	debug	-0.024576109232769833,13.0,1.0,801.0,0.0,1.0,3.0
2025-02-16 15:22:52:333	Fenix:endEffector	debug	0.0,-93.00000000000001,0.3788888888888889
2025-02-16 15:22:52:335	Fenix:stateModels	debug	START, START, START, START, START, START, START, START, START, START
2025-02-16 15:22:52:337	Fenix:buttonPresses	debug	0.0
2025-02-16 15:22:52:375	Fenix:drivetrain	debug	0.0,-0.0,-0.0,-0.0,3.0,0.0,3.0,0.0
2025-02-16 15:22:52:387	Fenix:arm	debug	-0.024576109232769833,13.0,1.0,849.0,0.0,1.0,0.0
2025-02-16 15:22:52:389	Fenix:endEffector	debug	0.0,-93.00000000000001,0.3788888888888889
2025-02-16 15:22:52:391	Fenix:stateModels	debug	START, START, START, START, START, START, START, START, START, START
2025-02-16 15:22:52:393	Fenix:buttonPresses	debug	0.0
2025-02-16 15:22:52:420	Fenix:drivetrain	debug	0.0,-0.0,-0.0,-0.0,0.0,0.0,3.0,0.0
2025-02-16 15:22:52:433	Fenix:arm	debug	-0.024576109232769833,13.0,1.0,896.0,0.0,1.0,0.0
2025-02-16 15:22:52:435	Fenix:endEffector	debug	0.0,-93.00000000000001,0.3788888888888889
2025-02-16 15:22:52:439	Fenix:stateModels	debug	START, START, START, START, START, START, START, START, START, START
2025-02-16 15:22:52:442	Fenix:buttonPresses	debug	0.0
2025-02-16 15:22:52:472	Fenix:drivetrain	debug	0.0,-0.0,-0.0,-0.0,0.0,0.0,3.0,3.0
2025-02-16 15:22:52:487	Fenix:arm	debug	-0.024576109232769833,13.0,1.0,954.0,0.0,1.0,0.0
2025-02-16 15:22:52:489	Fenix:endEffector	debug	0.0,-93.00000000000001,0.3788888888888889
2025-02-16 15:22:52:490	Fenix:stateModels	debug	START, START, START, START, START, START, START, START, START, START
2025-02-16 15:22:52:492	Fenix:buttonPresses	debug	0.0
2025-02-16 15:22:52:519	Fenix:drivetrain	debug	0.0,-0.0,-0.0,-0.0,3.0,0.0,3.0,3.0
2025-02-16 15:22:52:529	Fenix:arm	debug	-0.024576109232769833,13.0,1.0,1119.0,0.0,1.0,0.0
2025-02-16 15:22:52:531	Fenix:endEffector	debug	0.0,-93.00000000000001,0.3788888888888889
2025-02-16 15:22:52:533	Fenix:stateModels	debug	START, START, START, START, START, START, START, START, START, START
2025-02-16 15:22:52:535	Fenix:buttonPresses	debug	0.0
2025-02-16 15:22:52:565	Fenix:drivetrain	debug	0.0,-0.0,-0.0,-0.0,0.0,0.0,3.0,3.0
2025-02-16 15:22:52:578	Fenix:arm	debug	-0.024576109232769833,13.0,1.0,1195.0,0.0,1.0,3.0
2025-02-16 15:22:52:580	Fenix:endEffector	debug	0.0,-93.00000000000001,0.3788888888888889
2025-02-16 15:22:52:582	Fenix:stateModels	debug	START, START, START, START, START, START, START, START, START, START
2025-02-16 15:22:52:583	Fenix:buttonPresses	debug	0.0
2025-02-16 15:22:52:611	Fenix:drivetrain	debug	0.0,-0.0,-0.0,-0.0,3.0,0.0,7.0,3.0
2025-02-16 15:22:52:622	Fenix:arm	debug	-0.024576109232769833,13.0,1.0,1199.0,0.0,1.0,3.0
2025-02-16 15:22:52:623	Fenix:endEffector	debug	0.0,-93.00000000000001,0.3788888888888889
2025-02-16 15:22:52:625	Fenix:stateModels	debug	START, START, START, START, START, START, START, START, START, START
2025-02-16 15:22:52:626	Fenix:buttonPresses	debug	0.0
2025-02-16 15:22:52:668	Fenix:drivetrain	debug	0.8470557068603428,0.8470557068603428,1.0,0.8470557068603428,4013.0,2974.0,3765.0,2478.0
2025-02-16 15:22:52:680	Fenix:arm	debug	-0.024576109232769833,13.0,1.0,852.0,0.0,1.0,3.0
2025-02-16 15:22:52:683	Fenix:endEffector	debug	0.0,-93.00000000000001,0.3788888888888889
2025-02-16 15:22:52:684	Fenix:stateModels	debug	START, START, START, START, START, START, START, START, START, START
2025-02-16 15:22:52:686	Fenix:buttonPresses	debug	0.0
2025-02-16 15:22:52:713	Fenix:drivetrain	debug	0.8470557068603428,0.8470557068603428,1.0,0.8470557068603428,4676.0,5835.0,4756.0,5161.0
2025-02-16 15:22:52:726	Fenix:arm	debug	-0.03686416384915475,13.0,1.0,670.0,0.0,1.0,3.0
2025-02-16 15:22:52:728	Fenix:endEffector	debug	0.0,-93.00000000000001,0.3788888888888889
2025-02-16 15:22:52:730	Fenix:stateModels	debug	START, START, START, START, START, START, START, START, START, START
2025-02-16 15:22:52:732	Fenix:buttonPresses	debug	0.0
2025-02-16 15:22:52:766	Fenix:drivetrain	debug	0.8470557068603428,0.8470557068603428,1.0,0.8470557068603428,4144.0,5999.0,2824.0,4855.0
2025-02-16 15:22:52:778	Fenix:arm	debug	-0.03686416384915475,13.0,1.0,809.0,0.0,1.0,3.0
2025-02-16 15:22:52:781	Fenix:endEffector	debug	0.0,-93.00000000000001,0.3788888888888889
2025-02-16 15:22:52:782	Fenix:stateModels	debug	START, START, START, START, START, START, START, START, START, START
2025-02-16 15:22:52:784	Fenix:buttonPresses	debug	0.0
2025-02-16 15:22:52:818	Fenix:drivetrain	debug	0.8193828992939532,0.8193828992939532,1.0,0.8193828992939532,3462.0,5431.0,3254.0,4253.0
2025-02-16 15:22:52:832	Fenix:arm	debug	-0.03686416384915475,13.0,1.0,831.0,0.0,1.0,3.0
2025-02-16 15:22:52:837	Fenix:endEffector	debug	0.0,-93.00000000000001,0.3788888888888889
2025-02-16 15:22:52:839	Fenix:stateModels	debug	START, START, START, START, START, START, START, START, START, START
2025-02-16 15:22:52:840	Fenix:buttonPresses	debug	0.0
2025-02-16 15:22:52:868	Fenix:drivetrain	debug	0.8085080241543885,0.8085080241543885,1.0,0.8085080241543885,3028.0,4764.0,4395.0,3203.0
2025-02-16 15:22:52:878	Fenix:arm	debug	-0.03686416384915475,13.0,1.0,991.0,0.0,1.0,7.0
2025-02-16 15:22:52:879	Fenix:endEffector	debug	0.0,-93.00000000000001,0.3788888888888889
2025-02-16 15:22:52:881	Fenix:stateModels	debug	START, START, START, START, START, START, START, START, START, START
2025-02-16 15:22:52:882	Fenix:buttonPresses	debug	0.0
2025-02-16 15:22:52:912	Fenix:drivetrain	debug	0.0,0.0,0.0,0.0,1472.0,2934.0,2405.0,1359.0
2025-02-16 15:22:52:923	Fenix:arm	debug	-0.03686416384915475,13.0,1.0,1275.0,0.0,1.0,3.0
2025-02-16 15:22:52:924	Fenix:endEffector	debug	0.0,-93.00000000000001,0.3788888888888889
2025-02-16 15:22:52:926	Fenix:stateModels	debug	START, START, START, START, START, START, START, START, START, START
2025-02-16 15:22:52:927	Fenix:buttonPresses	debug	0.0
2025-02-16 15:22:52:950	Fenix:drivetrain	debug	0.0,0.0,0.0,0.0,167.0,360.0,287.0,153.0
2025-02-16 15:22:52:961	Fenix:arm	debug	-0.03686416384915475,13.0,1.0,1217.0,0.0,1.0,0.0
2025-02-16 15:22:52:963	Fenix:endEffector	debug	0.0,-93.00000000000001,0.3788888888888889
2025-02-16 15:22:52:964	Fenix:stateModels	debug	START, START, START, START, START, START, START, START, START, START
2025-02-16 15:22:52:966	Fenix:buttonPresses	debug	0.0
2025-02-16 15:22:52:991	Fenix:drivetrain	debug	0.0,0.0,0.0,0.0,25.0,51.0,40.0,21.0
2025-02-16 15:22:53:005	Fenix:arm	debug	-0.024576109232769833,13.0,1.0,1246.0,0.0,1.0,0.0
2025-02-16 15:22:53:007	Fenix:endEffector	debug	0.0,-93.00000000000001,0.3788888888888889
2025-02-16 15:22:53:008	Fenix:stateModels	debug	START, START, START, START, START, START, START, START, START, START
2025-02-16 15:22:53:010	Fenix:buttonPresses	debug	0.0
2025-02-16 15:22:53:033	Fenix:drivetrain	debug	0.0,0.0,0.0,0.0,7.0,7.0,7.0,10.0
2025-02-16 15:22:53:046	Fenix:arm	debug	-0.024576109232769833,13.0,1.0,1235.0,0.0,1.0,3.0
2025-02-16 15:22:53:048	Fenix:endEffector	debug	0.0,-93.00000000000001,0.3788888888888889
2025-02-16 15:22:53:049	Fenix:stateModels	debug	START, START, START, START, START, START, START, START, START, START
2025-02-16 15:22:53:051	Fenix:buttonPresses	debug	0.0
2025-02-16 15:22:53:079	Fenix:drivetrain	debug	0.0,0.0,0.0,0.0,3.0,3.0,7.0,3.0
2025-02-16 15:22:53:090	Fenix:arm	debug	0.08601638231469441,13.0,1.0,1293.0,0.0,1.0,0.0
2025-02-16 15:22:53:092	Fenix:endEffector	debug	0.0,-93.00000000000001,0.3788888888888889
2025-02-16 15:22:53:093	Fenix:stateModels	debug	START, START, START, START, START, START, START, START, START, START
2025-02-16 15:22:53:095	Fenix:buttonPresses	debug	0.0
2025-02-16 15:22:53:124	Fenix:drivetrain	debug	0.0,0.0,0.0,0.0,3.0,3.0,7.0,3.0
2025-02-16 15:22:53:135	Fenix:arm	debug	-0.04915221846553967,13.0,1.0,1425.0,0.0,1.0,0.0
2025-02-16 15:22:53:137	Fenix:endEffector	debug	0.0,-93.00000000000001,0.3788888888888889
2025-02-16 15:22:53:138	Fenix:stateModels	debug	START, START, START, START, START, START, START, START, START, START
2025-02-16 15:22:53:140	Fenix:buttonPresses	debug	0.0
2025-02-16 15:22:53:169	Fenix:drivetrain	debug	0.0,0.0,0.0,0.0,0.0,3.0,3.0,3.0
2025-02-16 15:22:53:180	Fenix:arm	debug	-0.06144027308192458,13.0,1.0,1151.0,0.0,1.0,0.0
2025-02-16 15:22:53:183	Fenix:endEffector	debug	0.0,-93.00000000000001,0.3788888888888889
2025-02-16 15:22:53:184	Fenix:stateModels	debug	START, START, START, START, START, START, START, START, START, START
2025-02-16 15:22:53:186	Fenix:buttonPresses	debug	0.0
2025-02-16 15:22:53:214	Fenix:drivetrain	debug	0.0,0.0,0.0,0.0,3.0,0.0,3.0,0.0
2025-02-16 15:22:53:226	Fenix:arm	debug	-0.03686416384915475,13.0,1.0,1257.0,0.0,1.0,0.0
2025-02-16 15:22:53:229	Fenix:endEffector	debug	0.0,-93.00000000000001,0.3788888888888889
2025-02-16 15:22:53:231	Fenix:stateModels	debug	START, START, START, START, START, START, START, START, START, START
2025-02-16 15:22:53:233	Fenix:buttonPresses	debug	0.0
2025-02-16 15:22:53:262	Fenix:drivetrain	debug	0.0,0.0,0.0,0.0,0.0,0.0,3.0,0.0
2025-02-16 15:22:53:275	Fenix:arm	debug	-0.03686416384915475,13.0,1.0,1341.0,0.0,1.0,3.0
2025-02-16 15:22:53:277	Fenix:endEffector	debug	0.0,-93.00000000000001,0.3788888888888889
2025-02-16 15:22:53:280	Fenix:stateModels	debug	START, START, START, START, START, START, START, START, START, START
2025-02-16 15:22:53:282	Fenix:buttonPresses	debug	0.0
2025-02-16 15:22:53:320	Fenix:drivetrain	debug	0.0,0.0,0.0,0.0,3.0,3.0,7.0,0.0
2025-02-16 15:22:53:334	Fenix:arm	debug	-0.03686416384915475,13.0,1.0,1421.0,0.0,1.0,3.0
2025-02-16 15:22:53:340	Fenix:endEffector	debug	0.0,-93.00000000000001,0.3788888888888889
2025-02-16 15:22:53:342	Fenix:stateModels	debug	START, START, START, START, START, START, START, START, START, START
2025-02-16 15:22:53:344	Fenix:buttonPresses	debug	0.0
2025-02-16 15:22:53:377	Fenix:drivetrain	debug	0.0,0.0,0.0,0.0,3.0,3.0,3.0,3.0
2025-02-16 15:22:53:390	Fenix:arm	debug	-0.03686416384915475,13.0,1.0,1421.0,0.0,1.0,0.0
2025-02-16 15:22:53:393	Fenix:endEffector	debug	0.0,-93.00000000000001,0.3788888888888889
2025-02-16 15:22:53:395	Fenix:stateModels	debug	START, START, START, START, START, START, START, START, START, START
2025-02-16 15:22:53:397	Fenix:buttonPresses	debug	0.0
2025-02-16 15:22:53:448	Fenix:drivetrain	debug	0.7837806205663164,0.7837806205663164,0.8189719153666749,0.7837806205663164,3491.0,3572.0,3685.0,2467.0
2025-02-16 15:22:53:460	Fenix:arm	debug	-0.04915221846553967,13.0,1.0,1027.0,0.0,1.0,3.0
2025-02-16 15:22:53:463	Fenix:endEffector	debug	0.0,-93.00000000000001,0.3788888888888889
2025-02-16 15:22:53:465	Fenix:stateModels	debug	START, START, START, START, START, START, START, START, START, START
2025-02-16 15:22:53:467	Fenix:buttonPresses	debug	0.0
2025-02-16 15:22:53:504	Fenix:drivetrain	debug	0.9367808565945855,0.9367808565945855,1.0,0.9367808565945855,4800.0,6006.0,3623.0,5296.0
2025-02-16 15:22:53:522	Fenix:arm	debug	-0.06144027308192458,13.0,1.0,845.0,0.0,1.0,3.0
2025-02-16 15:22:53:524	Fenix:endEffector	debug	0.0,-93.00000000000001,0.3788888888888889
2025-02-16 15:22:53:527	Fenix:stateModels	debug	START, START, START, START, START, START, START, START, START, START
2025-02-16 15:22:53:529	Fenix:buttonPresses	debug	0.0
2025-02-16 15:22:53:562	Fenix:drivetrain	debug	1.0,1.0,1.0,1.0,6025.0,5649.0,3969.0,4322.0
2025-02-16 15:22:53:574	Fenix:arm	debug	-0.03686416384915475,13.0,1.0,1115.0,0.0,1.0,7.0
2025-02-16 15:22:53:576	Fenix:endEffector	debug	0.0,-93.00000000000001,0.3788888888888889
2025-02-16 15:22:53:578	Fenix:stateModels	debug	START, START, START, START, START, START, START, START, START, START
2025-02-16 15:22:53:580	Fenix:buttonPresses	debug	0.0
2025-02-16 15:22:53:625	Fenix:drivetrain	debug	1.0,1.0,0.9831522241389398,1.0,6714.0,5919.0,5810.0,5471.0
2025-02-16 15:22:53:639	Fenix:arm	debug	-0.04915221846553967,13.00000238416429,1.0,612.0,0.03343810606567244,1.0,43.0
2025-02-16 15:22:53:641	Fenix:endEffector	debug	0.0,-93.00000000000001,0.3788888888888889
2025-02-16 15:22:53:643	Fenix:stateModels	debug	START, START, START, START, START, START, START, START, START, START
2025-02-16 15:22:53:646	Fenix:buttonPresses	debug	0.0
2025-02-16 15:22:53:674	Fenix:drivetrain	debug	1.0,1.0,0.9831522241389398,1.0,6469.0,6495.0,5985.0,6130.0
2025-02-16 15:22:53:686	Fenix:arm	debug	-0.04915221846553967,13.00000238416429,1.0,841.0,0.03343810606567244,1.0,102.0
2025-02-16 15:22:53:688	Fenix:endEffector	debug	0.0,-93.00000000000001,0.3788888888888889
2025-02-16 15:22:53:691	Fenix:stateModels	debug	START, START, START, START, START, START, START, START, START, START
2025-02-16 15:22:53:693	Fenix:buttonPresses	debug	0.0
2025-02-16 15:22:53:722	Fenix:drivetrain	debug	1.0,1.0,0.9831522241389398,1.0,6812.0,5773.0,5369.0,5791.0
2025-02-16 15:22:53:734	Fenix:arm	debug	-0.04915221846553967,13.00000238416429,1.0,867.0,0.03343810606567244,1.0,98.0
2025-02-16 15:22:53:737	Fenix:endEffector	debug	0.0,-93.00000000000001,0.3788888888888889
2025-02-16 15:22:53:739	Fenix:stateModels	debug	START, START, START, START, START, START, START, START, START, START
2025-02-16 15:22:53:741	Fenix:buttonPresses	debug	0.0
2025-02-16 15:22:53:774	Fenix:drivetrain	debug	1.0,1.0,0.9831522241389398,1.0,6444.0,6466.0,5613.0,6630.0
2025-02-16 15:22:53:785	Fenix:arm	debug	-0.04915221846553967,13.00000238416429,1.0,922.0,0.03343810606567244,1.0,105.0
2025-02-16 15:22:53:787	Fenix:endEffector	debug	0.0,-93.00000000000001,0.3788888888888889
2025-02-16 15:22:53:789	Fenix:stateModels	debug	START, START, START, START, START, START, START, START, START, START
2025-02-16 15:22:53:791	Fenix:buttonPresses	debug	0.0
2025-02-16 15:22:53:830	Fenix:drivetrain	debug	1.0,1.0,0.9831522241389398,1.0,6754.0,6127.0,5230.0,6557.0
2025-02-16 15:22:53:845	Fenix:arm	debug	-0.04915221846553967,13.00000238416429,1.0,944.0,0.03343810606567244,1.0,98.0
2025-02-16 15:22:53:853	Fenix:endEffector	debug	0.0,-93.00000000000001,0.3788888888888889
2025-02-16 15:22:53:858	Fenix:stateModels	debug	START, START, START, START, START, START, START, START, START, START
2025-02-16 15:22:53:860	Fenix:buttonPresses	debug	0.0
2025-02-16 15:22:53:902	Fenix:drivetrain	debug	1.0,1.0,0.9831522241389398,1.0,6790.0,6805.0,5533.0,6313.0
2025-02-16 15:22:53:916	Fenix:arm	debug	-0.04915221846553967,13.00000238416429,1.0,940.0,0.03343810606567244,1.0,102.0
2025-02-16 15:22:53:919	Fenix:endEffector	debug	0.0,-93.00000000000001,0.3788888888888889
2025-02-16 15:22:53:921	Fenix:stateModels	debug	START, START, START, START, START, START, START, START, START, START
2025-02-16 15:22:53:923	Fenix:buttonPresses	debug	0.0
2025-02-16 15:22:53:952	Fenix:drivetrain	debug	1.0,1.0,0.9831522241389398,1.0,7224.0,6786.0,5288.0,6243.0
2025-02-16 15:22:53:965	Fenix:arm	debug	-0.04915221846553967,13.00000238416429,1.0,933.0,0.03343810606567244,1.0,102.0
2025-02-16 15:22:53:967	Fenix:endEffector	debug	0.0,-93.00000000000001,0.3788888888888889
2025-02-16 15:22:53:970	Fenix:stateModels	debug	START, START, START, START, START, START, START, START, START, START
2025-02-16 15:22:53:972	Fenix:buttonPresses	debug	0.0
2025-02-16 15:22:54:004	Fenix:drivetrain	debug	1.0,1.0,0.9831522241389398,1.0,6859.0,6149.0,5299.0,6648.0
2025-02-16 15:22:54:016	Fenix:arm	debug	-0.04915221846553967,13.00000238416429,1.0,918.0,0.03343810606567244,1.0,98.0
2025-02-16 15:22:54:018	Fenix:endEffector	debug	0.0,-93.00000000000001,0.3788888888888889
2025-02-16 15:22:54:020	Fenix:stateModels	debug	START, START, START, START, START, START, START, START, START, START
2025-02-16 15:22:54:022	Fenix:buttonPresses	debug	0.0
2025-02-16 15:22:54:055	Fenix:drivetrain	debug	1.0,1.0,0.9831522241389398,1.0,7020.0,6608.0,5456.0,6200.0
2025-02-16 15:22:54:069	Fenix:arm	debug	-0.04915221846553967,13.00000238416429,1.0,914.0,0.03343810606567244,1.0,102.0
2025-02-16 15:22:54:072	Fenix:endEffector	debug	0.0,-93.00000000000001,0.3788888888888889
2025-02-16 15:22:54:075	Fenix:stateModels	debug	START, START, START, START, START, START, START, START, START, START
2025-02-16 15:22:54:079	Fenix:buttonPresses	debug	0.0
2025-02-16 15:22:54:111	Fenix:drivetrain	debug	1.0,1.0,0.9831232642597736,1.0,6910.0,6608.0,5248.0,6451.0
2025-02-16 15:22:54:125	Fenix:arm	debug	-0.04915221846553967,13.00000238416429,1.0,1020.0,0.03343810606567244,1.0,98.0
2025-02-16 15:22:54:127	Fenix:endEffector	debug	0.0,-93.00000000000001,0.3788888888888889
2025-02-16 15:22:54:130	Fenix:stateModels	debug	START, START, START, START, START, START, START, START, START, START
2025-02-16 15:22:54:132	Fenix:buttonPresses	debug	0.0
2025-02-16 15:22:54:168	Fenix:drivetrain	debug	1.0,1.0,0.9831232642597736,1.0,6918.0,6706.0,5292.0,6466.0
2025-02-16 15:22:54:180	Fenix:arm	debug	-0.04915221846553967,13.00000238416429,1.0,1027.0,0.03343810606567244,1.0,102.0
2025-02-16 15:22:54:182	Fenix:endEffector	debug	0.0,-93.00000000000001,0.3788888888888889
2025-02-16 15:22:54:184	Fenix:stateModels	debug	START, START, START, START, START, START, START, START, START, START
2025-02-16 15:22:54:186	Fenix:buttonPresses	debug	0.0
2025-02-16 15:22:54:213	Fenix:drivetrain	debug	1.0,1.0,0.9831232642597736,1.0,6710.0,6225.0,5409.0,6386.0
2025-02-16 15:22:54:223	Fenix:arm	debug	-0.04915221846553967,13.00000238416429,1.0,1027.0,0.03343810606567244,1.0,105.0
2025-02-16 15:22:54:226	Fenix:endEffector	debug	0.0,-93.00000000000001,0.3788888888888889
2025-02-16 15:22:54:227	Fenix:stateModels	debug	START, START, START, START, START, START, START, START, START, START
2025-02-16 15:22:54:229	Fenix:buttonPresses	debug	0.0
2025-02-16 15:22:54:260	Fenix:drivetrain	debug	1.0,1.0,0.9831232642597736,1.0,7093.0,6477.0,5303.0,6561.0
2025-02-16 15:22:54:272	Fenix:arm	debug	-0.04915221846553967,13.00000238416429,1.0,1020.0,0.03343810606567244,1.0,98.0
2025-02-16 15:22:54:274	Fenix:endEffector	debug	0.0,-93.00000000000001,0.3788888888888889
2025-02-16 15:22:54:275	Fenix:stateModels	debug	START, START, START, START, START, START, START, START, START, START
2025-02-16 15:22:54:278	Fenix:buttonPresses	debug	0.0
2025-02-16 15:22:54:304	Fenix:drivetrain	debug	1.0,1.0,0.9831232642597736,1.0,6892.0,6495.0,5230.0,6455.0
2025-02-16 15:22:54:314	Fenix:arm	debug	-0.04915221846553967,13.00000238416429,1.0,1042.0,0.03343810606567244,1.0,102.0
2025-02-16 15:22:54:315	Fenix:endEffector	debug	0.0,-93.00000000000001,0.3788888888888889
2025-02-16 15:22:54:317	Fenix:stateModels	debug	START, START, START, START, START, START, START, START, START, START
2025-02-16 15:22:54:319	Fenix:buttonPresses	debug	0.0
2025-02-16 15:22:54:351	Fenix:drivetrain	debug	1.0,1.0,0.9831232642597736,1.0,6659.0,6229.0,5179.0,6338.0
2025-02-16 15:22:54:366	Fenix:arm	debug	-0.04915221846553967,13.00000238416429,1.0,1129.0,0.03343810606567244,1.0,105.0
2025-02-16 15:22:54:371	Fenix:endEffector	debug	0.0,-93.00000000000001,0.3788888888888889
2025-02-16 15:22:54:372	Fenix:stateModels	debug	START, START, START, START, START, START, START, START, START, START
2025-02-16 15:22:54:374	Fenix:buttonPresses	debug	0.0
2025-02-16 15:22:54:405	Fenix:drivetrain	debug	1.0,1.0,0.9831232642597736,1.0,6320.0,6455.0,5267.0,6294.0
2025-02-16 15:22:54:418	Fenix:arm	debug	-0.04915221846553967,13.00000238416429,1.0,1108.0,0.03343810606567244,1.0,102.0
2025-02-16 15:22:54:420	Fenix:endEffector	debug	0.0,-93.00000000000001,0.3788888888888889
2025-02-16 15:22:54:421	Fenix:stateModels	debug	START, START, START, START, START, START, START, START, START, START
2025-02-16 15:22:54:423	Fenix:buttonPresses	debug	0.0
2025-02-16 15:22:54:464	Fenix:drivetrain	debug	0.9397494531848807,0.9397494531848807,0.9201871697031787,0.9397494531848807,6462.0,6232.0,5219.0,6356.0
2025-02-16 15:22:54:476	Fenix:arm	debug	-0.04915221846553967,13.00000238416429,1.0,1166.0,0.03343810606567244,1.0,120.0
2025-02-16 15:22:54:479	Fenix:endEffector	debug	0.0,-93.00000000000001,0.3788888888888889
2025-02-16 15:22:54:481	Fenix:stateModels	debug	START, START, START, START, START, START, START, START, START, START
2025-02-16 15:22:54:483	Fenix:buttonPresses	debug	0.0
2025-02-16 15:22:54:520	Fenix:drivetrain	debug	0.0,0.0,0.0,0.0,2165.0,2762.0,2248.0,1979.0
2025-02-16 15:22:54:532	Fenix:arm	debug	-0.03686416384915475,13.00000238416429,1.0,1640.0,0.03343810606567244,1.0,298.0
2025-02-16 15:22:54:535	Fenix:endEffector	debug	0.0,-93.00000000000001,0.3788888888888889
2025-02-16 15:22:54:537	Fenix:stateModels	debug	START, START, START, START, START, START, START, START, START, START
2025-02-16 15:22:54:539	Fenix:buttonPresses	debug	0.0
2025-02-16 15:22:54:567	Fenix:drivetrain	debug	0.0,0.0,0.0,0.0,273.0,215.0,178.0,247.0
2025-02-16 15:22:54:580	Fenix:arm	debug	-0.03686416384915475,13.00000238416429,1.0,1837.0,0.03343810606567244,1.0,459.0
2025-02-16 15:22:54:582	Fenix:endEffector	debug	0.0,-93.00000000000001,0.3788888888888889
2025-02-16 15:22:54:584	Fenix:stateModels	debug	START, START, START, START, START, START, START, START, START, START
2025-02-16 15:22:54:585	Fenix:buttonPresses	debug	0.0
2025-02-16 15:22:54:619	Fenix:drivetrain	debug	0.0,0.0,0.0,0.0,21.0,25.0,21.0,14.0
2025-02-16 15:22:54:631	Fenix:arm	debug	-0.03686416384915475,13.00000238416429,1.0,1796.0,0.03343810606567244,1.0,481.0
2025-02-16 15:22:54:633	Fenix:endEffector	debug	0.0,-93.00000000000001,0.3788888888888889
2025-02-16 15:22:54:635	Fenix:stateModels	debug	START, START, START, START, START, START, START, START, START, START
2025-02-16 15:22:54:639	Fenix:buttonPresses	debug	0.0
2025-02-16 15:22:54:668	Fenix:drivetrain	debug	0.0,0.0,0.0,0.0,7.0,7.0,3.0,7.0
2025-02-16 15:22:54:679	Fenix:arm	debug	-0.03686416384915475,13.00000238416429,1.0,1906.0,0.03343810606567244,1.0,513.0
2025-02-16 15:22:54:681	Fenix:endEffector	debug	0.0,-93.00000000000001,0.3788888888888889
2025-02-16 15:22:54:682	Fenix:stateModels	debug	START, START, START, START, START, START, START, START, START, START
2025-02-16 15:22:54:684	Fenix:buttonPresses	debug	0.0
2025-02-16 15:22:54:708	Fenix:drivetrain	debug	0.0,0.0,0.0,0.0,7.0,3.0,3.0,7.0
2025-02-16 15:22:54:721	Fenix:arm	debug	-0.024576109232769833,13.00000238416429,1.0,1950.0,0.03343810606567244,1.0,513.0
2025-02-16 15:22:54:723	Fenix:endEffector	debug	0.0,-93.00000000000001,0.3788888888888889
2025-02-16 15:22:54:724	Fenix:stateModels	debug	START, START, START, START, START, START, START, START, START, START
2025-02-16 15:22:54:726	Fenix:buttonPresses	debug	0.0
2025-02-16 15:22:54:751	Fenix:drivetrain	debug	0.0,0.0,0.0,0.0,3.0,3.0,3.0,3.0
2025-02-16 15:22:54:763	Fenix:arm	debug	-0.024576109232769833,13.00000238416429,1.0,1950.0,0.03343810606567244,1.0,513.0
2025-02-16 15:22:54:765	Fenix:endEffector	debug	0.0,-93.00000000000001,0.3788888888888889
2025-02-16 15:22:54:766	Fenix:stateModels	debug	START, START, START, START, START, START, START, START, START, START
2025-02-16 15:22:54:768	Fenix:buttonPresses	debug	0.0
2025-02-16 15:22:54:793	Fenix:drivetrain	debug	0.0,0.0,0.0,0.0,3.0,3.0,7.0,3.0
2025-02-16 15:22:54:804	Fenix:arm	debug	-0.024576109232769833,13.00000238416429,1.0,1957.0,0.03343810606567244,1.0,513.0
2025-02-16 15:22:54:806	Fenix:endEffector	debug	0.0,-93.00000000000001,0.3788888888888889
2025-02-16 15:22:54:807	Fenix:stateModels	debug	START, START, START, START, START, START, START, START, START, START
2025-02-16 15:22:54:809	Fenix:buttonPresses	debug	0.0
2025-02-16 15:22:54:834	Fenix:drivetrain	debug	0.0,0.0,0.0,0.0,3.0,3.0,3.0,3.0
2025-02-16 15:22:54:846	Fenix:arm	debug	-0.024576109232769833,13.00000238416429,1.0,1946.0,0.03343810606567244,1.0,521.0
2025-02-16 15:22:54:848	Fenix:endEffector	debug	0.0,-93.00000000000001,0.3788888888888889
2025-02-16 15:22:54:850	Fenix:stateModels	debug	START, START, START, START, START, START, START, START, START, START
2025-02-16 15:22:54:851	Fenix:buttonPresses	debug	0.0
2025-02-16 15:22:54:887	Fenix:drivetrain	debug	0.0,0.0,0.0,0.0,3.0,0.0,3.0,3.0
2025-02-16 15:22:54:899	Fenix:arm	debug	-0.024576109232769833,13.00000238416429,1.0,1961.0,0.03343810606567244,1.0,521.0
2025-02-16 15:22:54:904	Fenix:endEffector	debug	0.0,-93.00000000000001,0.3788888888888889
2025-02-16 15:22:54:906	Fenix:stateModels	debug	START, START, START, START, START, START, START, START, START, START
2025-02-16 15:22:54:907	Fenix:buttonPresses	debug	0.0
2025-02-16 15:22:54:939	Fenix:drivetrain	debug	0.0,0.0,0.0,0.0,3.0,3.0,7.0,3.0
2025-02-16 15:22:54:952	Fenix:arm	debug	-0.024576109232769833,13.00000238416429,1.0,1964.0,0.03343810606567244,1.0,524.0
2025-02-16 15:22:54:954	Fenix:endEffector	debug	0.0,-93.00000000000001,0.3788888888888889
2025-02-16 15:22:54:958	Fenix:stateModels	debug	START, START, START, START, START, START, START, START, START, START
2025-02-16 15:22:54:959	Fenix:buttonPresses	debug	0.0
2025-02-16 15:22:54:985	Fenix:drivetrain	debug	0.0,0.0,0.0,0.0,3.0,3.0,7.0,3.0
2025-02-16 15:22:54:997	Fenix:arm	debug	-0.024576109232769833,13.00000238416429,1.0,1971.0,0.03343810606567244,1.0,521.0
2025-02-16 15:22:54:999	Fenix:endEffector	debug	0.0,-93.00000000000001,0.3788888888888889
2025-02-16 15:22:55:000	Fenix:stateModels	debug	START, START, START, START, START, START, START, START, START, START
2025-02-16 15:22:55:002	Fenix:buttonPresses	debug	0.0
2025-02-16 15:22:55:040	Fenix:drivetrain	debug	0.0,-0.0,-0.0,-0.0,3.0,3.0,3.0,3.0
2025-02-16 15:22:55:051	Fenix:arm	debug	-0.024576109232769833,13.00000238416429,1.0,1964.0,0.03343810606567244,1.0,528.0
2025-02-16 15:22:55:053	Fenix:endEffector	debug	0.0,-93.00000000000001,0.3788888888888889
2025-02-16 15:22:55:056	Fenix:stateModels	debug	START, START, START, START, START, START, START, START, START, START
2025-02-16 15:22:55:058	Fenix:buttonPresses	debug	0.0
2025-02-16 15:22:55:084	Fenix:drivetrain	debug	0.0,-0.0,-0.0,-0.0,3.0,0.0,3.0,3.0
2025-02-16 15:22:55:096	Fenix:arm	debug	-0.024576109232769833,13.00000238416429,1.0,1968.0,0.03343810606567244,1.0,528.0
2025-02-16 15:22:55:098	Fenix:endEffector	debug	0.0,-93.00000000000001,0.3788888888888889
2025-02-16 15:22:55:099	Fenix:stateModels	debug	START, START, START, START, START, START, START, START, START, START
2025-02-16 15:22:55:101	Fenix:buttonPresses	debug	0.0
2025-02-16 15:22:55:128	Fenix:drivetrain	debug	0.0,-0.0,-0.0,-0.0,3.0,3.0,3.0,3.0
2025-02-16 15:22:55:138	Fenix:arm	debug	-0.024576109232769833,13.00000238416429,1.0,1964.0,0.03343810606567244,1.0,532.0
2025-02-16 15:22:55:140	Fenix:endEffector	debug	0.0,-93.00000000000001,0.3788888888888889
2025-02-16 15:22:55:142	Fenix:stateModels	debug	START, START, START, START, START, START, START, START, START, START
2025-02-16 15:22:55:143	Fenix:buttonPresses	debug	0.0
2025-02-16 15:22:55:172	Fenix:drivetrain	debug	0.0,-0.0,-0.0,-0.0,3.0,3.0,7.0,3.0
2025-02-16 15:22:55:182	Fenix:arm	debug	-0.024576109232769833,13.00000238416429,1.0,1961.0,0.03343810606567244,1.0,539.0
2025-02-16 15:22:55:184	Fenix:endEffector	debug	0.0,-93.00000000000001,0.3788888888888889
2025-02-16 15:22:55:186	Fenix:stateModels	debug	START, START, START, START, START, START, START, START, START, START
2025-02-16 15:22:55:188	Fenix:buttonPresses	debug	0.0
2025-02-16 15:22:55:215	Fenix:drivetrain	debug	0.0,-0.0,-0.0,-0.0,3.0,3.0,3.0,3.0
2025-02-16 15:22:55:226	Fenix:arm	debug	-0.024576109232769833,13.00000238416429,1.0,1964.0,0.03343810606567244,1.0,535.0
2025-02-16 15:22:55:228	Fenix:endEffector	debug	0.0,-93.00000000000001,0.3788888888888889
2025-02-16 15:22:55:229	Fenix:stateModels	debug	START, START, START, START, START, START, START, START, START, START
2025-02-16 15:22:55:231	Fenix:buttonPresses	debug	0.0
2025-02-16 15:22:55:257	Fenix:drivetrain	debug	0.0,-0.0,-0.0,-0.0,0.0,0.0,3.0,7.0
2025-02-16 15:22:55:269	Fenix:arm	debug	-0.024576109232769833,13.00000238416429,1.0,1961.0,0.03343810606567244,1.0,539.0
2025-02-16 15:22:55:272	Fenix:endEffector	debug	0.0,-93.00000000000001,0.3788888888888889
2025-02-16 15:22:55:274	Fenix:stateModels	debug	START, START, START, START, START, START, START, START, START, START
2025-02-16 15:22:55:276	Fenix:buttonPresses	debug	0.0
2025-02-16 15:22:55:303	Fenix:drivetrain	debug	0.0,-0.0,-0.0,-0.0,3.0,3.0,3.0,3.0
2025-02-16 15:22:55:315	Fenix:arm	debug	-0.024576109232769833,13.00000238416429,1.0,1961.0,0.03343810606567244,1.0,535.0
2025-02-16 15:22:55:318	Fenix:endEffector	debug	0.0,-93.00000000000001,0.3788888888888889
2025-02-16 15:22:55:320	Fenix:stateModels	debug	START, START, START, START, START, START, START, START, START, START
2025-02-16 15:22:55:322	Fenix:buttonPresses	debug	0.0
2025-02-16 15:22:55:349	Fenix:drivetrain	debug	0.0,-0.0,-0.0,-0.0,3.0,3.0,3.0,3.0
2025-02-16 15:22:55:361	Fenix:arm	debug	-0.024576109232769833,13.00000238416429,1.0,1968.0,0.03343810606567244,1.0,535.0
2025-02-16 15:22:55:363	Fenix:endEffector	debug	0.0,-93.00000000000001,0.3788888888888889
2025-02-16 15:22:55:364	Fenix:stateModels	debug	START, START, START, START, START, START, START, START, START, START
2025-02-16 15:22:55:366	Fenix:buttonPresses	debug	0.0
2025-02-16 15:22:55:403	Fenix:drivetrain	debug	0.0,-0.0,-0.0,-0.0,3.0,3.0,3.0,3.0
2025-02-16 15:22:55:416	Fenix:arm	debug	-0.024576109232769833,13.00000238416429,1.0,1968.0,0.03343810606567244,1.0,535.0
2025-02-16 15:22:55:422	Fenix:endEffector	debug	0.0,-93.00000000000001,0.3788888888888889
2025-02-16 15:22:55:425	Fenix:stateModels	debug	START, START, START, START, START, START, START, START, START, START
2025-02-16 15:22:55:427	Fenix:buttonPresses	debug	0.0
2025-02-16 15:22:55:462	Fenix:drivetrain	debug	0.0,-0.0,-0.0,-0.0,3.0,3.0,3.0,3.0
2025-02-16 15:22:55:475	Fenix:arm	debug	-0.024576109232769833,13.00000238416429,1.0,2077.0,0.03343810606567244,1.0,535.0
2025-02-16 15:22:55:477	Fenix:endEffector	debug	0.0,-93.00000000000001,0.3788888888888889
2025-02-16 15:22:55:479	Fenix:stateModels	debug	START, START, START, START, START, START, START, START, START, START
2025-02-16 15:22:55:481	Fenix:buttonPresses	debug	0.0
2025-02-16 15:22:55:508	Fenix:drivetrain	debug	0.0,-0.0,-0.0,-0.0,3.0,3.0,3.0,3.0
2025-02-16 15:22:55:519	Fenix:arm	debug	-0.024576109232769833,13.00000238416429,1.0,2132.0,0.03343810606567244,1.0,535.0
2025-02-16 15:22:55:521	Fenix:endEffector	debug	0.0,-93.00000000000001,0.3788888888888889
2025-02-16 15:22:55:523	Fenix:stateModels	debug	START, START, START, START, START, START, START, START, START, START
2025-02-16 15:22:55:524	Fenix:buttonPresses	debug	0.0
2025-02-16 15:22:55:555	Fenix:drivetrain	debug	0.0,-0.0,-0.0,-0.0,3.0,0.0,3.0,3.0
2025-02-16 15:22:55:567	Fenix:arm	debug	-0.024576109232769833,13.00000238416429,1.0,2135.0,0.03343810606567244,1.0,539.0
2025-02-16 15:22:55:568	Fenix:endEffector	debug	0.0,-93.00000000000001,0.3788888888888889
2025-02-16 15:22:55:570	Fenix:stateModels	debug	START, START, START, START, START, START, START, START, START, START
2025-02-16 15:22:55:571	Fenix:buttonPresses	debug	0.0
2025-02-16 15:22:55:597	Fenix:drivetrain	debug	0.0,-0.0,-0.0,-0.0,0.0,3.0,3.0,0.0
2025-02-16 15:22:55:610	Fenix:arm	debug	-0.024576109232769833,13.00000238416429,1.0,2132.0,0.03343810606567244,1.0,539.0
2025-02-16 15:22:55:611	Fenix:endEffector	debug	0.0,-93.00000000000001,0.3788888888888889
2025-02-16 15:22:55:612	Fenix:stateModels	debug	START, START, START, START, START, START, START, START, START, START
2025-02-16 15:22:55:614	Fenix:buttonPresses	debug	0.0
2025-02-16 15:22:55:640	Fenix:drivetrain	debug	0.0,-0.0,-0.0,-0.0,0.0,0.0,3.0,3.0
2025-02-16 15:22:55:651	Fenix:arm	debug	-0.024576109232769833,13.00000238416429,1.0,2139.0,0.03343810606567244,1.0,601.0
2025-02-16 15:22:55:653	Fenix:endEffector	debug	0.0,-93.00000000000001,0.3788888888888889
2025-02-16 15:22:55:654	Fenix:stateModels	debug	START, START, START, START, START, START, START, START, START, START
2025-02-16 15:22:55:656	Fenix:buttonPresses	debug	0.0
2025-02-16 15:22:55:684	Fenix:drivetrain	debug	0.0,-0.0,-0.0,-0.0,3.0,0.0,3.0,3.0
2025-02-16 15:22:55:694	Fenix:arm	debug	-0.024576109232769833,13.00000238416429,1.0,2139.0,0.03343810606567244,1.0,645.0
2025-02-16 15:22:55:696	Fenix:endEffector	debug	0.0,-93.00000000000001,0.3788888888888889
2025-02-16 15:22:55:697	Fenix:stateModels	debug	START, START, START, START, START, START, START, START, START, START
2025-02-16 15:22:55:698	Fenix:buttonPresses	debug	0.0
2025-02-16 15:22:55:723	Fenix:drivetrain	debug	0.0,-0.0,-0.0,-0.0,0.0,0.0,3.0,0.0
2025-02-16 15:22:55:733	Fenix:arm	debug	-0.024576109232769833,13.00000238416429,1.0,2139.0,0.03343810606567244,1.0,652.0
2025-02-16 15:22:55:735	Fenix:endEffector	debug	0.0,-93.00000000000001,0.3788888888888889
2025-02-16 15:22:55:736	Fenix:stateModels	debug	START, START, START, START, START, START, START, START, START, START
2025-02-16 15:22:55:738	Fenix:buttonPresses	debug	0.0
2025-02-16 15:22:55:766	Fenix:drivetrain	debug	0.0,-0.0,-0.0,-0.0,3.0,0.0,3.0,7.0
2025-02-16 15:22:55:777	Fenix:arm	debug	-0.024576109232769833,13.00000238416429,1.0,2143.0,0.03343810606567244,1.0,656.0
2025-02-16 15:22:55:779	Fenix:endEffector	debug	0.0,-93.00000000000001,0.3788888888888889
2025-02-16 15:22:55:780	Fenix:stateModels	debug	START, START, START, START, START, START, START, START, START, START
2025-02-16 15:22:55:782	Fenix:buttonPresses	debug	0.0
2025-02-16 15:22:55:807	Fenix:drivetrain	debug	0.0,-0.0,-0.0,-0.0,0.0,0.0,3.0,3.0
2025-02-16 15:22:55:817	Fenix:arm	debug	-0.024576109232769833,13.00000238416429,1.0,2135.0,0.03343810606567244,1.0,663.0
2025-02-16 15:22:55:818	Fenix:endEffector	debug	0.0,-93.00000000000001,0.3788888888888889
2025-02-16 15:22:55:820	Fenix:stateModels	debug	START, START, START, START, START, START, START, START, START, START
2025-02-16 15:22:55:821	Fenix:buttonPresses	debug	0.0
2025-02-16 15:22:55:846	Fenix:drivetrain	debug	0.0,-0.0,-0.0,-0.0,0.0,0.0,3.0,3.0
2025-02-16 15:22:55:858	Fenix:arm	debug	-0.024576109232769833,13.00000238416429,1.0,2146.0,0.03343810606567244,1.0,667.0
2025-02-16 15:22:55:860	Fenix:endEffector	debug	0.0,-93.00000000000001,0.3788888888888889
2025-02-16 15:22:55:862	Fenix:stateModels	debug	START, START, START, START, START, START, START, START, START, START
2025-02-16 15:22:55:864	Fenix:buttonPresses	debug	0.0
2025-02-16 15:22:55:891	Fenix:drivetrain	debug	0.0,-0.0,-0.0,-0.0,3.0,3.0,3.0,3.0
2025-02-16 15:22:55:902	Fenix:arm	debug	-0.024576109232769833,13.00000238416429,1.0,2132.0,0.03343810606567244,1.0,674.0
2025-02-16 15:22:55:904	Fenix:endEffector	debug	0.0,-93.00000000000001,0.3788888888888889
2025-02-16 15:22:55:905	Fenix:stateModels	debug	START, START, START, START, START, START, START, START, START, START
2025-02-16 15:22:55:907	Fenix:buttonPresses	debug	0.0
2025-02-16 15:25:54:079	Fenix:updatePresets	debug	/sdcard/Download/TeleOpV5/PresetPositions.csv (No such file or directory)
2025-02-16 15:25:54:098	Fenix:PresetReading	debug	/sdcard/Download/teleop/PathConfiguration.csv (No such file or directory)
